timestamp,open,high,low,close,volume,close_time,quote_volume,trades,taker_buy_volume,taker_buy_quote_volume
1735760700000,94447.77000000,94823.75000000,94394.31000000,94742.42000000,151.12384000,1735760999999,14301791.19711920,20077,101.47125000,9602572.15961460,0
1735761000000,94742.43000000,94803.03000000,94600.19000000,94607.12000000,55.55136000,1735761299999,5261004.96724660,10551,26.22114000,2483637.05743070,0
1735761300000,94607.13000000,94658.04000000,94525.15000000,94627.07000000,94.79215000,1735761599999,8965531.04713520,7912,30.87356000,2920081.86073900,0
1735761600000,94627.08000000,94793.77000000,94627.07000000,94772.00000000,40.42484000,1735761899999,3828125.18951970,5113,22.41434000,2122808.71114360,0
1735761900000,94772.00000000,94785.09000000,94704.40000000,94718.05000000,37.67095000,1735762199999,3569008.94981680,4247,10.37739000,983106.81603960,0
1735762200000,94718.05000000,94725.16000000,94662.99000000,94696.79000000,24.22590000,1735762499999,2294107.94767270,3474,5.08186000,481207.90398660,0
1735762500000,94696.79000000,94836.00000000,94624.37000000,94624.38000000,69.12151000,1735762799999,6549623.40629190,6991,31.29579000,2965831.54226230,0
1735762800000,94624.37000000,94666.42000000,94579.83000000,94608.50000000,27.68055000,1735763099999,2619341.05597240,4292,8.79651000,832290.75142080,0
1735763100000,94608.51000000,94722.65000000,94608.50000000,94711.84000000,22.27581000,1735763399999,2108529.57867080,3428,10.70512000,1013316.30589190,0
1735763400000,94711.84000000,94797.17000000,94700.05000000,94708.00000000,38.88734000,1735763699999,3684581.85395900,6866,18.70459000,1772119.75868450,0
1735763700000,94708.00000000,94756.91000000,94644.15000000,94644.98000000,20.32473000,1735763999999,1924701.52699780,4275,6.74377000,638573.94389500,0
1735764000000,94644.98000000,94774.42000000,94644.97000000,94724.02000000,28.71454000,1735764299999,2719575.57445780,6199,16.17413000,1531761.35946680,0
1735764300000,94724.02000000,94847.98000000,94716.43000000,94847.98000000,32.40022000,1735764599999,3070510.70022820,7295,17.78685000,1685604.82596270,0
1735764600000,94847.97000000,94852.06000000,94785.05000000,94847.03000000,40.68282000,1735764899999,3858196.72926820,3886,31.68881000,3005249.13949650,0
1735764900000,94847.04000000,94852.70000000,94771.02000000,94786.23000000,42.01547000,1735765199999,3983803.97422130,3175,12.17529000,1154391.39342440,0
1735765200000,94786.23000000,94917.87000000,94781.08000000,94880.06000000,75.09573000,1735765499999,7125354.47774660,8285,53.36538000,5063437.81924480,0
1735765500000,94880.39000000,94880.39000000,94750.01000000,94750.01000000,36.17293000,1735765799999,3429379.61515380,5616,20.55077000,1948302.05773360,0
1735765800000,94750.01000000,94801.89000000,94687.87000000,94772.73000000,77.72744000,1735766099999,7364412.48988860,4465,47.52171000,4503187.69293380,0
1735766100000,94772.72000000,94824.32000000,94766.49000000,94780.14000000,19.84015000,1735766399999,1880694.52458480,5464,5.47956000,519401.22364820,0
1735766400000,94780.15000000,95151.15000000,94780.14000000,95065.69000000,154.16268000,1735766699999,14646245.31509970,16408,115.56451000,10977643.26586650,0
1735766700000,95065.69000000,95065.69000000,94936.49000000,94955.98000000,28.22752000,1735766999999,2681073.33787380,4536,11.94288000,1134119.63953230,0
1735767000000,94955.99000000,95000.00000000,94780.14000000,94833.36000000,35.71985000,1735767299999,3389524.16731580,8215,15.47008000,1467774.23194740,0
1735767300000,94833.36000000,94833.36000000,94734.57000000,94772.73000000,28.10509000,1735767599999,2663650.53652930,5704,7.23566000,685665.67672350,0
1735767600000,94772.73000000,94922.57000000,94772.72000000,94788.80000000,45.91701000,1735767899999,4354632.29537250,6644,18.56088000,1760035.55334540,0
1735767900000,94789.18000000,94873.91000000,94789.18000000,94845.85000000,33.09134000,1735768199999,3138179.64727230,6843,15.03051000,1425335.17195350,0
1735768200000,94845.86000000,94961.88000000,94844.00000000,94922.34000000,49.20107000,1735768499999,4669191.40196450,6505,30.28269000,2873719.13062430,0
1735768500000,94922.34000000,94984.85000000,94874.50000000,94978.48000000,53.55075000,1735768799999,5082900.79164250,6580,22.03422000,2091456.18251690,0
1735768800000,94978.48000000,94997.32000000,94856.62000000,94856.63000000,24.14982000,1735769099999,2292950.94749920,4601,7.52816000,714666.25055710,0
1735769100000,94856.63000000,94884.17000000,94685.81000000,94734.54000000,58.60335000,1735769399999,5553193.34150230,6973,17.78211000,1684973.84458580,0
1735769400000,94734.54000000,94848.02000000,94731.47000000,94836.01000000,45.72687000,1735769699999,4335560.48778040,4477,28.50459000,2702414.61334770,0
1735769700000,94836.01000000,94859.42000000,94766.08000000,94767.02000000,29.02528000,1735769999999,2751971.27228840,4380,10.18635000,965830.98044200,0
1735770000000,94767.02000000,94828.65000000,94767.01000000,94816.05000000,27.87686000,1735770299999,2642914.62074870,2980,11.81049000,1119620.93333490,0
1735770300000,94816.05000000,94824.82000000,94720.43000000,94735.50000000,30.88767000,1735770599999,2926855.69324020,3158,12.20285000,1156141.01435160,0
1735770600000,94735.49000000,94805.37000000,94735.49000000,94790.59000000,26.15648000,1735770899999,2479304.37996670,3146,13.59942000,1288985.97967830,0
1735770900000,94790.60000000,94850.00000000,94790.59000000,94833.41000000,47.22859000,1735771199999,4478511.37567190,4214,20.52874000,1946502.48842100,0
1735771200000,94833.40000000,94970.34000000,94830.50000000,94955.21000000,30.52800000,1735771499999,2896456.43981840,3539,15.09939000,1432560.53950010,0
1735771500000,94955.20000000,94955.21000000,94897.81000000,94897.82000000,11.22922000,1735771799999,1065790.14594730,2081,4.21003000,399572.29093030,0
1735771800000,94897.82000000,94897.82000000,94830.36000000,94893.06000000,22.40026000,1735772099999,2124933.37621710,3392,9.25878000,878208.61321680,0
1735772100000,94893.07000000,94908.98000000,94767.77000000,94802.98000000,55.96162000,1735772399999,5307911.02788840,6553,35.82358000,3397857.54713860,0
1735772400000,94802.99000000,94829.92000000,94666.30000000,94807.99000000,61.47648000,1735772699999,5823659.40039680,12208,25.37725000,2404269.87669900,0
1735772700000,94807.99000000,94952.29000000,94795.49000000,94888.01000000,35.13480000,1735772999999,3333545.31580680,5565,16.56323000,1571661.65701790,0
1735773000000,94888.01000000,94924.25000000,94826.71000000,94853.31000000,31.39134000,1735773299999,2978750.98161170,5321,13.56418000,1287160.89066190,0
1735773300000,94853.31000000,94853.31000000,94681.81000000,94700.01000000,28.53586000,1735773599999,2703887.05740660,6382,7.20986000,683039.89992530,0
1735773600000,94700.01000000,94720.10000000,94642.39000000,94642.40000000,57.30061000,1735773899999,5425448.17776140,4607,31.95761000,3025908.59530820,0
1735773900000,94642.39000000,94674.20000000,94600.00000000,94637.69000000,29.68262000,1735774199999,2809252.72368880,4840,8.62716000,816490.94711170,0
1735774200000,94637.69000000,94691.11000000,94613.47000000,94691.11000000,30.41808000,1735774499999,2879050.00578110,4550,17.21288000,1629144.05412690,0
1735774500000,94691.11000000,94691.11000000,94542.00000000,94623.99000000,39.95100000,1735774799999,3779940.27489020,6950,20.14709000,1906048.40707320,0
1735774800000,94623.99000000,94757.29000000,94623.99000000,94732.01000000,18.70048000,1735775099999,1770928.61756250,3758,10.04054000,950823.39127780,0
1735775100000,94732.01000000,94756.61000000,94642.93000000,94642.94000000,27.21850000,1735775399999,2578091.38028440,4590,8.89524000,842714.52661770,0
1735775400000,94642.93000000,94644.57000000,94592.26000000,94601.27000000,48.44934000,1735775699999,4583546.34606300,4591,27.42395000,2594280.39571580,0
1735775700000,94601.28000000,94665.22000000,94591.21000000,94591.79000000,28.64873000,1735775999999,2710846.78399560,4697,13.44111000,1271744.86503580,0
1735776000000,94591.78000000,94627.53000000,94469.79000000,94472.98000000,76.57087000,1735776299999,7238560.28610220,8189,15.24963000,1442053.60230800,0
1735776300000,94472.98000000,94586.60000000,94462.88000000,94564.01000000,40.16235000,1735776599999,3796577.32832800,7535,24.25540000,2292651.70035630,0
1735776600000,94564.01000000,94564.01000000,94466.16000000,94530.31000000,29.78798000,1735776899999,2815384.35832770,5629,12.21480000,1154455.53489440,0
1735776900000,94530.30000000,94590.90000000,94392.00000000,94468.08000000,49.12009000,1735777199999,4640959.46776610,10067,20.54422000,1941007.74998790,0
1735777200000,94468.08000000,94852.07000000,94428.00000000,94852.07000000,87.53976000,1735777499999,8280730.79415970,14471,50.12657000,4741647.91350920,0
1735777500000,94852.07000000,95200.00000000,94852.07000000,94928.71000000,216.39594000,1735777799999,20555942.26576240,28733,118.22755000,11231019.59033460,0
1735777800000,94928.71000000,95140.01000000,94724.00000000,95045.46000000,142.09637000,1735778099999,13494945.50850380,26421,69.17169000,6567185.63201910,0
1735778100000,95045.46000000,95166.67000000,94906.07000000,95111.52000000,149.54103000,1735778399999,14214327.63289840,19277,54.30518000,5161232.18588420,0
1735778400000,95111.54000000,95150.99000000,94977.27000000,95105.00000000,92.34687000,1735778699999,8780619.33619390,13986,44.80552000,4259929.60847730,0
1735778700000,95105.00000000,95372.00000000,94984.66000000,95320.20000000,171.23286000,1735778999999,16311372.56733360,19516,116.28156000,11076300.51135170,0
1735779000000,95320.20000000,95381.70000000,95239.22000000,95266.70000000,77.59907000,1735779299999,7395450.16494920,13050,32.48688000,3095925.92461940,0
1735779300000,95266.69000000,95300.58000000,95060.00000000,95128.59000000,49.37254000,1735779599999,4698311.40028200,11968,22.35735000,2127053.13379150,0
1735779600000,95128.59000000,95419.81000000,95116.01000000,95254.76000000,343.06146000,1735779899999,32689515.21761270,17682,208.99645000,19916253.01228550,0
1735779900000,95254.77000000,95516.00000000,95248.00000000,95392.01000000,149.65948000,1735780199999,14279568.22656400,16810,103.01760000,9827717.71849310,0
1735780200000,95392.01000000,95392.01000000,95262.14000000,95337.00000000,62.78553000,1735780499999,5985730.44236400,10938,34.24380000,3264445.31267170,0
1735780500000,95337.00000000,95418.41000000,95209.92000000,95238.64000000,85.22410000,1735780799999,8125583.99917460,14516,57.41381000,5474818.99529030,0
1735780800000,95238.64000000,95277.25000000,95020.00000000,95067.99000000,66.15071000,1735781099999,6293506.33695330,11983,23.88594000,2273126.51515650,0
1735781100000,95067.98000000,95166.67000000,95064.85000000,95081.09000000,42.23355000,1735781399999,4016993.78033370,5063,18.52041000,1761419.62271910,0
1735781400000,95081.08000000,95081.09000000,94699.69000000,94776.01000000,226.13384000,1735781699999,21443520.72977650,15179,106.34158000,10081945.52584110,0
1735781700000,94776.00000000,95015.16000000,94738.84000000,95015.15000000,65.57404000,1735781999999,6222313.31063610,10969,44.28885000,4202883.15631650,0
1735782000000,95015.15000000,95048.82000000,94968.05000000,94996.50000000,33.16988000,1735782299999,3151217.19260030,4939,19.18152000,1822224.91625900,0
1735782300000,94996.50000000,95001.36000000,94854.05000000,94903.90000000,28.52412000,1735782599999,2707412.36438710,5439,15.63373000,1483738.08241640,0
1735782600000,94903.90000000,94990.56000000,94896.00000000,94942.25000000,18.73637000,1735782899999,1778752.24122370,6041,10.80022000,1025295.48633350,0
1735782900000,94942.25000000,94957.42000000,94855.54000000,94862.72000000,22.11309000,1735783199999,2098406.76443450,3893,10.18120000,966170.60826510,0
1735783200000,94862.73000000,94882.16000000,94803.03000000,94871.99000000,27.42577000,1735783499999,2601453.84575370,6369,10.83052000,1027282.03877470,0
1735783500000,94872.00000000,95037.68000000,94860.98000000,95033.88000000,43.80352000,1735783799999,4160838.26465180,8927,29.27207000,2780580.31649450,0
1735783800000,95033.88000000,95124.10000000,95020.52000000,95020.53000000,20.00625000,1735784099999,1901813.55956240,5213,13.09936000,1245234.16038730,0
1735784100000,95020.53000000,95020.53000000,94840.00000000,94912.07000000,18.16579000,1735784399999,1724304.71260750,5417,9.26289000,879063.16608770,0
1735784400000,94912.07000000,95043.85000000,94912.06000000,94988.72000000,27.13010000,1735784699999,2577275.85330240,6599,14.63109000,1389889.51526340,0
1735784700000,94988.71000000,95136.37000000,94985.60000000,95026.52000000,100.92444000,1735784999999,9594053.43051540,6664,22.67836000,2155476.09796630,0
1735785000000,95026.51000000,95026.51000000,94829.00000000,94924.22000000,27.97722000,1735785299999,2655387.59801330,6637,12.52828000,1189028.59372930,0
1735785300000,94924.22000000,95124.00000000,94912.93000000,95074.76000000,51.57095000,1735785599999,4899792.72052070,7732,39.01537000,3706744.86853330,0
1735785600000,95074.77000000,95112.34000000,95027.00000000,95027.01000000,33.53336000,1735785899999,3188193.77279490,4538,7.48953000,711996.24625230,0
1735785900000,95027.00000000,95152.00000000,95027.00000000,95072.00000000,49.78553000,1735786199999,4734434.58968460,5274,26.40874000,2511107.52110830,0
1735786200000,95071.14000000,95152.00000000,95071.13000000,95147.40000000,18.15673000,1735786499999,1727248.49015110,3386,8.09836000,770344.58488210,0
1735786500000,95147.40000000,95234.37000000,95130.07000000,95234.36000000,37.17034000,1735786799999,3537361.19229530,5040,28.22022000,2685629.32368970,0
1735786800000,95234.37000000,95299.24000000,95104.00000000,95136.66000000,64.28702000,1735787099999,6119015.32641200,8866,30.76301000,2927423.87432260,0
1735787100000,95136.67000000,95136.67000000,94999.98000000,94999.99000000,28.84088000,1735787399999,2741201.75274920,5022,7.82135000,743365.52462840,0
1735787400000,94999.98000000,95016.50000000,94960.36000000,95005.10000000,14.53591000,1735787699999,1380831.17223460,3080,7.13888000,678129.08636810,0
1735787700000,95005.10000000,95124.75000000,95005.09000000,95064.29000000,48.21660000,1735787999999,4583788.77253020,5375,32.81604000,3119717.39061390,0
1735788000000,95064.29000000,95151.00000000,95064.28000000,95097.81000000,11.62820000,1735788299999,1105953.24763260,3514,6.72104000,639209.24097450,0
1735788300000,95097.81000000,95123.97000000,95075.76000000,95075.77000000,11.32308000,1735788599999,1076725.15237080,2407,6.39860000,608436.34939270,0
1735788600000,95075.77000000,95093.83000000,94967.46000000,94967.47000000,21.22827000,1735788899999,2017505.43384770,3706,7.92477000,753258.12094160,0
1735788900000,94967.46000000,95010.78000000,94952.00000000,94952.00000000,13.95705000,1735789199999,1325628.03082650,2225,8.19893000,778707.16176740,0
1735789200000,94952.01000000,95002.48000000,94922.26000000,94922.26000000,16.37142000,1735789499999,1554832.24397970,3487,8.14583000,773626.62737980,0
1735789500000,94922.26000000,94964.00000000,94913.75000000,94936.25000000,29.63414000,1735789799999,2813673.00404610,4534,10.24432000,972535.34024570,0
1735789800000,94936.24000000,95009.53000000,94927.07000000,95009.53000000,16.41366000,1735790099999,1558864.55027610,3612,9.59271000,911023.93932690,0
1735790100000,95009.52000000,95017.46000000,95000.01000000,95010.33000000,13.84963000,1735790399999,1315850.05602840,1733,6.07825000,577489.91327390,0
1735790400000,95010.34000000,95193.16000000,95010.33000000,95018.12000000,66.47232000,1735790699999,6321082.00609330,8744,31.94852000,3037899.20703750,0
1735790700000,95018.12000000,95185.18000000,94984.84000000,95163.45000000,37.33515000,1735790999999,3550066.20552070,4763,19.79846000,1882776.63776830,0
1735791000000,95163.45000000,95273.45000000,95140.00000000,95157.15000000,65.35590000,1735791299999,6222326.89593590,6329,25.37021000,2415517.91277840,0
1735791300000,95157.15000000,95206.78000000,95099.98000000,95113.26000000,22.90655000,1735791599999,2179510.91071490,3309,10.09486000,960587.47932230,0
1735791600000,95113.25000000,95136.37000000,95045.83000000,95123.57000000,24.34183000,1735791899999,2314957.27111220,3443,9.31212000,885685.20059570,0
1735791900000,95123.57000000,95186.00000000,95123.57000000,95173.88000000,17.83547000,1735792199999,1697245.51486980,2588,11.46899000,1091336.61853070,0
1735792200000,95173.87000000,95375.82000000,95173.87000000,95312.78000000,34.44872000,1735792499999,3282909.92036940,7200,23.65004000,2253837.41246120,0
1735792500000,95312.78000000,95768.79000000,95312.78000000,95732.00000000,271.13263000,1735792799999,25917244.65772120,22894,196.78591000,18810376.23960180,0
1735792800000,95732.00000000,95970.00000000,95705.38000000,95812.79000000,168.12164000,1735793099999,16117886.99683550,18587,85.94639000,8237964.71617150,0
1735793100000,95812.79000000,96000.00000000,95812.78000000,95917.65000000,110.74826000,1735793399999,10625194.94548490,13869,67.56074000,6482217.62826240,0
1735793400000,95917.65000000,95993.11000000,95726.52000000,95788.66000000,72.90411000,1735793699999,6987203.70114720,13012,35.42448000,3394992.22386260,0
1735793700000,95788.66000000,95800.90000000,95670.69000000,95708.07000000,34.01661000,1735793999999,3256685.38524180,5861,11.28723000,1080440.27820860,0
1735794000000,95708.07000000,95729.01000000,95520.00000000,95524.74000000,48.65812000,1735794299999,4651937.19696940,10063,19.50983000,1864991.54246740,0
1735794300000,95524.75000000,95529.03000000,95446.90000000,95483.11000000,80.58055000,1735794599999,7694244.47008230,10781,34.50530000,3294406.39173170,0
1735794600000,95483.11000000,95555.25000000,95464.09000000,95470.01000000,35.50622000,1735794899999,3390647.60669370,6496,15.54940000,1485002.71934050,0
1735794900000,95470.01000000,95600.00000000,95395.21000000,95588.50000000,71.81887000,1735795199999,6859316.07860170,9545,53.18916000,5080000.76412310,0
1735795200000,95588.50000000,95688.99000000,95564.17000000,95617.08000000,121.18771000,1735795499999,11584830.66338860,7927,89.28570000,8534529.35549030,0
1735795500000,95617.07000000,95800.00000000,95617.07000000,95760.99000000,156.40798000,1735795799999,14972994.30508870,6470,93.02162000,8902848.29630820,0
1735795800000,95760.98000000,95760.99000000,95686.04000000,95702.00000000,21.46428000,1735796099999,2054590.19547070,4355,11.75107000,1124806.10660350,0
1735796100000,95702.01000000,95755.93000000,95702.00000000,95742.43000000,28.18074000,1735796399999,2697970.29847650,3581,8.93156000,854982.26675150,0
1735796400000,95742.43000000,95772.73000000,95716.00000000,95772.72000000,15.87879000,1735796699999,1520252.92998080,2812,8.01561000,767419.41771550,0
1735796700000,95772.73000000,95775.37000000,95664.00000000,95695.99000000,21.94243000,1735796999999,2100469.39803510,4882,7.52310000,720051.57871220,0
1735797000000,95695.99000000,95700.88000000,95508.11000000,95644.36000000,72.41484000,1735797299999,6920492.65483040,6495,16.57412000,1584511.92458180,0
1735797300000,95644.36000000,95656.04000000,95548.70000000,95596.48000000,28.07668000,1735797599999,2683779.79421120,5816,9.56760000,914535.93828600,0
1735797600000,95596.48000000,95677.08000000,95547.63000000,95668.01000000,39.30247000,1735797899999,3757576.20766390,7856,24.54114000,2346412.14365820,0
1735797900000,95668.02000000,95697.01000000,95500.00000000,95513.24000000,30.22069000,1735798199999,2888784.93177990,4793,17.89553000,1710563.15224460,0
1735798200000,95513.24000000,95557.46000000,95477.00000000,95531.25000000,20.30376000,1735798499999,1939302.55234700,4905,11.89284000,1135880.17255690,0
1735798500000,95531.25000000,95531.26000000,95422.43000000,95444.99000000,26.43854000,1735798799999,2523607.81735090,5472,15.24655000,1455161.09368670,0
1735798800000,95444.99000000,95486.27000000,95380.04000000,95459.83000000,57.06819000,1735799099999,5446026.41534510,5431,29.11539000,2778536.45227170,0
1735799100000,95459.83000000,95515.95000000,95459.82000000,95460.00000000,18.19341000,1735799399999,1737331.83820830,4265,8.27749000,790412.37285190,0
1735799400000,95460.00000000,95498.21000000,95384.57000000,95487.15000000,208.29346000,1735799699999,19876808.71031870,6852,136.10250000,12987478.26525240,0
1735799700000,95487.15000000,95593.92000000,95467.46000000,95561.25000000,26.41229000,1735799999999,2523211.55543270,6048,19.37257000,1850719.93621530,0
1735800000000,95561.26000000,95581.75000000,95518.56000000,95530.30000000,16.57310000,1735800299999,1583573.79693990,2705,5.07247000,484670.13898420,0
1735800300000,95530.31000000,95560.61000000,95469.07000000,95469.07000000,19.83345000,1735800599999,1894505.08520680,3328,8.71400000,832313.74702520,0
1735800600000,95469.07000000,95543.79000000,95469.07000000,95506.34000000,31.73089000,1735800899999,3030545.93468890,3334,15.03871000,1436209.20434210,0
1735800900000,95506.34000000,95594.15000000,95506.33000000,95574.99000000,23.09747000,1735801199999,2207174.33378320,4257,7.70220000,735968.14988790,0
1735801200000,95575.00000000,95640.82000000,95527.85000000,95530.30000000,26.51594000,1735801499999,2534433.23883160,5341,14.26682000,1363681.23278040,0
1735801500000,95530.30000000,95678.19000000,95505.35000000,95678.19000000,26.55430000,1735801799999,2538776.22696660,6507,18.30326000,1749874.15039330,0
1735801800000,95678.19000000,95749.58000000,95659.44000000,95699.98000000,27.67014000,1735802099999,2647922.23567680,4719,18.68495000,1788095.95136670,0
1735802100000,95699.98000000,95759.98000000,95657.91000000,95728.10000000,43.86542000,1735802399999,4199170.68650480,4522,18.42627000,1763914.58846420,0
1735802400000,95728.10000000,95836.00000000,95718.52000000,95836.00000000,35.66017000,1735802699999,3415322.35262950,3510,25.81549000,2472449.41784750,0
1735802700000,95836.00000000,95836.00000000,95773.30000000,95773.30000000,49.99643000,1735802999999,4789697.77178330,3399,25.72491000,2464318.56808430,0
1735803000000,95773.30000000,95833.34000000,95736.48000000,95825.28000000,24.90746000,1735803299999,2386059.91494370,3346,9.98251000,956141.10773050,0
1735803300000,95825.28000000,95880.00000000,95800.06000000,95865.11000000,37.07212000,1735803599999,3553164.91217880,3371,22.94260000,2198850.53090210,0
1735803600000,95865.11000000,95876.00000000,95820.00000000,95840.00000000,22.17661000,1735803899999,2125734.32739750,3640,9.09524000,871760.38619310,0
1735803900000,95839.99000000,95840.00000000,95757.62000000,95799.49000000,28.59184000,1735804199999,2738764.82175960,5014,12.42792000,1190376.03027490,0
1735804200000,95799.49000000,95828.96000000,95692.46000000,95745.00000000,53.81603000,1735804499999,5152843.31719850,5067,21.48636000,2057023.11853330,0
1735804500000,95745.00000000,95850.49000000,95744.99000000,95822.00000000,75.80127000,1735804799999,7262824.76827230,5028,52.27345000,5008211.76046650,0
1735804800000,95822.01000000,95893.94000000,95822.01000000,95893.94000000,53.66689000,1735805099999,5144437.77747010,5352,40.13242000,3847032.52799870,0
1735805100000,95893.94000000,95934.97000000,95834.50000000,95890.86000000,57.36044000,1735805399999,5499283.56653840,4934,22.09473000,2118080.18937790,0
1735805400000,95890.86000000,96050.03000000,95875.17000000,95963.58000000,111.46982000,1735805699999,10699814.58317780,9961,83.05311000,7972463.82240310,0
1735805700000,95963.58000000,95982.87000000,95829.21000000,95845.60000000,97.42343000,1735805999999,9340836.96772490,8460,69.75380000,6687514.82650930,0
1735806000000,95845.60000000,95845.60000000,95693.56000000,95693.56000000,64.39363000,1735806299999,6167692.82265150,5833,17.27930000,1654831.91896390,0
1735806300000,95693.55000000,95749.38000000,95650.78000000,95721.42000000,31.38595000,1735806599999,3003750.34779000,7375,11.54587000,1104939.94529750,0
1735806600000,95721.43000000,95795.50000000,95640.05000000,95783.93000000,34.85375000,1735806899999,3336082.21561670,6813,20.41614000,1954113.72642750,0
1735806900000,95783.93000000,95791.67000000,95752.00000000,95784.29000000,16.75703000,1735807199999,1604902.36057060,3379,6.51689000,624137.54010600,0
1735807200000,95784.28000000,95944.32000000,95784.28000000,95944.31000000,53.87475000,1735807499999,5167048.13817170,7083,26.65963000,2556395.76932370,0
1735807500000,95944.31000000,96036.98000000,95924.24000000,96015.16000000,31.68622000,1735807799999,3040848.78455370,5368,20.72864000,1989244.02753100,0
1735807800000,96015.16000000,96150.00000000,95967.79000000,96150.00000000,91.72371000,1735808099999,8810206.72968640,9704,56.20556000,5399499.65358080,0
1735808100000,96149.99000000,96211.54000000,96090.15000000,96150.00000000,200.16601000,1735808399999,19249094.22708520,10546,74.35035000,7149344.64571040,0
1735808400000,96150.00000000,96197.50000000,96036.86000000,96197.49000000,138.77210000,1735808699999,13338540.54946330,9124,28.83074000,2770989.39487610,0
1735808700000,96197.50000000,96241.60000000,96125.19000000,96137.71000000,47.02432000,1735808999999,4522530.56147960,7921,27.17476000,2613539.41724520,0
1735809000000,96137.72000000,96226.53000000,96137.71000000,96199.96000000,42.52257000,1735809299999,4090026.29825840,4450,20.91185000,2011207.34681040,0
1735809300000,96199.95000000,96435.67000000,96199.95000000,96379.49000000,120.59727000,1735809599999,11616025.05281520,14471,76.98031000,7413991.55571880,0
1735809600000,96379.48000000,96432.51000000,96302.00000000,96413.61000000,43.75467000,1735809899999,4217077.71813460,7814,25.98332000,2504453.18344080,0
1735809900000,96413.17000000,96430.27000000,96335.82000000,96393.50000000,73.80940000,1735810199999,7113729.14774150,6158,35.05275000,3378223.18043200,0
1735810200000,96393.51000000,96489.58000000,96342.00000000,96484.57000000,40.03532000,1735810499999,3859921.69527870,8593,25.51778000,2460205.92241890,0
1735810500000,96484.56000000,96490.47000000,96382.00000000,96410.23000000,40.66415000,1735810799999,3922144.62419150,6963,14.13646000,1363479.66674470,0
1735810800000,96410.22000000,96410.23000000,96350.00000000,96350.00000000,34.82619000,1735811099999,3356734.25621270,5144,10.29035000,991836.19110580,0
1735811100000,96350.00000000,96374.18000000,96287.87000000,96345.25000000,93.65855000,1735811399999,9021023.87257250,8244,33.48626000,3225136.45050140,0
1735811400000,96345.26000000,96564.76000000,96345.26000000,96532.70000000,84.41415000,1735811699999,8144629.88879610,9805,56.73935000,5474444.61004270,0
1735811700000,96532.70000000,96799.86000000,96522.73000000,96755.51000000,215.94659000,1735811999999,20874842.65543670,19471,113.71537000,10992060.92449510,0
1735812000000,96755.51000000,96808.37000000,96640.25000000,96654.59000000,135.23183000,1735812299999,13079115.53142120,15929,43.20927000,4179002.74714550,0
1735812300000,96654.33000000,96700.00000000,96578.03000000,96627.36000000,79.62259000,1735812599999,7695481.46983580,8246,49.64100000,4798477.39571690,0
1735812600000,96627.35000000,96690.00000000,96563.77000000,96606.14000000,85.04989000,1735812899999,8220540.67416540,6562,48.31205000,4670329.03945800,0
1735812900000,96606.14000000,96695.00000000,96603.43000000,96695.00000000,104.57358000,1735813199999,10108352.83388730,6502,55.27936000,5344096.25912350,0
1735813200000,96695.00000000,96747.00000000,96657.00000000,96686.73000000,79.97973000,1735813499999,7734920.41656900,5205,41.89419000,4051279.27971310,0
1735813500000,96686.72000000,96778.85000000,96677.04000000,96697.95000000,56.91774000,1735813799999,5504690.18035680,5529,26.29570000,2543030.76734650,0
1735813800000,96697.95000000,96743.08000000,96600.00000000,96742.02000000,38.70097000,1735814099999,3741593.73329370,7060,20.21139000,1954134.43801990,0
1735814100000,96742.02000000,96764.02000000,96610.70000000,96689.83000000,49.57579000,1735814399999,4792998.93639330,6909,21.93861000,2120992.97880640,0
1735814400000,96689.83000000,96689.84000000,96590.36000000,96610.39000000,49.23803000,1735814699999,4758354.29269400,4566,18.41940000,1780120.53478160,0
1735814700000,96610.39000000,96684.95000000,96567.73000000,96604.17000000,51.78462000,1735814999999,5003582.89542460,7405,17.77387000,1717361.66949180,0
1735815000000,96604.18000000,96614.99000000,96538.77000000,96594.69000000,37.02133000,1735815299999,3575616.78932350,5425,14.20719000,1372140.75387480,0
1735815300000,96594.70000000,96722.23000000,96594.69000000,96708.00000000,59.05076000,1735815599999,5709188.74558620,5354,36.75087000,3553105.00378790,0
1735815600000,96708.00000000,96727.65000000,96646.60000000,96692.34000000,50.53061000,1735815899999,4885778.83935290,4200,18.88578000,1826142.52477130,0
1735815900000,96692.34000000,96876.38000000,96666.94000000,96833.61000000,57.00836000,1735816199999,5517945.43899410,8594,32.65281000,3160363.00890920,0
1735816200000,96833.60000000,96853.59000000,96719.01000000,96759.98000000,48.99899000,1735816499999,4743302.69090120,5296,26.45058000,2560641.55322240,0
1735816500000,96759.99000000,96760.00000000,96655.41000000,96702.01000000,47.96613000,1735816799999,4638655.06348120,5210,20.20234000,1953576.95073170,0
1735816800000,96702.01000000,96702.01000000,96477.19000000,96490.84000000,94.12482000,1735817099999,9090865.83051930,8102,38.02040000,3672316.13408110,0
1735817100000,96490.83000000,96634.61000000,96469.46000000,96556.16000000,65.68325000,1735817399999,6340774.33656860,6173,34.52665000,3332766.91643450,0
1735817400000,96556.16000000,96629.29000000,96550.69000000,96586.01000000,38.35944000,1735817699999,3705012.41389270,6070,18.03352000,1741722.63789200,0
1735817700000,96586.01000000,96702.70000000,96586.00000000,96702.69000000,27.56538000,1735817999999,2664188.65436720,4140,11.11076000,1073744.13976500,0
1735818000000,96702.69000000,96727.27000000,96662.64000000,96691.90000000,33.46799000,1735818299999,3236182.24283940,4177,10.99970000,1063630.56585420,0
1735818300000,96691.91000000,96789.47000000,96666.68000000,96754.34000000,24.05193000,1735818599999,2326934.95209990,4730,10.79642000,1044544.95185450,0
1735818600000,96754.34000000,96754.34000000,96608.35000000,96643.13000000,21.94568000,1735818899999,2121343.85078250,4373,6.77577000,654971.24287180,0
1735818900000,96643.13000000,96740.00000000,96643.13000000,96732.99000000,23.96116000,1735819199999,2316928.91326200,3304,14.72981000,1424208.35439180,0
1735819200000,96733.00000000,96792.28000000,96733.00000000,96787.88000000,60.89281000,1735819499999,5892115.12748900,4628,36.48116000,3529702.70356940,0
1735819500000,96787.88000000,96789.63000000,96682.69000000,96727.99000000,60.92371000,1735819799999,5893466.99965530,4952,33.42020000,3232516.15153380,0
1735819800000,96727.99000000,96863.92000000,96704.00000000,96806.26000000,48.74850000,1735820099999,4719217.84788590,6654,31.70319000,3069070.17086090,0
1735820100000,96806.27000000,96895.00000000,96788.20000000,96887.27000000,47.84498000,1735820399999,4633621.59871380,8121,23.80230000,2305334.23648050,0
1735820400000,96887.28000000,96887.28000000,96609.42000000,96660.01000000,96.52069000,1735820699999,9334950.05309790,9265,19.58817000,1894250.10554570,0
1735820700000,96660.02000000,96754.73000000,96643.89000000,96754.72000000,45.09530000,1735820999999,4360244.55686360,5923,18.74902000,1812708.53488710,0
1735821000000,96754.72000000,96817.25000000,96611.00000000,96660.00000000,64.17502000,1735821299999,6206381.84058630,8967,29.30712000,2835142.55282470,0
1735821300000,96660.01000000,96717.45000000,96638.46000000,96688.37000000,31.85775000,1735821599999,3080251.31763960,5482,8.50115000,821871.93440010,0
1735821600000,96688.36000000,96715.50000000,96666.65000000,96672.01000000,31.29632000,1735821899999,3026208.88131440,3653,12.34487000,1193629.28214850,0
1735821900000,96672.00000000,96857.14000000,96672.00000000,96819.39000000,67.73620000,1735822199999,6556362.07884330,8579,40.53937000,3923592.84157330,0
1735822200000,96819.40000000,96839.27000000,96774.74000000,96821.16000000,63.16743000,1735822499999,6115707.43575860,5121,24.38700000,2360862.34310760,0
1735822500000,96821.16000000,96865.05000000,96816.91000000,96850.01000000,59.04639000,1735822799999,5718360.51806660,4295,20.74913000,2009404.15643040,0
1735822800000,96850.01000000,96900.00000000,96763.96000000,96816.54000000,54.44155000,1735823099999,5271420.18763570,7844,26.94816000,2609445.25012470,0
1735823100000,96816.54000000,96865.79000000,96796.16000000,96863.94000000,41.68396000,1735823399999,4036636.40530270,5864,24.96866000,2417917.43331090,0
1735823400000,96863.94000000,96988.05000000,96744.74000000,96764.52000000,118.24633000,1735823699999,11453811.88517390,9118,76.37180000,7398505.54771670,0
1735823700000,96764.52000000,96871.28000000,96630.00000000,96714.63000000,193.03027000,1735823999999,18669345.74174710,9561,86.03275000,8319859.18623040,0
1735824000000,96714.62000000,96714.63000000,96640.19000000,96702.94000000,63.23006000,1735824299999,6113051.47863630,5711,25.32324000,2448040.88535100,0
1735824300000,96702.94000000,96831.45000000,96702.94000000,96763.60000000,43.51132000,1735824599999,4211290.12143410,5123,15.65952000,1515480.77457580,0
1735824600000,96763.61000000,96794.97000000,96655.99000000,96697.34000000,74.91858000,1735824899999,7246645.52376410,10549,24.47411000,2366947.76179950,0
1735824900000,96697.33000000,96759.78000000,96597.15000000,96667.69000000,53.87660000,1735825199999,5207952.47131400,9530,21.02792000,2032663.98528040,0
1735825200000,96667.68000000,96718.70000000,96636.95000000,96668.00000000,53.83295000,1735825499999,5204444.67396870,7883,21.21129000,2050381.24202170,0
1735825500000,96668.00000000,96673.17000000,96482.41000000,96577.51000000,78.96949000,1735825799999,7624429.53857790,9867,22.68663000,2190142.89015980,0
1735825800000,96577.50000000,96644.00000000,96436.00000000,96442.44000000,91.70788000,1735826099999,8853408.34298340,9857,29.19994000,2818853.29796950,0
1735826100000,96442.44000000,96480.70000000,96436.00000000,96458.17000000,35.82548000,1735826399999,3455672.86795430,4867,13.95660000,1346211.44248750,0
1735826400000,96458.17000000,96458.83000000,95924.60000000,96000.00000000,294.50758000,1735826699999,28326576.93000350,33320,120.02660000,11542775.18643180,0
1735826700000,95999.99000000,96444.32000000,95998.21000000,96425.51000000,167.76108000,1735826999999,16149420.57492490,24163,106.67557000,10270416.42693820,0
1735827000000,96425.52000000,96452.00000000,96240.76000000,96368.06000000,92.78456000,1735827299999,8938079.34658650,14339,35.87866000,3456316.43193530,0
1735827300000,96368.06000000,96452.00000000,96144.01000000,96199.98000000,70.53889000,1735827599999,6791732.11774030,14192,23.34275000,2248031.88706750,0
1735827600000,96199.98000000,96359.98000000,96158.22000000,96353.63000000,54.00556000,1735827899999,5198183.88488990,9744,30.45129000,2930982.49841670,0
1735827900000,96353.63000000,96491.15000000,96353.28000000,96474.83000000,75.94856000,1735828199999,7324256.87702800,7505,54.07816000,5215277.69509410,0
1735828200000,96474.83000000,97440.91000000,96361.44000000,96668.00000000,717.63763000,1735828499999,69582134.21142380,69972,398.19678000,38614212.05193510,0
1735828500000,96667.99000000,96729.56000000,96267.45000000,96306.18000000,342.01501000,1735828799999,32984152.66804470,48475,167.95779000,16197017.09756420,0
1735828800000,96306.17000000,96919.10000000,96274.53000000,96812.44000000,225.14173000,1735829099999,21765371.19680960,30938,107.96876000,10435259.04981290,0
1735829100000,96812.99000000,97237.85000000,96809.97000000,97131.00000000,374.48877000,1735829399999,36359302.83578030,35808,183.69824000,17834359.87997030,0
1735829400000,97140.00000000,97360.88000000,96880.01000000,97340.00000000,298.01528000,1735829699999,28950530.17747510,36362,169.59192000,16476100.89658650,0
1735829700000,97339.99000000,97340.00000000,97067.30000000,97256.49000000,294.25991000,1735829999999,28600900.30560270,27649,147.06654000,14297059.63170190,0
1735830000000,97256.48000000,97323.16000000,96960.00000000,97136.94000000,234.04008000,1735830299999,22726139.00348310,31426,78.31903000,7605364.26231960,0
1735830300000,97136.94000000,97286.58000000,97017.25000000,97140.48000000,157.14173000,1735830599999,15266727.43379740,26927,84.13540000,8174448.21385680,0
1735830600000,97140.47000000,97246.48000000,97007.05000000,97034.78000000,153.26155000,1735830899999,14881355.67326340,26150,62.91931000,6109474.11324620,0
1735830900000,97034.07000000,97104.00000000,96678.70000000,96690.81000000,167.89580000,1735831199999,16275080.80926810,32086,62.40919000,6049807.04775430,0
1735831200000,96690.82000000,96725.51000000,96313.00000000,96424.83000000,236.23348000,1735831499999,22791902.74097470,38332,116.29306000,11218406.40624860,0
1735831500000,96424.70000000,96678.27000000,96400.00000000,96666.85000000,112.63398000,1735831799999,10876016.82281320,27034,61.49750000,5938014.24345210,0
1735831800000,96666.85000000,96744.82000000,96351.52000000,96362.40000000,225.89896000,1735832099999,21791903.64983910,29190,86.38733000,8334391.77364840,0
1735832100000,96362.40000000,96480.00000000,96164.78000000,96429.15000000,230.55006000,1735832399999,22207274.08364510,34174,109.73770000,10568820.44653900,0
1735832400000,96429.15000000,96533.07000000,96201.92000000,96346.24000000,117.03714000,1735832699999,11276350.36612510,27683,56.59163000,5450884.28053220,0
1735832700000,96346.23000000,96639.66000000,96207.07000000,96587.30000000,116.55333000,1735832999999,11231121.70335100,18694,43.10964000,4155224.06920550,0
1735833000000,96587.30000000,96587.30000000,96288.00000000,96528.82000000,134.47736000,1735833299999,12978760.92274990,24798,75.96286000,7332016.19143190,0
1735833300000,96528.81000000,96539.99000000,96419.74000000,96455.01000000,121.32353000,1735833599999,11708710.31921690,17886,66.67919000,6435564.20190090,0
1735833600000,96455.01000000,96524.68000000,96040.04000000,96130.75000000,174.24420000,1735833899999,16788909.98451110,26410,97.51438000,9400053.16137040,0
1735833900000,96130.75000000,96393.94000000,96096.98000000,96376.75000000,115.90686000,1735834199999,11157702.78320880,19336,79.35349000,7638819.75008670,0
1735834200000,96376.75000000,96721.23000000,96252.35000000,96652.57000000,121.62220000,1735834499999,11729472.29550780,20460,84.61894000,8161796.17106020,0
1735834500000,96652.56000000,97015.38000000,96652.56000000,96971.29000000,167.69826000,1735834799999,16252986.14516560,25695,71.87357000,6964354.74504120,0
1735834800000,96971.30000000,97218.93000000,96925.60000000,97218.92000000,183.39056000,1735835099999,17797765.20844550,34264,96.97083000,9410614.14826090,0
1735835100000,97218.92000000,97387.15000000,97170.08000000,97387.15000000,155.17236000,1735835399999,15099366.32754270,30175,79.07685000,7694737.43281550,0
1735835400000,97387.14000000,97550.00000000,97246.88000000,97533.54000000,173.02411000,1735835699999,16848668.82205810,36010,97.53378000,9498276.28247890,0
1735835700000,97533.54000000,97600.00000000,97475.80000000,97563.44000000,122.92290000,1735835999999,11990113.16884780,24292,62.01304000,6048919.39085210,0
1735836000000,97563.44000000,97600.00000000,97295.11000000,97438.33000000,179.45534000,1735836299999,17481042.16680770,28371,88.93688000,8663024.48502780,0
1735836300000,97438.34000000,97650.00000000,97342.00000000,97614.93000000,116.13046000,1735836599999,11321354.41021050,24484,70.22485000,6847299.43802770,0
1735836600000,97614.93000000,97619.42000000,97152.89000000,97220.00000000,147.26258000,1735836899999,14340721.83680370,31629,51.96071000,5060505.32849580,0
1735836900000,97220.00000000,97299.34000000,97181.94000000,97229.74000000,68.20007000,1735837199999,6630722.17386710,17046,31.16019000,3029471.94441760,0
1735837200000,97229.75000000,97320.64000000,97101.19000000,97320.64000000,56.69878000,1735837499999,5510581.91830260,23315,26.51492000,2577034.77624710,0
1735837500000,97321.50000000,97333.34000000,97150.30000000,97218.37000000,41.16661000,1735837799999,4002760.48339800,18786,17.58373000,1709602.85038590,0
1735837800000,97218.38000000,97591.84000000,97218.37000000,97546.33000000,99.00612000,1735838099999,9652413.09511910,26840,65.18188000,6354773.31411330,0
1735838100000,97546.33000000,97554.34000000,97426.00000000,97518.29000000,62.31443000,1735838399999,6074973.06871350,16453,25.19328000,2456035.94107140,0
1735838400000,97518.29000000,97518.29000000,97266.00000000,97297.95000000,77.25915000,1735838699999,7523899.95021200,20930,35.71249000,3478216.48438760,0
1735838700000,97297.95000000,97338.20000000,97033.95000000,97084.41000000,148.03278000,1735838999999,14384676.50294550,22157,27.66943000,2689210.63675760,0
1735839000000,97084.41000000,97099.46000000,96761.59000000,96806.44000000,154.08611000,1735839299999,14937393.69808500,31402,49.60390000,4807879.94916260,0
1735839300000,96806.43000000,96814.90000000,96350.67000000,96366.44000000,159.88421000,1735839599999,15432636.59486460,37096,53.55329000,5168578.97069830,0
1735839600000,96366.44000000,96731.42000000,96333.95000000,96660.00000000,206.06294000,1735839899999,19887689.30571920,39796,129.85190000,12531545.93987660,0
1735839900000,96659.51000000,96659.51000000,96325.44000000,96364.25000000,93.14453000,1735840199999,8987734.89929280,35412,39.38871000,3800711.28539750,0
1735840200000,96364.25000000,96655.99000000,96330.18000000,96619.13000000,106.66774000,1735840499999,10296431.08677620,33911,59.13321000,5707391.39974210,0
1735840500000,96619.12000000,96757.58000000,96555.90000000,96757.57000000,68.43435000,1735840799999,6613871.63265770,30874,34.86714000,3369792.43905460,0
1735840800000,96757.57000000,96834.47000000,96400.00000000,96466.97000000,97.84348000,1735841099999,9460385.52327180,37123,49.04487000,4742472.16283880,0
1735841100000,96466.98000000,97049.69000000,96441.47000000,96966.01000000,83.15056000,1735841399999,8042425.89455530,34509,56.44093000,5458782.79720470,0
1735841400000,96966.01000000,97030.28000000,96775.55000000,96848.49000000,98.73446000,1735841699999,9568035.12330940,31340,54.20132000,5252331.22069390,0
1735841700000,96848.49000000,96897.20000000,96740.00000000,96859.77000000,83.23684000,1735841999999,8058622.85921850,30070,44.66710000,4324680.06457750,0
1735842000000,96858.00000000,97113.44000000,96858.00000000,96859.99000000,80.72441000,1735842299999,7826817.00455090,26814,42.87403000,4157176.65344590,0
1735842300000,96859.99000000,96903.00000000,96761.13000000,96903.00000000,35.46043000,1735842599999,3433133.33472490,17259,17.42964000,1687473.21391790,0
1735842600000,96902.99000000,96902.99000000,96639.31000000,96652.03000000,64.03343000,1735842899999,6192203.62216680,19664,17.23360000,1666621.10486770,0
1735842900000,96652.03000000,96941.14000000,96634.61000000,96906.07000000,37.81714000,1735843199999,3661126.21503990,17401,26.97281000,2610948.41793610,0
1735843200000,96906.06000000,97102.56000000,96843.21000000,97090.54000000,65.44947000,1735843499999,6347719.74740480,20009,41.85987000,4059475.55802810,0
1735843500000,97090.54000000,97228.50000000,97041.01000000,97112.67000000,67.50755000,1735843799999,6559174.49822600,26012,37.80773000,3673704.14154690,0
1735843800000,97112.66000000,97143.73000000,97024.19000000,97119.02000000,61.81177000,1735844099999,6000897.09725150,19063,33.12122000,3215414.62475680,0
1735844100000,97119.01000000,97350.00000000,97119.01000000,97319.74000000,64.13506000,1735844399999,6237835.75331580,18922,43.37225000,4218136.70057940,0
1735844400000,97319.74000000,97433.62000000,97212.81000000,97433.61000000,63.60671000,1735844699999,6190685.45712530,20181,27.14948000,2642497.87575300,0
1735844700000,97433.61000000,97573.66000000,97412.56000000,97561.61000000,114.99969000,1735844999999,11211531.52709970,27611,64.36905000,6275350.71194080,0
1735845000000,97561.61000000,97586.34000000,97470.74000000,97482.91000000,63.82932000,1735845299999,6226356.55811320,14088,32.93474000,3212813.17456520,0
1735845300000,97482.90000000,97582.38000000,97479.59000000,97561.74000000,37.38129000,1735845599999,3645566.06823040,11477,22.55068000,2199074.97161070,0
1735845600000,97561.74000000,97600.00000000,97515.69000000,97600.00000000,34.03736000,1735845899999,3320865.08256300,9364,12.98183000,1266654.86642980,0
1735845900000,97600.00000000,97777.00000000,97587.67000000,97600.00000000,91.99877000,1735846199999,8987894.34605940,22786,51.57999000,5038954.66246550,0
1735846200000,97600.00000000,97600.00000000,97294.59000000,97326.00000000,90.22627000,1735846499999,8788940.78810930,22674,22.93324000,2233338.16355270,0
1735846500000,97325.09000000,97372.62000000,97200.00000000,97297.29000000,50.90863000,1735846799999,4952191.30241180,19335,24.16249000,2350224.88200600,0
1735846800000,97297.28000000,97474.43000000,97272.72000000,97415.65000000,30.62622000,1735847099999,2982255.21191100,13748,17.76394000,1729689.98057470,0
1735847100000,97415.64000000,97591.69000000,97312.88000000,97471.50000000,67.29621000,1735847399999,6556837.87125810,19521,30.16100000,2938066.09793910,0
1735847400000,97471.31000000,97585.93000000,97400.00000000,97531.43000000,35.85256000,1735847699999,3495316.29886000,15304,17.68611000,1724265.27048260,0
1735847700000,97531.44000000,97531.44000000,97286.45000000,97317.74000000,33.64662000,1735847999999,3276673.07825540,12591,9.68199000,942699.20160230,0
1735848000000,97317.74000000,97680.00000000,97317.74000000,97679.99000000,61.22224000,1735848299999,5969318.27773120,18753,36.27050000,3536371.95447200,0
1735848300000,97679.99000000,97680.00000000,97548.00000000,97629.94000000,38.47762000,1735848599999,3756061.13327910,15051,14.75984000,1440700.12728830,0
1735848600000,97629.95000000,97769.23000000,97583.51000000,97769.23000000,52.79748000,1735848899999,5157821.32122650,15703,30.70863000,3000052.17086890,0
1735848900000,97769.22000000,97773.63000000,97619.26000000,97773.61000000,43.19422000,1735849199999,4220128.99586660,16734,22.36642000,2185232.30446840,0
1735849200000,97773.62000000,97839.50000000,97741.46000000,97827.75000000,93.46821000,1735849499999,9140767.34205810,17503,53.55821000,5237483.43410920,0
1735849500000,97827.75000000,97827.76000000,97600.00000000,97600.00000000,52.55463000,1735849799999,5135833.05339330,15471,13.76461000,1344869.32832040,0
1735849800000,97600.01000000,97728.93000000,97520.38000000,97529.31000000,65.83194000,1735850099999,6425613.71086880,24672,27.47024000,2681016.39084960,0
1735850100000,97529.32000000,97529.33000000,97335.43000000,97402.53000000,59.23236000,1735850399999,5770160.46812710,22393,24.19428000,2356879.45285610,0
1735850400000,97402.52000000,97503.84000000,97400.00000000,97462.00000000,37.07514000,1735850699999,3613034.83230580,15869,13.97006000,1361353.56364440,0
1735850700000,97462.00000000,97609.00000000,97408.66000000,97608.99000000,53.78908000,1735850999999,5244784.23417600,19627,30.76304000,2999142.19915950,0
1735851000000,97609.00000000,97705.88000000,97393.93000000,97393.94000000,74.35603000,1735851299999,7255497.81081260,18618,39.26830000,3832647.26530840,0
1735851300000,97393.93000000,97439.99000000,97300.00000000,97306.46000000,86.84785000,1735851599999,8455849.57465380,18494,42.49281000,4136970.24548780,0
1735851600000,97306.46000000,97355.77000000,97300.47000000,97312.01000000,36.39155000,1735851899999,3542063.66276590,6253,16.24851000,1581280.15501530,0
1735851900000,97312.01000000,97312.01000000,97163.47000000,97203.54000000,55.66661000,1735852199999,5411480.41348570,10827,13.27716000,1290736.58068610,0
1735852200000,97203.53000000,97279.74000000,97186.16000000,97219.73000000,34.47943000,1735852499999,3352097.27000940,5533,20.49116000,1992115.19668650,0
1735852500000,97219.73000000,97251.27000000,97163.51000000,97212.13000000,34.86826000,1735852799999,3389495.13919410,8843,15.16848000,1474442.20429020,0
1735852800000,97212.14000000,97212.14000000,97060.52000000,97147.63000000,38.49174000,1735853099999,3738272.30564070,7542,11.40875000,1107871.78914310,0
1735853100000,97147.63000000,97166.91000000,97124.47000000,97124.48000000,16.58205000,1735853399999,1611023.78675300,3349,4.82381000,468658.02079410,0
1735853400000,97124.48000000,97135.82000000,97040.16000000,97116.84000000,30.56923000,1735853699999,2967948.56428240,7460,12.20301000,1184780.23872570,0
1735853700000,97116.85000000,97237.00000000,97116.84000000,97236.99000000,29.47411000,1735853999999,2864362.70816040,6464,18.89830000,1836620.02175890,0
1735854000000,97236.98000000,97265.28000000,97184.52000000,97200.00000000,17.95271000,1735854299999,1745675.55286500,6464,6.67397000,648935.44243840,0
1735854300000,97199.99000000,97230.01000000,97138.60000000,97190.26000000,38.96680000,1735854599999,3786731.47951970,6526,30.24641000,2939246.26443340,0
1735854600000,97190.27000000,97250.10000000,97135.50000000,97243.98000000,36.92956000,1735854899999,3589877.52593050,7255,24.24815000,2357138.94872510,0
1735854900000,97243.98000000,97260.85000000,97202.64000000,97212.68000000,23.77522000,1735855199999,2311437.68059560,4604,6.77110000,658334.51699370,0
1735855200000,97212.69000000,97212.69000000,97064.76000000,97064.77000000,25.72109000,1735855499999,2498489.14260420,7968,10.59209000,1028854.00552900,0
1735855500000,97064.77000000,97145.35000000,97055.00000000,97131.96000000,19.49738000,1735855799999,1893270.17736190,3818,7.87501000,764583.80263150,0
1735855800000,97131.96000000,97131.97000000,97000.48000000,97000.48000000,23.34270000,1735856099999,2265681.40059420,7102,7.36373000,714783.46659640,0
1735856100000,97000.48000000,97000.48000000,96872.00000000,96872.01000000,59.44428000,1735856399999,5761150.23824490,11848,14.09003000,1365500.57368320,0
1735856400000,96872.00000000,96872.00000000,96666.66000000,96722.74000000,81.53011000,1735856699999,7889685.89185850,15984,41.54109000,4019228.91494170,0
1735856700000,96722.74000000,96970.01000000,96722.74000000,96882.80000000,63.30467000,1735856999999,6134104.02092550,11949,35.72374000,3460707.75174400,0
1735857000000,96882.80000000,97042.26000000,96882.79000000,97004.57000000,31.22978000,1735857299999,3028338.91871300,6775,18.69030000,1812222.93549130,0
1735857300000,97004.57000000,97004.58000000,96841.69000000,96946.69000000,23.41113000,1735857599999,2268713.24657450,7662,12.08819000,1171215.82750910,0
1735857600000,96946.70000000,96946.70000000,96841.69000000,96916.95000000,26.91627000,1735857899999,2608264.84920120,8073,12.81101000,1241308.76155080,0
1735857900000,96916.94000000,97017.29000000,96861.40000000,96960.50000000,28.45419000,1735858199999,2758841.80303160,7837,14.13572000,1370529.26502860,0
1735858200000,96960.51000000,96971.15000000,96940.00000000,96940.00000000,14.79961000,1735858499999,1434920.78554720,2150,4.99539000,484326.03709110,0
1735858500000,96940.01000000,96984.00000000,96911.04000000,96911.04000000,21.12971000,1735858799999,2048474.51505820,5214,10.48475000,1016342.54707750,0
1735858800000,96911.04000000,97017.45000000,96869.53000000,97010.24000000,46.78292000,1735859099999,4536751.36896820,14866,27.37794000,2654877.45924400,0
1735859100000,97010.25000000,97022.76000000,96758.17000000,96768.91000000,107.80596000,1735859399999,10438866.61590460,15776,18.44599000,1786052.54782160,0
1735859400000,96768.91000000,96851.93000000,96768.90000000,96848.49000000,40.07846000,1735859699999,3880206.15969770,6689,20.50010000,1984803.88516430,0
1735859700000,96848.49000000,96904.05000000,96820.42000000,96904.04000000,17.91990000,1735859999999,1735657.90771110,6579,12.11843000,1173749.64789020,0
1735860000000,96904.04000000,96957.62000000,96872.90000000,96881.43000000,45.59233000,1735860299999,4418436.20950890,5450,22.85859000,2215492.29937890,0
1735860300000,96881.56000000,96980.00000000,96881.56000000,96973.53000000,20.04152000,1735860599999,1942759.15699240,5509,15.90228000,1541475.47309270,0
1735860600000,96973.52000000,97077.78000000,96972.01000000,96972.02000000,25.60785000,1735860899999,2484671.59923890,9016,12.44450000,1207450.78327680,0
1735860900000,96972.01000000,97022.24000000,96948.00000000,96955.38000000,26.73224000,1735861199999,2592283.96373040,6537,16.22208000,1572958.76959400,0
1735861200000,96955.39000000,96997.53000000,96889.21000000,96997.53000000,21.79931000,1735861499999,2112950.74732490,5034,9.24245000,895917.13463300,0
1735861500000,96997.52000000,96997.53000000,96847.16000000,96916.67000000,57.74481000,1735861799999,5595810.08392510,6171,12.81467000,1241710.84803210,0
1735861800000,96916.68000000,96977.99000000,96916.67000000,96949.15000000,15.78808000,1735862099999,1530681.77463770,2955,8.83796000,856853.62999450,0
1735862100000,96949.15000000,96984.79000000,96949.15000000,96984.79000000,15.89096000,1735862399999,1540838.47591750,1628,12.83222000,1244227.81620700,0
1735862400000,96984.79000000,97028.08000000,96959.81000000,96981.56000000,32.62107000,1735862699999,3164071.23972220,7640,17.95073000,1741131.54068710,0
1735862700000,96981.57000000,97080.96000000,96961.22000000,97008.83000000,33.63487000,1735862999999,3263825.04556960,8996,21.03538000,2041275.11710600,0
1735863000000,97008.83000000,97008.83000000,96945.21000000,96945.21000000,19.72676000,1735863299999,1912811.68044790,5981,9.02699000,875261.74978830,0
1735863300000,96945.22000000,96945.22000000,96848.48000000,96848.49000000,11.76935000,1735863599999,1140376.39014640,4724,1.13580000,110030.31295120,0
1735863600000,96848.49000000,96964.99000000,96796.56000000,96905.19000000,56.28616000,1735863899999,5452718.01524190,10681,33.10726000,3207131.25938670,0
1735863900000,96905.18000000,97039.97000000,96905.18000000,97025.92000000,34.37477000,1735864199999,3333507.51838520,9059,21.20819000,2056609.61650680,0
1735864200000,97025.92000000,97068.14000000,96967.51000000,96967.51000000,24.15235000,1735864499999,2343144.66968360,9155,9.04303000,877352.49748280,0
1735864500000,96967.51000000,97000.85000000,96906.34000000,96906.34000000,24.23579000,1735864799999,2350017.33976770,4790,7.84453000,760726.87812960,0
1735864800000,96906.34000000,96957.02000000,96890.99000000,96913.84000000,16.39428000,1735865099999,1589033.95028460,4036,9.69970000,940161.07338540,0
1735865100000,96913.83000000,96994.62000000,96888.38000000,96888.38000000,16.07685000,1735865399999,1558658.10634750,6505,5.45075000,528441.79220080,0
1735865400000,96888.38000000,96888.39000000,96799.96000000,96844.38000000,24.83498000,1735865699999,2404855.58098710,5914,6.28684000,608773.47430720,0
1735865700000,96844.39000000,96866.34000000,96825.82000000,96825.82000000,20.90250000,1735865999999,2024509.09811150,3378,4.17233000,404059.52999400,0
1735866000000,96825.83000000,96900.00000000,96757.06000000,96814.85000000,36.27781000,1735866299999,3512295.03758110,11794,16.33527000,1581535.97959410,0
1735866300000,96814.84000000,96867.54000000,96776.48000000,96832.01000000,40.75824000,1735866599999,3946622.58585080,9391,20.02568000,1939023.96223240,0
1735866600000,96832.01000000,96838.74000000,96705.62000000,96730.00000000,38.41310000,1735866899999,3716478.10297610,9757,16.13572000,1561014.36609820,0
1735866900000,96730.00000000,96733.60000000,96650.00000000,96711.60000000,29.22487000,1735867199999,2826017.26000840,8426,11.00755000,1064322.40233870,0
1735867200000,96711.59000000,96872.69000000,96711.59000000,96872.68000000,29.13520000,1735867499999,2819636.50804810,10487,20.07317000,1942609.42696610,0
1735867500000,96872.68000000,96907.13000000,96825.79000000,96907.12000000,14.48744000,1735867799999,1403539.18986570,8561,8.72230000,845004.08641300,0
1735867800000,96907.13000000,96907.13000000,96780.00000000,96780.01000000,14.61853000,1735868099999,1415599.70153360,5777,2.97857000,288399.19977360,0
1735868100000,96780.01000000,96800.00000000,96684.58000000,96746.46000000,20.35538000,1735868399999,1969393.35970500,6335,12.67138000,1226028.36399750,0
1735868400000,96746.46000000,96746.47000000,96682.69000000,96746.46000000,24.17919000,1735868699999,2338367.10064420,6106,9.49743000,918458.94453510,0
1735868700000,96746.47000000,96800.73000000,96702.38000000,96772.40000000,25.70409000,1735868999999,2487110.63669650,7942,10.94652000,1059193.57456540,0
1735869000000,96772.40000000,97000.00000000,96772.39000000,96999.99000000,42.93141000,1735869299999,4160596.01488230,8703,23.92817000,2318631.96538760,0
1735869300000,97000.00000000,97000.00000000,96962.47000000,96985.47000000,26.27388000,1735869599999,2548205.99917670,4960,8.97751000,870685.18906140,0
1735869600000,96985.47000000,96985.47000000,96856.98000000,96874.42000000,22.13961000,1735869899999,2145735.31619780,7315,9.03814000,875893.03704230,0
1735869900000,96874.42000000,97000.00000000,96858.01000000,96991.53000000,17.94648000,1735870199999,1739656.73220140,7162,13.16961000,1276665.84122380,0
1735870200000,96991.53000000,97100.00000000,96984.02000000,97100.00000000,34.28066000,1735870499999,3326658.87889760,7414,21.35762000,2072921.28821800,0
1735870500000,97100.00000000,97277.85000000,97072.00000000,97252.02000000,45.45305000,1735870799999,4419116.40084240,12681,31.61049000,3073210.94263690,0
1735870800000,97252.02000000,97342.44000000,97252.02000000,97265.81000000,43.15464000,1735871099999,4198351.39008770,9912,26.76837000,2604143.64711320,0
1735871100000,97265.80000000,97276.00000000,97150.20000000,97259.00000000,58.44960000,1735871399999,5681712.35276690,10071,23.69986000,2303758.82531410,0
1735871400000,97258.99000000,97262.19000000,97151.60000000,97156.50000000,39.62914000,1735871699999,3851942.67383780,7703,11.22242000,1090738.40321380,0
1735871700000,97156.50000000,97181.71000000,97068.00000000,97163.09000000,29.92116000,1735871999999,2906111.09440450,8691,11.80023000,1145940.74674590,0
1735872000000,97163.09000000,97163.50000000,97083.90000000,97083.90000000,22.37297000,1735872299999,2173424.22186250,5094,4.47755000,434979.36048490,0
1735872300000,97083.90000000,97141.89000000,97072.82000000,97101.40000000,26.15583000,1735872599999,2539697.46957660,6670,17.20242000,1670286.75463360,0
1735872600000,97101.40000000,97137.10000000,97017.87000000,97031.57000000,22.94813000,1735872899999,2227658.80808980,7305,9.37965000,910584.09186320,0
1735872900000,97031.56000000,97052.21000000,96952.66000000,96966.85000000,26.18881000,1735873199999,2540227.87820520,5372,8.74221000,848021.69396040,0
1735873200000,96966.85000000,97060.61000000,96966.84000000,97004.86000000,26.64722000,1735873499999,2585055.14204990,5069,10.43416000,1012249.83131500,0
1735873500000,97004.85000000,97084.25000000,97004.85000000,97025.43000000,39.96316000,1735873799999,3878341.49026330,4038,25.53603000,2478250.01074100,0
1735873800000,97025.44000000,97025.44000000,96980.00000000,96980.01000000,12.38892000,1735874099999,1201776.83219020,2185,3.34331000,324338.64950490,0
1735874100000,96980.00000000,96995.51000000,96936.87000000,96961.70000000,19.28214000,1735874399999,1869731.32062470,3046,6.43234000,623711.95639160,0
1735874400000,96961.69000000,96961.70000000,96833.99000000,96936.47000000,40.82368000,1735874699999,3955154.69644260,7160,22.58567000,2188122.04817100,0
1735874700000,96936.47000000,96983.85000000,96930.68000000,96941.88000000,18.93976000,1735874999999,1836395.43459020,4057,10.13996000,983191.03202470,0
1735875000000,96941.87000000,96965.75000000,96876.80000000,96965.75000000,21.05798000,1735875299999,2040929.44917330,4564,12.92150000,1252351.44099830,0
1735875300000,96965.75000000,97009.50000000,96952.88000000,96952.89000000,14.20208000,1735875599999,1377326.67145210,3817,9.68116000,938872.73315490,0
1735875600000,96952.89000000,96952.90000000,96908.34000000,96936.04000000,13.14276000,1735875899999,1273929.74925980,3985,8.84176000,857014.68194270,0
1735875900000,96936.04000000,96989.50000000,96918.00000000,96989.50000000,12.02606000,1735876199999,1165871.88826720,3685,6.06235000,587697.11550810,0
1735876200000,96989.50000000,97082.84000000,96989.49000000,97082.83000000,20.67279000,1735876499999,2005940.71078990,4386,16.59265000,1610027.07471140,0
1735876500000,97082.84000000,97090.91000000,97044.27000000,97062.30000000,16.60265000,1735876799999,1611605.23421250,3706,6.21503000,603267.20394960,0
1735876800000,97062.30000000,97066.18000000,96905.96000000,97004.00000000,43.19691000,1735877099999,4189566.02451380,10119,18.05369000,1751093.78689910,0
1735877100000,97004.00000000,97013.33000000,96964.01000000,97000.01000000,12.80794000,1735877399999,1242200.29624810,4030,6.98063000,677014.39422370,0
1735877400000,97000.00000000,97006.23000000,96950.48000000,96962.40000000,16.80171000,1735877699999,1629415.01236150,2855,8.58107000,832161.74938950,0
1735877700000,96962.40000000,97013.35000000,96962.39000000,96999.99000000,14.70017000,1735877999999,1425741.83337850,4028,9.27574000,899637.05619360,0
1735878000000,96999.99000000,97016.00000000,96923.07000000,96923.07000000,15.87344000,1735878299999,1539331.43047560,2460,4.70816000,456587.24130230,0
1735878300000,96923.07000000,96924.83000000,96878.52000000,96920.26000000,19.10974000,1735878599999,1851852.87843340,3205,8.26361000,800761.71318840,0
1735878600000,96920.27000000,96962.56000000,96920.27000000,96931.62000000,11.25073000,1735878899999,1090748.92422560,3129,5.92678000,574574.01724540,0
1735878900000,96931.62000000,96931.63000000,96834.30000000,96844.08000000,20.40387000,1735879199999,1976567.20103010,3959,7.90185000,765444.62131730,0
1735879200000,96844.07000000,96895.99000000,96809.52000000,96895.99000000,40.40428000,1735879499999,3913098.58249970,5441,17.13378000,1659236.71441490,0
1735879500000,96895.98000000,96895.99000000,96813.75000000,96867.28000000,26.01612000,1735879799999,2519362.96367600,3529,16.93897000,1640211.38392020,0
1735879800000,96867.28000000,96878.79000000,96766.51000000,96792.71000000,22.29061000,1735880099999,2157971.41535390,5862,6.21953000,602078.40392760,0
1735880100000,96792.71000000,96814.54000000,96778.40000000,96813.41000000,22.66661000,1735880399999,2194155.14771910,2696,11.85241000,1147277.50297740,0
1735880400000,96813.49000000,96860.48000000,96731.07000000,96733.01000000,20.16765000,1735880699999,1952101.35739530,6623,9.22173000,892720.16004420,0
1735880700000,96733.01000000,96749.58000000,96610.29000000,96676.35000000,36.49131000,1735880999999,3527528.63318320,8173,11.93070000,1153417.36586900,0
1735881000000,96676.36000000,96789.90000000,96676.35000000,96769.15000000,29.51637000,1735881299999,2855103.83287580,4456,12.38551000,1198020.98043090,0
1735881300000,96769.15000000,96820.00000000,96720.00000000,96792.83000000,24.00396000,1735881599999,2322826.49464840,4492,7.43788000,719817.54890700,0
1735881600000,96792.83000000,96792.83000000,96628.18000000,96640.87000000,53.87076000,1735881899999,5208563.58512230,8089,27.34897000,2644253.66776280,0
1735881900000,96640.87000000,96678.76000000,96590.28000000,96678.76000000,24.96201000,1735882199999,2411787.75250720,4998,10.19828000,985297.75430170,0
1735882200000,96678.76000000,96715.97000000,96639.70000000,96664.98000000,20.04536000,1735882499999,1937734.68302170,3444,12.88311000,1245391.46109000,0
1735882500000,96664.70000000,96746.68000000,96642.01000000,96746.68000000,26.05560000,1735882799999,2519834.23929970,3540,18.00999000,1741790.94385230,0
1735882800000,96746.67000000,96778.85000000,96693.24000000,96750.36000000,18.33448000,1735883099999,1773613.04754660,4060,7.96428000,770379.53341100,0
1735883100000,96750.36000000,96795.84000000,96712.91000000,96777.41000000,25.26515000,1735883399999,2444798.40682500,3768,13.41612000,1298183.09793110,0
1735883400000,96777.40000000,96813.77000000,96760.13000000,96760.14000000,26.54796000,1735883699999,2569668.94241900,4003,14.18234000,1372797.23703040,0
1735883700000,96760.14000000,96775.80000000,96760.13000000,96765.34000000,11.20270000,1735883999999,1084047.49809630,1896,5.88375000,569347.47588490,0
1735884000000,96765.35000000,96775.83000000,96712.97000000,96775.82000000,30.76611000,1735884299999,2976150.94558040,5395,15.42399000,1492005.53565660,0
1735884300000,96775.82000000,96918.56000000,96775.82000000,96857.85000000,27.46495000,1735884599999,2660297.54656210,5934,18.20260000,1762993.21759130,0
1735884600000,96857.85000000,96884.00000000,96853.24000000,96865.19000000,14.82576000,1735884899999,1436132.13404200,2675,7.49939000,726435.21937680,0
1735884900000,96865.20000000,96902.35000000,96779.72000000,96795.73000000,36.92778000,1735885199999,3576231.82420410,4707,20.83686000,2017708.53499600,0
1735885200000,96795.73000000,96795.74000000,96619.98000000,96619.99000000,47.20362000,1735885499999,4563014.58031290,5248,21.87034000,2113970.89594760,0
1735885500000,96619.99000000,96703.59000000,96619.98000000,96668.00000000,40.06935000,1735885799999,3873328.88822800,3516,23.99345000,2319198.79760230,0
1735885800000,96667.55000000,96727.27000000,96653.59000000,96700.00000000,37.98051000,1735886099999,3672349.65345980,3681,27.57800000,2666522.51334090,0
1735886100000,96700.01000000,96717.59000000,96644.00000000,96670.47000000,32.07914000,1735886399999,3101351.07035840,3878,16.98437000,1641917.63132720,0
1735886400000,96670.48000000,96739.67000000,96651.55000000,96672.00000000,31.08887000,1735886699999,3006111.35567220,5243,16.49905000,1595154.37211650,0
1735886700000,96672.01000000,96681.91000000,96512.00000000,96586.53000000,49.04124000,1735886999999,4737495.39903130,6840,15.89043000,1534642.40946190,0
1735887000000,96586.54000000,96611.02000000,96559.45000000,96600.23000000,15.96999000,1735887299999,1542580.55092420,2617,7.13837000,689479.40198620,0
1735887300000,96600.24000000,96600.24000000,96537.03000000,96539.49000000,18.98531000,1735887599999,1833160.60800100,3085,7.46199000,720497.09936840,0
1735887600000,96539.49000000,96571.88000000,96517.21000000,96524.77000000,31.18526000,1735887899999,3010771.27489650,5817,15.26116000,1473377.71955850,0
1735887900000,96524.77000000,96588.00000000,96490.38000000,96494.72000000,69.12665000,1735888199999,6674335.59289760,7627,43.75805000,4225514.36801400,0
1735888200000,96494.71000000,96567.49000000,96450.00000000,96542.05000000,29.21097000,1735888499999,2818788.65745120,6694,12.99020000,1253548.40186920,0
1735888500000,96542.04000000,96645.83000000,96542.04000000,96604.82000000,20.89590000,1735888799999,2018493.24802270,5602,12.37273000,1195089.32209470,0
1735888800000,96604.82000000,96604.83000000,96500.79000000,96500.80000000,26.85750000,1735889099999,2592711.12729090,4961,10.94237000,1056178.96644140,0
1735889100000,96500.79000000,96500.80000000,96411.54000000,96452.07000000,42.66294000,1735889399999,4114834.84014770,7494,14.68567000,1416295.78962600,0
1735889400000,96452.06000000,96472.94000000,96366.06000000,96427.28000000,74.07030000,1735889699999,7142222.42321780,7325,21.17879000,2042053.34287190,0
1735889700000,96427.28000000,96454.55000000,96334.74000000,96340.00000000,33.60255000,1735889999999,3239177.18876820,5258,4.63721000,447056.67140310,0
1735890000000,96340.00000000,96414.49000000,96280.65000000,96384.84000000,97.93583000,1735890299999,9435016.76888070,10398,53.46924000,5151259.75527090,0
1735890300000,96384.83000000,96416.08000000,96338.79000000,96352.01000000,52.83149000,1735890599999,5091053.33061900,5884,20.52869000,1978474.82140620,0
1735890600000,96352.00000000,96378.41000000,96326.02000000,96326.02000000,33.37091000,1735890899999,3215260.56932590,4465,7.90543000,761695.39517150,0
1735890900000,96326.02000000,96378.41000000,96304.00000000,96304.00000000,35.11899000,1735891199999,3383158.59530240,4207,13.91918000,1340928.11594850,0
1735891200000,96304.00000000,96388.00000000,96304.00000000,96388.00000000,53.98663000,1735891499999,5202404.15814450,5243,30.81532000,2969533.23795580,0
1735891500000,96388.00000000,96466.65000000,96375.05000000,96408.00000000,57.13703000,1735891799999,5508989.72053450,6106,36.64383000,3532920.52221140,0
1735891800000,96408.00000000,96463.93000000,96400.51000000,96463.93000000,23.44992000,1735892099999,2261418.06718990,2969,11.33712000,1093321.09352280,0
1735892100000,96463.92000000,96529.84000000,96449.50000000,96528.01000000,37.32469000,1735892399999,3601438.10202780,4652,28.37030000,2737571.72642980,0
1735892400000,96528.01000000,96528.01000000,96486.60000000,96498.49000000,21.10512000,1735892699999,2036762.96002140,3491,9.98371000,963475.85188540,0
1735892700000,96498.50000000,96498.50000000,96341.01000000,96341.01000000,36.12694000,1735892999999,3483414.95123720,3332,14.43172000,1391973.72773200,0
1735893000000,96341.01000000,96341.02000000,96119.27000000,96125.79000000,109.25432000,1735893299999,10511546.55216720,8919,37.39756000,3597426.30971170,0
1735893300000,96125.79000000,96220.00000000,96110.22000000,96220.00000000,64.67809000,1735893599999,6218711.72621520,5384,37.27553000,3584279.11505300,0
1735893600000,96220.00000000,96266.42000000,96219.99000000,96266.41000000,28.41187000,1735893899999,2734344.28373170,3683,17.31615000,1666517.42736430,0
1735893900000,96266.41000000,96300.00000000,96216.03000000,96218.58000000,28.67846000,1735894199999,2760462.01756610,4371,14.32071000,1378608.54960600,0
1735894200000,96218.58000000,96268.38000000,96204.68000000,96204.68000000,30.39317000,1735894499999,2924588.18575920,3787,10.54128000,1014400.03770720,0
1735894500000,96204.69000000,96204.69000000,96100.01000000,96129.97000000,52.84497000,1735894799999,5080784.10031380,4583,18.50258000,1778624.04143770,0
1735894800000,96129.97000000,96212.00000000,96107.84000000,96211.99000000,50.43436000,1735895099999,4849221.08210790,6428,29.66144000,2851877.84183230,0
1735895100000,96212.00000000,96238.77000000,96164.48000000,96218.01000000,23.95970000,1735895399999,2304818.94702670,4844,11.75825000,1131156.82522420,0
1735895400000,96218.02000000,96337.69000000,96218.01000000,96337.69000000,34.00651000,1735895699999,3273320.46652870,6406,24.92907000,2399587.70191260,0
1735895700000,96337.69000000,96500.00000000,96322.80000000,96453.49000000,89.45358000,1735895999999,8628370.21262220,9687,73.89394000,7127892.87950110,0
1735896000000,96453.48000000,96570.62000000,96427.99000000,96534.82000000,98.54736000,1735896299999,9508013.95045930,7901,75.93063000,7325812.08686270,0
1735896300000,96534.83000000,96536.52000000,96476.95000000,96491.86000000,40.07274000,1735896599999,3866841.97513690,4071,9.06973000,875217.71964250,0
1735896600000,96491.87000000,96611.50000000,96450.00000000,96600.00000000,26.36666000,1735896899999,2544661.39117510,5306,21.71677000,2096014.77565340,0
1735896900000,96600.00000000,96667.23000000,96560.00000000,96664.24000000,40.59901000,1735897199999,3922471.94678250,5064,29.91389000,2890197.92297820,0
1735897200000,96664.24000000,96700.11000000,96637.80000000,96637.81000000,25.40307000,1735897499999,2455791.07696270,6165,14.07877000,1361043.54463310,0
1735897500000,96637.80000000,96655.45000000,96593.58000000,96593.58000000,22.43384000,1735897799999,2167632.57518430,4911,6.64150000,641688.11171770,0
1735897800000,96593.58000000,96702.48000000,96590.01000000,96651.99000000,36.13902000,1735898099999,3492971.09993250,5806,17.92399000,1732231.65106880,0
1735898100000,96652.00000000,96652.00000000,96554.31000000,96554.32000000,40.57900000,1735898399999,3920134.23927670,4315,9.17906000,886722.61117010,0
1735898400000,96554.32000000,96561.36000000,96449.87000000,96484.27000000,68.02964000,1735898699999,6563854.39135190,7141,34.89109000,3366404.91554310,0
1735898700000,96484.28000000,96500.00000000,96445.29000000,96445.30000000,19.26036000,1735898999999,1858260.25043470,4176,9.38789000,905775.84131310,0
1735899000000,96445.29000000,96468.00000000,96402.82000000,96426.51000000,44.90573000,1735899299999,4330130.40269980,4791,10.44180000,1006858.45007590,0
1735899300000,96426.52000000,96524.00000000,96426.52000000,96501.31000000,19.94574000,1735899599999,1924599.32851380,4281,12.53367000,1209337.20376360,0
1735899600000,96501.31000000,96510.70000000,96435.66000000,96467.99000000,23.42448000,1735899899999,2259773.99533650,3734,11.09242000,1070078.36267900,0
1735899900000,96468.00000000,96558.00000000,96467.99000000,96537.00000000,23.22031000,1735900199999,2241475.53948640,4063,9.29539000,897255.39931020,0
1735900200000,96537.00000000,96640.01000000,96536.99000000,96608.01000000,33.30616000,1735900499999,3216680.10530360,4799,15.63399000,1509820.10897980,0
1735900500000,96608.00000000,96627.98000000,96564.39000000,96567.94000000,17.75212000,1735900799999,1715024.45216860,3779,6.63648000,641125.44854980,0
1735900800000,96567.94000000,96570.25000000,96467.43000000,96482.71000000,27.75017000,1735901099999,2678236.88238270,3826,13.00906000,1255337.97965610,0
1735901100000,96482.72000000,96518.65000000,96467.43000000,96511.16000000,26.73609000,1735901399999,2579820.58120560,5114,9.51005000,917653.12149170,0
1735901400000,96511.17000000,96538.46000000,96454.36000000,96454.37000000,31.31042000,1735901699999,3021621.77159360,3318,13.49828000,1302771.02891310,0
1735901700000,96454.37000000,96502.59000000,96454.36000000,96488.53000000,19.73547000,1735901999999,1903933.41438560,2799,10.79839000,1041686.38866980,0
1735902000000,96488.53000000,96533.88000000,96482.51000000,96533.23000000,18.34032000,1735902299999,1770044.45632560,4534,10.40504000,1004208.61049080,0
1735902300000,96533.23000000,96543.38000000,96509.19000000,96509.20000000,12.33007000,1735902599999,1190194.49175450,3426,3.54558000,342252.87645460,0
1735902600000,96509.19000000,96529.83000000,96490.38000000,96510.04000000,17.67186000,1735902899999,1705488.98764940,3355,10.04326000,969224.60711640,0
1735902900000,96510.03000000,96580.27000000,96510.03000000,96580.26000000,15.69059000,1735903199999,1514923.40376420,3073,8.29362000,800706.32628050,0
1735903200000,96580.27000000,96798.20000000,96580.26000000,96793.37000000,81.84312000,1735903499999,7913513.14571140,8892,65.10855000,6295413.60274350,0
1735903500000,96793.37000000,96816.11000000,96720.55000000,96750.00000000,77.99925000,1735903799999,7547799.99861170,7080,35.49839000,3435014.77981860,0
1735903800000,96750.00000000,96805.67000000,96690.43000000,96690.44000000,53.46685000,1735904099999,5172987.53119810,8485,25.59712000,2476895.50817390,0
1735904100000,96690.45000000,96753.92000000,96673.40000000,96703.70000000,22.90676000,1735904399999,2215385.47317110,7417,10.52884000,1018276.16243690,0
1735904400000,96703.71000000,96703.71000000,96661.68000000,96677.34000000,12.16598000,1735904699999,1176149.22742540,2687,4.85581000,469426.95510410,0
1735904700000,96677.35000000,96750.00000000,96677.34000000,96725.36000000,19.60467000,1735904999999,1896092.70898530,4865,10.88640000,1052824.47131270,0
1735905000000,96725.37000000,96788.11000000,96684.53000000,96788.11000000,48.81008000,1735905299999,4721779.32942380,8531,21.72841000,2102048.70984700,0
1735905300000,96788.12000000,96830.00000000,96752.27000000,96757.58000000,67.58553000,1735905599999,6542179.32954460,5069,52.65251000,5096786.71951890,0
1735905600000,96757.57000000,96835.36000000,96720.00000000,96818.67000000,31.59548000,1735905899999,3057841.59065750,5470,20.96527000,2029049.66127970,0
1735905900000,96818.68000000,96848.00000000,96786.89000000,96848.00000000,30.51943000,1735906199999,2955144.94860660,4011,13.32351000,1290142.01651850,0
1735906200000,96847.99000000,96881.02000000,96826.17000000,96859.67000000,61.08994000,1735906499999,5916534.63727910,6287,23.43875000,2270075.00224990,0
1735906500000,96859.67000000,96859.67000000,96717.36000000,96810.87000000,47.40291000,1735906799999,4588635.05154270,8992,15.63329000,1513202.47409160,0
1735906800000,96810.87000000,96817.68000000,96766.12000000,96785.45000000,26.76014000,1735907099999,2590197.23404340,5414,12.92861000,1251380.38783380,0
1735907100000,96785.45000000,96901.06000000,96737.64000000,96893.04000000,29.90841000,1735907399999,2895602.93698340,9201,21.20821000,2053430.41796920,0
1735907400000,96893.03000000,96921.36000000,96812.42000000,96812.43000000,28.52691000,1735907699999,2763526.62547840,7508,9.99809000,968609.50301410,0
1735907700000,96812.43000000,96831.00000000,96769.92000000,96806.32000000,29.42140000,1735907999999,2847936.29241650,4522,16.83076000,1629082.74629460,0
1735908000000,96806.33000000,96806.33000000,96706.48000000,96713.39000000,19.95545000,1735908299999,1930777.45141650,2507,5.11481000,494838.80097410,0
1735908300000,96713.39000000,96732.18000000,96676.52000000,96724.09000000,35.48561000,1735908599999,3431788.32393250,4816,15.80358000,1528432.02922400,0
1735908600000,96724.09000000,96753.54000000,96671.90000000,96717.29000000,18.81646000,1735908899999,1819803.05626270,4465,10.28565000,994751.10837320,0
1735908900000,96717.29000000,96717.29000000,96666.66000000,96666.66000000,28.10026000,1735909199999,2716790.59474430,3312,13.56259000,1311229.49583160,0
1735909200000,96666.66000000,96680.00000000,96590.83000000,96592.00000000,32.79516000,1735909499999,3169184.62546750,5109,12.76336000,1233379.77026580,0
1735909500000,96592.00000000,96785.50000000,96540.00000000,96767.60000000,74.22423000,1735909799999,7177555.21000820,12048,46.34766000,4482255.54527240,0
1735909800000,96767.60000000,96839.71000000,96610.69000000,96632.13000000,58.97981000,1735910099999,5706180.62852000,14043,20.34692000,1968372.47234530,0
1735910100000,96632.14000000,96632.14000000,96482.52000000,96495.00000000,54.16566000,1735910399999,5227915.58430650,12470,18.33748000,1769745.37061810,0
1735910400000,96495.00000000,96715.98000000,96482.52000000,96665.55000000,66.11318000,1735910699999,6387667.72801250,16721,43.80660000,4232209.96766130,0
1735910700000,96665.55000000,96665.64000000,96538.95000000,96538.96000000,50.77544000,1735910999999,4905095.24106930,9383,24.07120000,2325365.13251580,0
1735911000000,96538.95000000,96649.62000000,96524.00000000,96551.71000000,61.61419000,1735911299999,5950256.24004240,13131,37.42430000,3613887.55185680,0
1735911300000,96551.71000000,96586.53000000,96512.00000000,96556.17000000,37.25464000,1735911599999,3597231.10769400,8368,17.83837000,1722333.62764900,0
1735911600000,96556.17000000,96716.92000000,96520.00000000,96621.69000000,54.66971000,1735911899999,5282045.34759310,12883,21.02550000,2031152.06223570,0
1735911900000,96621.70000000,96650.00000000,96558.00000000,96595.71000000,35.41637000,1735912199999,3421669.18179550,8449,13.59847000,1313814.98774250,0
1735912200000,96595.70000000,96595.71000000,96542.25000000,96564.03000000,49.46243000,1735912499999,4776239.95755470,6720,10.33609000,998100.88407360,0
1735912500000,96564.04000000,96564.04000000,96472.43000000,96504.79000000,55.33291000,1735912799999,5340207.21258510,3971,8.76494000,846031.20544020,0
1735912800000,96504.80000000,96619.89000000,96504.79000000,96619.71000000,25.52506000,1735913099999,2465121.96513510,8609,11.22075000,1083564.01574850,0
1735913100000,96619.71000000,96813.49000000,96619.71000000,96813.48000000,53.46358000,1735913399999,5169470.76134820,10912,37.96977000,3671002.04377210,0
1735913400000,96813.48000000,96914.12000000,96779.68000000,96784.00000000,94.58570000,1735913699999,9162400.41115520,13996,52.16440000,5053636.81414680,0
1735913700000,96784.00000000,96966.35000000,96697.36000000,96916.90000000,67.41479000,1735913999999,6527786.10840970,14767,29.00665000,2809052.42139110,0
1735914000000,96916.90000000,97025.33000000,96837.97000000,97009.72000000,53.96143000,1735914299999,5230937.31760390,11273,36.67500000,3555598.05576440,0
1735914300000,97009.71000000,97131.00000000,97009.71000000,97084.60000000,75.43783000,1735914599999,7323196.03911820,14283,53.08781000,5153446.01764270,0
1735914600000,97084.60000000,97159.67000000,96844.80000000,96845.00000000,214.31432000,1735914899999,20793917.79760680,36384,108.11454000,10491658.67191560,0
1735914900000,96845.01000000,97322.52000000,96624.50000000,97314.29000000,249.15211000,1735915199999,24151777.16629880,42964,134.42652000,13038575.13964620,0
1735915200000,97314.29000000,97342.44000000,97150.87000000,97251.98000000,142.61971000,1735915499999,13866814.71414490,31264,65.81355000,6398921.52330210,0
1735915500000,97251.99000000,97285.78000000,96789.47000000,96939.17000000,165.14533000,1735915799999,16017286.89642580,45497,64.01452000,6207070.90409240,0
1735915800000,96939.18000000,97075.43000000,96737.14000000,96921.56000000,130.22436000,1735916099999,12617529.22134360,40058,67.77650000,6567157.41649810,0
1735916100000,96921.56000000,97086.99000000,96921.55000000,97016.01000000,118.74652000,1735916399999,11517370.88185660,25155,63.70225000,6177919.41553080,0
1735916400000,97016.00000000,97100.00000000,96880.59000000,97100.00000000,197.82516000,1735916699999,19187379.09485290,37936,88.47532000,8581671.83326700,0
1735916700000,97100.83000000,97320.00000000,97074.41000000,97199.32000000,111.07672000,1735916999999,10797327.22200600,31627,42.55146000,4136132.48412130,0
1735917000000,97199.33000000,97450.00000000,97010.47000000,97156.95000000,157.07607000,1735917299999,15269102.35365320,38831,91.08265000,8853179.98482040,0
1735917300000,97156.95000000,97281.02000000,96930.74000000,96946.35000000,115.15355000,1735917599999,11178612.79910960,33090,38.22334000,3711122.62891120,0
1735917600000,96946.36000000,97137.94000000,96759.12000000,97082.01000000,136.76172000,1735917899999,13253919.56111320,31078,64.73223000,6274491.08807750,0
1735917900000,97082.01000000,97317.64000000,97081.95000000,97263.78000000,115.59055000,1735918199999,11238045.70177460,22420,53.96579000,5245613.62895730,0
1735918200000,97263.79000000,97363.64000000,97138.14000000,97363.64000000,108.27661000,1735918499999,10531244.42295540,25638,53.55984000,5208657.34289480,0
1735918500000,97363.64000000,97530.00000000,97304.38000000,97454.55000000,146.52762000,1735918799999,14278476.05240150,32807,83.07285000,8094961.42299200,0
1735918800000,97454.54000000,97557.09000000,97387.08000000,97432.81000000,114.40841000,1735919099999,11154380.18265690,25201,40.93951000,3991113.84719440,0
1735919100000,97432.80000000,97660.00000000,97381.60000000,97437.04000000,200.49359000,1735919399999,19547972.64016500,33583,120.38961000,11738324.14532730,0
1735919400000,97437.05000000,97484.85000000,97289.67000000,97464.00000000,115.85393000,1735919699999,11281191.42553390,29603,60.67620000,5908117.13918020,0
1735919700000,97463.99000000,97593.71000000,97463.99000000,97521.35000000,68.55766000,1735919999999,6687245.31834390,16559,23.07220000,2250291.40238290,0
1735920000000,97521.36000000,97726.52000000,97521.35000000,97632.49000000,237.69452000,1735920299999,23209174.57894380,33148,131.49091000,12838672.82570560,0
1735920300000,97632.50000000,97639.80000000,97424.45000000,97441.32000000,69.55067000,1735920599999,6782477.25881910,26721,36.06976000,3517167.72376260,0
1735920600000,97441.32000000,97659.99000000,97406.54000000,97633.12000000,63.67199000,1735920899999,6208548.08144900,17755,37.49127000,3656021.75167640,0
1735920900000,97633.12000000,97761.42000000,97603.18000000,97757.57000000,84.18856000,1735921199999,8222796.00630720,17329,43.41699000,4240703.70479670,0
1735921200000,97757.58000000,98400.33000000,97705.97000000,98359.74000000,519.03134000,1735921499999,50927644.34442920,57049,384.38526000,37709441.85586810,0
1735921500000,98359.74000000,98444.42000000,98056.00000000,98066.00000000,223.37919000,1735921799999,21956879.65229720,33397,87.92214000,8641069.85376530,0
1735921800000,98066.00000000,98368.85000000,98066.00000000,98334.23000000,166.06669000,1735922099999,16319147.01520550,30783,96.59109000,9490818.35867380,0
1735922100000,98334.23000000,98334.24000000,98140.64000000,98231.99000000,84.50444000,1735922399999,8300296.14116210,22222,31.53879000,3097720.74006250,0
1735922400000,98231.98000000,98288.09000000,98062.61000000,98147.35000000,132.31456000,1735922699999,12989876.82822540,17310,69.76123000,6850250.89789580,0
1735922700000,98147.34000000,98151.52000000,97891.29000000,98024.60000000,109.41507000,1735922999999,10724100.22646250,24970,46.57546000,4564482.61113870,0
1735923000000,98024.60000000,98067.82000000,97780.90000000,97792.00000000,110.23124000,1735923299999,10791213.18123920,24709,47.17099000,4617602.95790020,0
1735923300000,97792.00000000,97868.21000000,97720.31000000,97868.20000000,99.86671000,1735923599999,9767813.92428860,16718,49.19461000,4811806.10073750,0
1735923600000,97868.21000000,97992.69000000,97837.63000000,97992.68000000,80.75315000,1735923899999,7907452.12809310,22822,48.81435000,4780138.99469470,0
1735923900000,97992.68000000,98083.99000000,97963.59000000,97963.59000000,68.56832000,1735924199999,6721739.65212300,16195,23.77332000,2330444.57059500,0
1735924200000,97963.60000000,98032.14000000,97881.30000000,97919.28000000,117.94155000,1735924499999,11555067.65411340,22810,43.00535000,4213413.63111380,0
1735924500000,97919.28000000,98060.61000000,97909.09000000,98010.00000000,44.96564000,1735924799999,4406492.96029480,13142,23.35395000,2288419.86240140,0
1735924800000,98010.00000000,98222.22000000,97949.50000000,98213.60000000,81.90441000,1735925099999,8035464.55526650,16893,36.88820000,3618871.49630040,0
1735925100000,98213.60000000,98263.13000000,98113.57000000,98164.02000000,73.50480000,1735925399999,7217968.89989030,15505,33.37185000,3276953.54201080,0
1735925400000,98164.02000000,98236.00000000,98120.37000000,98233.74000000,55.57154000,1735925699999,5456061.52033110,16256,25.68086000,2521255.04053970,0
1735925700000,98233.74000000,98299.76000000,98176.26000000,98247.48000000,48.08931000,1735925999999,4724142.66211030,15645,23.90455000,2348056.37604120,0
1735926000000,98247.48000000,98251.70000000,98170.21000000,98214.08000000,38.37690000,1735926299999,3769485.32386840,12483,16.81134000,1651265.19585770,0
1735926300000,98214.09000000,98214.09000000,98080.51000000,98184.67000000,53.91574000,1735926599999,5291663.46870240,15827,28.16921000,2764452.90388990,0
1735926600000,98184.76000000,98200.00000000,97944.44000000,97983.71000000,89.91283000,1735926899999,8821313.83408530,17764,47.75052000,4685716.95804370,0
1735926900000,97983.71000000,98078.51000000,97968.86000000,98026.00000000,46.20725000,1735927199999,4529581.59838900,10575,20.04181000,1964440.39216110,0
1735927200000,98025.99000000,98213.63000000,98000.00000000,98180.09000000,63.50861000,1735927499999,6230829.72963600,17783,45.41826000,4456375.29281290,0
1735927500000,98180.10000000,98222.22000000,98096.61000000,98102.09000000,35.89247000,1735927799999,3523608.56875040,10971,13.91254000,1365925.38776210,0
1735927800000,98102.09000000,98330.42000000,98097.04000000,98323.86000000,68.42174000,1735928099999,6722057.58479140,13036,36.12714000,3549559.46914280,0
1735928100000,98323.86000000,98376.58000000,98272.49000000,98372.09000000,73.33345000,1735928399999,7209886.10527580,12545,34.11005000,3353551.89906410,0
1735928400000,98372.09000000,98393.94000000,98350.00000000,98364.05000000,44.12127000,1735928699999,4340207.81798730,7171,10.41999000,1025013.95431490,0
1735928700000,98364.05000000,98481.74000000,98364.05000000,98481.73000000,60.23230000,1735928999999,5929077.53605250,11981,28.22470000,2778168.66060950,0
1735929000000,98481.73000000,98500.00000000,98290.75000000,98366.15000000,95.75356000,1735929299999,9422977.51094430,21361,57.66084000,5675323.20731920,0
1735929300000,98366.16000000,98483.99000000,98354.45000000,98483.98000000,58.55281000,1735929599999,5762737.22033990,12019,30.70974000,3022192.40179110,0
1735929600000,98483.98000000,98580.92000000,98422.42000000,98432.00000000,80.67652000,1735929899999,7945389.12557370,12511,51.51458000,5073201.21281410,0
1735929900000,98432.00000000,98697.86000000,98405.76000000,98606.01000000,120.07554000,1735930199999,11837613.08773610,19495,68.45158000,6748271.94606820,0
1735930200000,98606.00000000,98611.99000000,98371.00000000,98464.88000000,68.89471000,1735930499999,6783927.53110800,16134,24.47511000,2409854.73795130,0
1735930500000,98464.89000000,98570.13000000,98370.00000000,98527.98000000,44.18026000,1735930799999,4350045.94089690,10559,15.83654000,1559112.63808440,0
1735930800000,98527.97000000,98710.53000000,98491.53000000,98710.52000000,84.60901000,1735931099999,8342827.11742670,16675,37.07925000,3656684.65336600,0
1735931100000,98710.52000000,98795.53000000,98640.87000000,98719.99000000,202.06776000,1735931399999,19951316.62412000,19288,79.41485000,7841090.00345140,0
1735931400000,98719.99000000,98900.00000000,98641.84000000,98900.00000000,212.59333000,1735931699999,20995174.12843110,23464,115.51254000,11409872.77638990,0
1735931700000,98899.99000000,98976.91000000,98805.90000000,98944.57000000,97.33144000,1735931999999,9625500.61331120,17179,57.98928000,5734994.69628130,0
1735932000000,98944.57000000,98969.70000000,98718.11000000,98747.21000000,96.08603000,1735932299999,9501262.13012390,18104,29.32316000,2899778.51887620,0
1735932300000,98747.20000000,98794.94000000,98647.47000000,98697.85000000,70.67198000,1735932599999,6976013.17295940,13815,32.97279000,3254741.82083960,0
1735932600000,98697.85000000,98838.18000000,98687.79000000,98752.39000000,69.47770000,1735932899999,6862479.13145080,13838,28.54892000,2819570.09812080,0
1735932900000,98752.39000000,98752.39000000,98660.84000000,98715.58000000,48.10998000,1735933199999,4748508.73890300,12974,18.10963000,1787347.91072200,0
1735933200000,98715.58000000,98792.00000000,98698.23000000,98698.23000000,46.79846000,1735933499999,4620630.77574280,11619,30.34626000,2996096.74497610,0
1735933500000,98697.39000000,98697.39000000,98564.31000000,98660.76000000,52.85391000,1735933799999,5213319.51890520,14001,22.15629000,2185246.07315180,0
1735933800000,98660.77000000,98690.00000000,98554.30000000,98560.44000000,53.01279000,1735934099999,5228260.99452480,11591,24.61029000,2427326.48223570,0
1735934100000,98560.44000000,98626.89000000,98560.44000000,98592.01000000,36.81472000,1735934399999,3629486.51850950,7787,10.30260000,1015639.87541000,0
1735934400000,98592.02000000,98602.29000000,98404.16000000,98404.16000000,85.01157000,1735934699999,8374334.46851270,18733,30.80450000,3034389.46482260,0
1735934700000,98404.16000000,98512.27000000,98404.16000000,98435.36000000,92.49021000,1735934999999,9105331.23212940,10798,29.71368000,2925110.79391310,0
1735935000000,98435.36000000,98479.56000000,98300.00000000,98479.56000000,87.64516000,1735935299999,8623494.29338230,13192,32.81638000,3229027.52954460,0
1735935300000,98479.56000000,98578.95000000,98479.56000000,98556.50000000,51.53757000,1735935599999,5078605.48502650,7225,31.44643000,3098660.11690550,0
1735935600000,98556.49000000,98748.00000000,98516.46000000,98747.99000000,58.92235000,1735935899999,5812682.11945410,10625,35.56609000,3508196.70110010,0
1735935900000,98747.99000000,98748.00000000,98611.45000000,98618.09000000,50.73369000,1735936199999,5004972.77361310,7376,15.88597000,1566897.52559790,0
1735936200000,98618.08000000,98618.08000000,98505.75000000,98599.99000000,70.91221000,1735936499999,6988909.88876830,12341,31.82422000,3136248.99511110,0
1735936500000,98600.00000000,98629.05000000,98444.00000000,98455.00000000,70.56694000,1735936799999,6955298.96188870,10868,28.51579000,2810189.51064290,0
1735936800000,98454.99000000,98479.56000000,98404.13000000,98453.89000000,62.81834000,1735937099999,6184378.33607900,7566,30.35332000,2988097.82374380,0
1735937100000,98453.89000000,98503.47000000,98388.88000000,98388.88000000,73.06930000,1735937399999,7194402.57743660,9804,33.64166000,3312367.18728910,0
1735937400000,98388.88000000,98483.58000000,98370.13000000,98448.23000000,62.13900000,1735937699999,6115928.34715810,9364,23.20407000,2283808.49607120,0
1735937700000,98448.23000000,98448.24000000,98311.51000000,98311.52000000,80.32337000,1735937999999,7902740.01761800,11838,29.24455000,2877063.44458220,0
1735938000000,98311.51000000,98335.99000000,98199.99000000,98284.00000000,91.48763000,1735938299999,8990071.03187940,10340,26.86226000,2639984.16836560,0
1735938300000,98284.00000000,98369.56000000,98284.00000000,98286.84000000,90.55284000,1735938599999,8903237.95563490,8646,55.62676000,5469139.08803290,0
1735938600000,98286.84000000,98286.85000000,98196.96000000,98206.18000000,56.01734000,1735938899999,5502756.91647860,7463,14.94446000,1468029.30157620,0
1735938900000,98206.18000000,98253.18000000,98197.46000000,98235.01000000,32.77281000,1735939199999,3219232.37255780,4770,12.85871000,1263054.45757890,0
1735939200000,98235.02000000,98250.00000000,98197.28000000,98225.87000000,36.55464000,1735939499999,3590733.32852010,5022,12.00700000,1179392.13503230,0
1735939500000,98225.88000000,98274.48000000,98223.21000000,98274.48000000,33.64503000,1735939799999,3305707.15699110,6962,16.19061000,1590771.91672760,0
1735939800000,98274.47000000,98357.64000000,98246.95000000,98312.00000000,38.64130000,1735940099999,3798869.38540910,9021,23.70129000,2330211.43833700,0
1735940100000,98312.00000000,98419.14000000,98311.82000000,98340.00000000,42.03410000,1735940399999,4135089.81983030,8290,32.56308000,3203314.09992330,0
1735940400000,98340.00000000,98370.61000000,98319.30000000,98325.58000000,15.66967000,1735940699999,1540957.06861680,3621,7.30369000,718207.71803570,0
1735940700000,98325.58000000,98325.59000000,98209.95000000,98219.80000000,19.61456000,1735940999999,1927112.85109470,5167,6.20487000,609450.78881280,0
1735941000000,98219.80000000,98358.70000000,98219.79000000,98327.24000000,21.48582000,1735941299999,2111724.53542790,6009,14.15614000,1391180.93586740,0
1735941300000,98327.24000000,98352.00000000,98250.00000000,98272.70000000,28.90463000,1735941599999,2840970.04374860,5898,10.80834000,1062277.59702780,0
1735941600000,98272.70000000,98468.39000000,98272.70000000,98440.75000000,46.44798000,1735941899999,4568464.22647870,8338,23.49475000,2311212.00917920,0
1735941900000,98440.50000000,98440.71000000,98366.77000000,98375.39000000,26.03143000,1735942199999,2561690.87701310,5498,8.19731000,806680.83726360,0
1735942200000,98375.40000000,98375.40000000,98303.94000000,98372.33000000,21.04403000,1735942499999,2069628.91086650,5546,10.57334000,1039810.54947160,0
1735942500000,98372.33000000,98463.86000000,98324.00000000,98450.01000000,33.21388000,1735942799999,3268418.48005360,8328,14.98432000,1474448.72640850,0
1735942800000,98450.00000000,98463.86000000,98400.00000000,98463.85000000,25.18611000,1735943099999,2479122.67923530,2587,11.60177000,1141960.86290160,0
1735943100000,98463.85000000,98512.94000000,98460.37000000,98460.37000000,22.36816000,1735943399999,2202893.34006300,4484,10.54854000,1038835.42925860,0
1735943400000,98460.38000000,98485.83000000,98400.03000000,98408.10000000,21.32645000,1735943699999,2099363.92874270,5920,8.09863000,797276.30580410,0
1735943700000,98408.09000000,98415.29000000,98398.44000000,98414.44000000,24.85916000,1735943999999,2446325.14261940,2826,6.05846000,596202.04418020,0
1735944000000,98414.44000000,98434.34000000,98408.55000000,98408.56000000,19.11923000,1735944299999,1881816.96675910,3112,6.73587000,662975.83518820,0
1735944300000,98408.55000000,98408.56000000,98290.75000000,98290.75000000,17.60597000,1735944599999,1731510.19375660,6129,4.80319000,472377.01228780,0
1735944600000,98290.75000000,98320.52000000,98250.00000000,98268.18000000,36.11629000,1735944899999,3549798.22463300,5746,17.66562000,1736331.46183430,0
1735944900000,98268.18000000,98299.99000000,98268.17000000,98296.37000000,24.22975000,1735945199999,2381438.68137030,2690,7.67458000,754288.81710580,0
1735945200000,98296.37000000,98379.67000000,98296.37000000,98354.88000000,29.78860000,1735945499999,2929687.65624460,6849,14.70311000,1445971.82804570,0
1735945500000,98354.88000000,98382.19000000,98276.97000000,98318.51000000,27.34732000,1735945799999,2689222.40731520,7862,15.03469000,1478522.53431710,0
1735945800000,98318.23000000,98361.40000000,98272.72000000,98277.76000000,41.94440000,1735946099999,4123424.69206150,6836,16.76339000,1647951.29544300,0
1735946100000,98277.76000000,98294.32000000,98170.92000000,98239.99000000,33.52116000,1735946399999,3292512.86463950,7040,9.72240000,954924.55193640,0
1735946400000,98240.00000000,98240.00000000,98189.51000000,98195.01000000,19.52899000,1735946699999,1918087.71436770,3769,6.23493000,612378.11529240,0
1735946700000,98195.02000000,98195.02000000,98101.00000000,98101.01000000,19.03631000,1735946999999,1868224.93149250,6440,5.44276000,534086.65640780,0
1735947000000,98101.01000000,98110.86000000,98067.99000000,98110.86000000,31.69534000,1735947299999,3109226.16758240,4447,17.63301000,1729771.61938610,0
1735947300000,98110.85000000,98184.60000000,98110.85000000,98151.52000000,28.33094000,1735947599999,2780832.01776670,5561,15.18875000,1490716.76693580,0
1735947600000,98151.53000000,98174.19000000,98140.00000000,98174.18000000,25.54213000,1735947899999,2507319.02081060,3259,7.40859000,727223.71600030,0
1735947900000,98174.19000000,98183.96000000,98125.85000000,98132.00000000,18.26763000,1735948199999,1793074.62421370,5255,6.69420000,657036.09413960,0
1735948200000,98131.99000000,98160.99000000,98124.00000000,98127.80000000,18.98380000,1735948499999,1863024.93050990,3159,5.95530000,584424.30915670,0
1735948500000,98127.79000000,98174.18000000,98114.89000000,98174.18000000,20.27565000,1735948799999,1989794.05178330,3028,10.53196000,1033614.15310540,0
1735948800000,98174.17000000,98288.00000000,98174.17000000,98209.88000000,80.85903000,1735949099999,7942865.00426320,10180,43.82914000,4305345.78803630,0
1735949100000,98209.88000000,98219.70000000,98099.46000000,98108.43000000,61.46889000,1735949399999,6033254.45591830,6608,13.59728000,1334419.49685700,0
1735949400000,98108.43000000,98111.12000000,98016.69000000,98111.11000000,42.17739000,1735949699999,4135982.51782500,4310,10.94819000,1073633.09632100,0
1735949700000,98111.12000000,98155.99000000,98111.11000000,98155.98000000,22.86372000,1735949999999,2243725.49691940,2315,11.38550000,1117343.91000970,0
1735950000000,98155.98000000,98155.99000000,98121.21000000,98145.07000000,18.71205000,1735950299999,1836442.06515960,2788,7.06312000,693156.23145200,0
1735950300000,98145.08000000,98145.08000000,98094.01000000,98094.02000000,30.84450000,1735950599999,3026049.48445110,3491,4.22899000,414870.68429720,0
1735950600000,98094.02000000,98094.02000000,98046.49000000,98046.50000000,24.93801000,1735950899999,2445408.42258650,4603,9.73111000,954220.20938300,0
1735950900000,98046.49000000,98046.50000000,97887.20000000,97941.68000000,71.92317000,1735951199999,7045832.78262420,9455,18.74779000,1836118.38050240,0
1735951200000,97941.68000000,98000.01000000,97922.01000000,97986.21000000,25.37459000,1735951499999,2485911.48782960,4383,16.86028000,1651723.26154870,0
1735951500000,97986.20000000,98055.56000000,97915.91000000,97915.91000000,24.89172000,1735951799999,2439550.05772980,7517,13.27614000,1301284.65504320,0
1735951800000,97915.91000000,97999.53000000,97902.01000000,97999.53000000,42.91944000,1735952099999,4203216.68111020,6452,15.60124000,1527950.76208230,0
1735952100000,97999.52000000,98000.00000000,97950.00000000,97950.01000000,18.17070000,1735952399999,1780254.88283320,3428,5.61892000,550455.17162890,0
1735952400000,97950.01000000,98005.69000000,97929.50000000,97963.55000000,40.12637000,1735952699999,3931237.49777310,5623,22.27982000,2182689.97051730,0
1735952700000,97963.55000000,97963.55000000,97909.43000000,97917.21000000,20.07097000,1735952999999,1965481.07061810,4519,10.13321000,992256.82694830,0
1735953000000,97917.21000000,97917.21000000,97828.43000000,97888.78000000,44.06008000,1735953299999,4312077.56498650,8011,15.29086000,1496520.53620510,0
1735953300000,97888.78000000,97888.78000000,97800.00000000,97883.17000000,28.99665000,1735953599999,2837081.14568290,7198,13.06743000,1278509.77288920,0
1735953600000,97883.17000000,97959.23000000,97843.57000000,97959.22000000,26.35243000,1735953899999,2579907.69693940,6577,15.33331000,1501274.80145890,0
1735953900000,97959.22000000,97961.80000000,97925.00000000,97960.15000000,15.77783000,1735954199999,1545397.32275990,3393,10.73854000,1051811.93459240,0
1735954200000,97960.15000000,98000.00000000,97909.09000000,97999.11000000,28.10865000,1735954499999,2753252.99184930,7312,17.17114000,1681878.79325830,0
1735954500000,97999.12000000,98040.64000000,97999.11000000,98040.64000000,19.23043000,1735954799999,1884785.74350980,4731,12.81480000,1255956.14558700,0
1735954800000,98040.64000000,98095.06000000,98040.64000000,98060.11000000,18.11550000,1735955099999,1776369.91678060,5287,10.57641000,1037076.26570450,0
1735955100000,98060.11000000,98090.33000000,98021.05000000,98056.55000000,21.02564000,1735955399999,2061776.69731190,5808,13.44723000,1318607.13084570,0
1735955400000,98056.55000000,98064.00000000,98024.50000000,98031.19000000,10.98169000,1735955699999,1076649.16153170,3854,5.68678000,557522.57021520,0
1735955700000,98031.18000000,98062.33000000,98030.00000000,98040.00000000,19.25235000,1735955999999,1887474.80156800,2612,12.63350000,1238557.96541530,0
1735956000000,98040.00000000,98042.02000000,97916.00000000,97916.18000000,55.34190000,1735956299999,5424106.91929480,5602,32.63643000,3198778.75856920,0
1735956300000,97916.18000000,97916.19000000,97848.48000000,97881.39000000,42.68599000,1735956599999,4177837.71914630,5546,20.75120000,2030928.72317870,0
1735956600000,97881.40000000,97981.74000000,97871.39000000,97922.75000000,31.96898000,1735956899999,3130415.31440610,5155,15.41190000,1509117.56920930,0
1735956900000,97922.75000000,97940.78000000,97900.00000000,97913.84000000,16.05478000,1735957199999,1572002.23665400,2455,9.03114000,884269.21575270,0
1735957200000,97913.84000000,97943.91000000,97900.00000000,97943.91000000,16.81401000,1735957499999,1646458.13638520,3424,10.44962000,1023209.97072980,0
1735957500000,97943.91000000,97944.02000000,97874.46000000,97900.67000000,10.97816000,1735957799999,1074852.21480290,3744,4.23657000,414782.38265170,0
1735957800000,97900.67000000,97982.47000000,97874.64000000,97962.81000000,22.92239000,1735958099999,2244869.90368690,6098,13.35550000,1307843.06221480,0
1735958100000,97962.82000000,98184.00000000,97962.81000000,98140.71000000,50.62601000,1735958399999,4966007.61161700,10969,39.70914000,3894843.93643390,0
1735958400000,98140.71000000,98141.11000000,98111.12000000,98141.10000000,27.59175000,1735958699999,2707345.10576470,3747,14.63413000,1435932.92499570,0
1735958700000,98141.11000000,98300.00000000,98141.11000000,98215.69000000,55.55656000,1735958999999,5458109.32155840,10763,38.74338000,3806204.04056200,0
1735959000000,98215.69000000,98314.15000000,98215.68000000,98264.00000000,15.05580000,1735959299999,1479329.93378930,5999,8.73329000,858117.93987550,0
1735959300000,98264.00000000,98308.88000000,98245.18000000,98304.51000000,23.30525000,1735959599999,2290173.44321190,4078,14.26964000,1402287.46531930,0
1735959600000,98304.51000000,98304.51000000,98232.00000000,98232.00000000,18.23233000,1735959899999,1791482.77152690,3068,5.84958000,574756.59577650,0
1735959900000,98232.00000000,98244.72000000,98119.56000000,98119.57000000,44.79634000,1735960199999,4399332.77098810,5013,9.98169000,980368.31646500,0
1735960200000,98119.56000000,98205.32000000,98111.20000000,98168.66000000,26.86025000,1735960499999,2636905.80772590,5324,14.34927000,1408574.40137720,0
1735960500000,98168.67000000,98168.67000000,98111.20000000,98111.36000000,16.09445000,1735960799999,1579359.92349980,2829,7.12432000,699103.46978830,0
1735960800000,98111.37000000,98111.37000000,98061.63000000,98061.64000000,13.80008000,1735961099999,1353478.94277760,2446,5.76927000,565830.50272340,0
1735961100000,98061.64000000,98092.00000000,98052.97000000,98086.80000000,19.36570000,1735961399999,1899201.43303330,2808,9.79313000,960406.94644040,0
1735961400000,98086.80000000,98099.00000000,98078.48000000,98098.99000000,16.13692000,1735961699999,1582794.96943390,2061,10.12328000,992934.55773950,0
1735961700000,98099.00000000,98194.07000000,98099.00000000,98185.60000000,23.31999000,1735961999999,2289313.38210900,4234,16.34407000,1604445.79581000,0
1735962000000,98185.59000000,98246.97000000,98185.59000000,98246.96000000,17.25442000,1735962299999,1694369.10553460,3020,10.39572000,1020859.26067760,0
1735962300000,98246.96000000,98269.39000000,98196.00000000,98209.31000000,39.22331000,1735962599999,3852363.01434680,5559,23.55363000,2313252.87504590,0
1735962600000,98209.30000000,98263.36000000,98207.20000000,98225.79000000,30.15576000,1735962899999,2962109.12678760,3699,16.06069000,1577516.03495350,0
1735962900000,98225.79000000,98230.26000000,98200.00000000,98200.00000000,9.44895000,1735963199999,928119.18371920,1941,3.29878000,324032.59775670,0
1735963200000,98200.01000000,98200.01000000,97957.02000000,97957.03000000,47.49504000,1735963499999,4656337.59341800,9311,12.06625000,1182900.03912670,0
1735963500000,97957.02000000,98016.57000000,97941.38000000,97953.72000000,33.02744000,1735963799999,3235590.31554100,6855,14.10136000,1381459.86399080,0
1735963800000,97953.72000000,97962.93000000,97918.27000000,97933.46000000,25.14217000,1735964099999,2462531.36299860,3989,11.13601000,1090641.16126050,0
1735964100000,97933.46000000,97972.00000000,97931.55000000,97947.00000000,14.46785000,1735964399999,1417183.59175120,3373,8.15543000,798821.30349660,0
1735964400000,97947.01000000,97953.09000000,97931.99000000,97941.98000000,14.80022000,1735964699999,1449607.47824960,2242,6.73559000,659708.81142510,0
1735964700000,97941.98000000,97959.41000000,97900.00000000,97948.87000000,21.47914000,1735964999999,2103432.59708740,5423,8.92690000,874222.48459030,0
1735965000000,97948.87000000,97948.87000000,97862.87000000,97928.41000000,33.72509000,1735965299999,3301476.97533780,6722,13.86621000,1357403.65592740,0
1735965300000,97928.41000000,97971.99000000,97923.68000000,97971.99000000,17.10664000,1735965599999,1675415.41552140,2014,9.93939000,973500.85972240,0
1735965600000,97971.99000000,98012.91000000,97971.98000000,97999.99000000,29.88921000,1735965899999,2928867.43999780,3261,16.39543000,1606591.61860900,0
1735965900000,98000.00000000,98000.00000000,97950.51000000,97958.92000000,13.63304000,1735966199999,1335558.17849330,3087,8.26220000,809330.27206940,0
1735966200000,97958.91000000,97965.39000000,97932.01000000,97947.72000000,20.97148000,1735966499999,2054142.96907530,2544,16.14322000,1581221.90148220,0
1735966500000,97947.72000000,98001.01000000,97947.72000000,98001.00000000,32.76225000,1735966799999,3210211.89499590,3621,22.45815000,2200532.75943030,0
1735966800000,98001.00000000,98044.06000000,98001.00000000,98003.74000000,15.02247000,1735967099999,1472451.60802900,3436,9.00473000,882593.63304840,0
1735967100000,98003.74000000,98055.56000000,97988.76000000,98033.48000000,22.56011000,1735967399999,2211361.90677150,4836,13.48015000,1321366.06495780,0
1735967400000,98033.47000000,98034.38000000,98010.66000000,98034.37000000,8.26209000,1735967699999,809847.90406110,2259,4.91544000,481807.02749750,0
1735967700000,98034.38000000,98092.63000000,98034.38000000,98092.63000000,16.94829000,1735967999999,1662191.92216550,2948,14.97161000,1468341.91310300,0
1735968000000,98092.62000000,98154.08000000,98092.62000000,98128.57000000,29.07574000,1735968299999,2853030.95508770,5935,22.15918000,2174331.71198420,0
1735968300000,98128.57000000,98164.75000000,98128.57000000,98143.44000000,17.00007000,1735968599999,1668523.09012900,3141,11.32576000,1111595.25166450,0
1735968600000,98143.45000000,98180.00000000,98129.00000000,98159.08000000,20.63663000,1735968899999,2025534.69317740,2868,9.80700000,962612.36717250,0
1735968900000,98159.09000000,98180.00000000,98132.00000000,98132.00000000,13.66683000,1735969199999,1341486.41223470,2017,4.54498000,446130.89159220,0
1735969200000,98132.00000000,98196.51000000,98130.67000000,98186.51000000,21.26351000,1735969499999,2087253.08441420,2486,16.56421000,1625854.43618510,0
1735969500000,98186.51000000,98186.51000000,98167.25000000,98167.26000000,8.17457000,1735969799999,802502.43474570,1241,1.81678000,178349.40793480,0
1735969800000,98167.25000000,98167.26000000,98063.34000000,98102.00000000,59.06960000,1735970099999,5796109.55272450,5548,21.13844000,2074094.91201630,0
1735970100000,98102.01000000,98147.56000000,98091.96000000,98126.21000000,18.29796000,1735970399999,1795510.88894230,3213,10.83953000,1063605.79344880,0
1735970400000,98126.21000000,98130.21000000,98084.00000000,98101.73000000,17.01838000,1735970699999,1669593.89725330,3511,7.26286000,712501.62641290,0
1735970700000,98101.73000000,98136.42000000,98073.51000000,98098.96000000,22.48861000,1735970999999,2206262.98573620,5067,11.07256000,1086235.86991000,0
1735971000000,98098.96000000,98140.98000000,98061.79000000,98063.32000000,23.54910000,1735971299999,2310270.11723450,4863,10.20005000,1000711.89292860,0
1735971300000,98063.32000000,98067.47000000,98047.79000000,98061.02000000,12.73164000,1735971599999,1248389.85442570,2722,6.77231000,664042.17821260,0
1735971600000,98061.03000000,98066.65000000,98048.97000000,98061.99000000,13.27643000,1735971899999,1301862.91821140,2347,5.36499000,526069.14307810,0
1735971900000,98061.99000000,98090.91000000,98061.99000000,98073.02000000,19.20796000,1735972199999,1883876.74295060,2083,8.95051000,877770.18871960,0
1735972200000,98073.03000000,98073.03000000,98039.91000000,98048.55000000,23.75768000,1735972499999,2329647.82644530,3174,8.18602000,802705.59711090,0
1735972500000,98048.55000000,98073.04000000,98048.54000000,98073.04000000,13.34017000,1735972799999,1308250.68512360,2026,5.89809000,578406.40206990,0
1735972800000,98073.04000000,98093.56000000,98055.48000000,98055.49000000,14.64418000,1735973099999,1436233.63949610,2520,6.82765000,669664.88195910,0
1735973100000,98055.48000000,98072.36000000,98041.67000000,98072.35000000,11.61860000,1735973399999,1139183.69259280,2103,7.60158000,745330.07553520,0
1735973400000,98072.35000000,98170.00000000,98072.35000000,98169.99000000,19.41043000,1735973699999,1904489.88930190,4123,15.55717000,1526484.80837340,0
1735973700000,98169.99000000,98209.70000000,98127.53000000,98127.54000000,20.88020000,1735973999999,2049666.11928830,6171,9.43954000,926763.45946530,0
1735974000000,98127.53000000,98130.33000000,98100.32000000,98100.79000000,28.98586000,1735974299999,2843952.30882230,3671,15.22463000,1493703.84883630,0
1735974300000,98100.79000000,98160.24000000,98095.17000000,98156.80000000,17.96373000,1735974599999,1762753.05526990,5351,12.88381000,1264208.72017130,0
1735974600000,98156.80000000,98233.44000000,98156.80000000,98228.83000000,21.31274000,1735974899999,2092908.37844830,6681,16.90933000,1660491.63179490,0
1735974900000,98228.84000000,98350.04000000,98214.07000000,98230.26000000,174.18512000,1735975199999,17122457.48053440,9122,95.82996000,9419060.43147100,0
1735975200000,98230.27000000,98230.27000000,98156.00000000,98156.00000000,30.39537000,1735975499999,2984764.53640190,2670,9.69659000,952200.01859010,0
1735975500000,98156.00000000,98210.32000000,98156.00000000,98193.71000000,15.87306000,1735975799999,1558491.87072240,2968,8.67253000,851441.34012290,0
1735975800000,98193.71000000,98202.91000000,98173.59000000,98179.62000000,19.74456000,1735976099999,1938663.24428410,1936,4.20380000,412780.49602500,0
1735976100000,98179.61000000,98224.37000000,98169.92000000,98218.12000000,52.27976000,1735976399999,5133687.26717320,4125,30.88508000,3032953.12012110,0
1735976400000,98218.12000000,98291.04000000,98218.12000000,98291.03000000,33.50968000,1735976699999,3292133.53300960,2736,27.84189000,2735279.37252270,0
1735976700000,98291.03000000,98323.28000000,98279.50000000,98285.17000000,27.21593000,1735976999999,2675174.65003780,4972,18.46590000,1815033.88794570,0
1735977000000,98285.17000000,98285.17000000,98225.00000000,98241.62000000,14.54017000,1735977299999,1428563.04571480,3394,6.01686000,591072.11063160,0
1735977300000,98241.62000000,98271.88000000,98223.51000000,98271.88000000,18.45543000,1735977599999,1813046.23280800,2635,12.90480000,1267776.38628530,0
1735977600000,98271.87000000,98306.22000000,98255.74000000,98277.28000000,30.57739000,1735977899999,3005014.46745960,3198,21.34076000,2097228.51103640,0
1735977900000,98277.29000000,98277.29000000,98213.84000000,98257.11000000,20.16408000,1735978199999,1980820.21628740,5061,14.01874000,1377099.37939810,0
1735978200000,98257.11000000,98257.11000000,98247.04000000,98248.99000000,10.61618000,1735978499999,1043021.13925230,1419,4.90542000,481945.79399520,0
1735978500000,98248.99000000,98250.00000000,98201.90000000,98201.91000000,22.65182000,1735978799999,2225106.28863830,4928,10.68488000,1049581.73733060,0
1735978800000,98201.91000000,98201.91000000,98132.73000000,98140.01000000,27.42256000,1735979099999,2692038.56258540,4197,8.91185000,874719.51313240,0
1735979100000,98140.01000000,98185.85000000,98112.55000000,98185.85000000,26.18626000,1735979399999,2569960.93328230,3862,19.31881000,1896088.72033780,0
1735979400000,98185.85000000,98235.69000000,98185.84000000,98235.69000000,16.27089000,1735979699999,1597941.70823430,3602,12.14991000,1193207.15964140,0
1735979700000,98235.68000000,98270.07000000,98152.73000000,98152.73000000,25.25952000,1735979999999,2481187.73494430,5491,15.21859000,1495020.40502360,0
1735980000000,98152.74000000,98165.06000000,98136.76000000,98136.76000000,13.71457000,1735980299999,1346130.30185110,2704,6.83951000,671330.24778640,0
1735980300000,98136.76000000,98136.77000000,98080.02000000,98085.08000000,25.27771000,1735980599999,2479666.14843410,3313,7.63164000,748644.45700350,0
1735980600000,98085.09000000,98085.10000000,97951.55000000,97958.00000000,62.37059000,1735980899999,6113287.53710210,5709,14.00121000,1372238.13765330,0
1735980900000,97958.00000000,97959.20000000,97905.26000000,97906.07000000,23.16421000,1735981199999,2268796.81450320,3283,9.18949000,900045.59418400,0
1735981200000,97906.08000000,97980.00000000,97900.00000000,97946.33000000,39.19522000,1735981499999,3838484.17133340,5567,19.34081000,1894060.69079570,0
1735981500000,97946.33000000,97965.45000000,97833.34000000,97850.00000000,38.28847000,1735981799999,3748426.74506090,5473,15.43669000,1511267.78245990,0
1735981800000,97850.00000000,97880.00000000,97850.00000000,97850.00000000,21.43276000,1735982099999,2097398.13081930,3263,8.38094000,820127.95855080,0
1735982100000,97850.00000000,97950.00000000,97713.11000000,97853.75000000,104.78052000,1735982399999,10249430.00841970,16264,38.39182000,3755765.95226990,0
1735982400000,97853.74000000,97907.35000000,97767.93000000,97902.20000000,31.43925000,1735982699999,3076137.38305400,7053,15.72412000,1538656.23502080,0
1735982700000,97902.19000000,97912.00000000,97865.20000000,97873.39000000,26.47750000,1735982999999,2591725.86875020,5497,20.58652000,2015055.80383810,0
1735983000000,97873.39000000,97899.07000000,97845.00000000,97848.84000000,70.63162000,1735983299999,6912900.88647430,7349,28.81337000,2820007.31726890,0
1735983300000,97848.84000000,97848.84000000,97777.72000000,97777.73000000,22.14371000,1735983599999,2165850.39067170,4781,7.62553000,745902.49227000,0
1735983600000,97777.72000000,97833.34000000,97777.72000000,97804.33000000,18.36508000,1735983899999,1796115.84651270,3375,12.71530000,1243492.32945810,0
1735983900000,97804.33000000,97804.34000000,97532.58000000,97630.39000000,239.37956000,1735984199999,23379014.32549700,14010,116.20985000,11346709.06032660,0
1735984200000,97630.39000000,97726.71000000,97630.00000000,97726.71000000,32.44025000,1735984499999,3168505.22351270,6427,20.50892000,2003108.21966740,0
1735984500000,97726.70000000,97726.71000000,97678.62000000,97690.37000000,27.21756000,1735984799999,2659023.66444800,3941,12.68931000,1239565.28211160,0
1735984800000,97690.37000000,97751.88000000,97643.30000000,97682.01000000,33.69064000,1735985099999,3291133.24983420,7243,15.71368000,1534986.47354880,0
1735985100000,97682.01000000,97682.01000000,97635.41000000,97650.56000000,31.56659000,1735985399999,3082655.17985610,3317,17.85687000,1743794.47902090,0
1735985400000,97650.55000000,97708.94000000,97633.28000000,97708.93000000,30.69949000,1735985699999,2998308.91419240,6336,17.95874000,1754060.83712790,0
1735985700000,97708.93000000,97742.38000000,97649.55000000,97649.55000000,34.87424000,1735985999999,3407022.88704280,5274,16.35642000,1598039.24374790,0
1735986000000,97649.55000000,97663.22000000,97600.00000000,97663.21000000,36.87243000,1735986299999,3600135.59519570,7820,19.14252000,1868987.87215040,0
1735986300000,97663.22000000,97762.33000000,97663.21000000,97736.17000000,26.63830000,1735986599999,2603152.89842860,6273,19.77331000,1932223.53021460,0
1735986600000,97736.17000000,97828.00000000,97736.16000000,97808.60000000,32.46053000,1735986899999,3174201.22864200,6647,16.86968000,1649731.47341870,0
1735986900000,97808.59000000,97823.79000000,97783.37000000,97806.09000000,22.57440000,1735987199999,2207794.10289410,5454,9.31074000,910579.04559000,0
1735987200000,97806.09000000,97848.49000000,97806.09000000,97824.65000000,23.07765000,1735987499999,2257554.14924070,5161,10.72524000,1049134.83648030,0
1735987500000,97824.66000000,97848.49000000,97820.49000000,97848.49000000,21.03258000,1735987799999,2057718.39937080,3983,10.76755000,1053430.15371440,0
1735987800000,97848.49000000,97859.60000000,97816.08000000,97826.10000000,23.23844000,1735988099999,2273438.96469940,3543,9.96778000,975150.60253360,0
1735988100000,97826.10000000,97826.11000000,97789.31000000,97789.32000000,13.96031000,1735988399999,1365335.54301250,2665,4.38727000,429069.57378890,0
1735988400000,97789.32000000,97789.32000000,97759.97000000,97771.50000000,12.75318000,1735988699999,1246998.15964970,1821,6.42214000,627940.20860740,0
1735988700000,97771.50000000,97777.77000000,97711.54000000,97733.91000000,36.26526000,1735988999999,3544638.36955630,5163,15.39509000,1504787.82021640,0
1735989000000,97733.91000000,97772.51000000,97730.33000000,97771.74000000,15.12026000,1735989299999,1477991.28048330,4508,6.04468000,590845.96966060,0
1735989300000,97771.74000000,97777.54000000,97729.99000000,97777.53000000,24.58073000,1735989599999,2402746.88680950,3315,8.31094000,812429.99801530,0
1735989600000,97777.54000000,97781.02000000,97757.02000000,97774.81000000,23.76155000,1735989899999,2323151.23824740,2415,16.58824000,1621782.93016330,0
1735989900000,97774.82000000,97774.82000000,97723.98000000,97758.89000000,26.75550000,1735990199999,2615376.93864110,2522,8.36621000,817676.17618870,0
1735990200000,97758.89000000,97791.09000000,97758.88000000,97774.42000000,28.90920000,1735990499999,2826578.14810480,1347,26.71783000,2612333.18517980,0
1735990500000,97774.42000000,97809.44000000,97774.41000000,97809.43000000,10.86342000,1735990799999,1062280.53153710,2462,7.15858000,700000.92217280,0
1735990800000,97809.44000000,97849.10000000,97809.43000000,97839.75000000,14.69266000,1735991099999,1437408.27541670,2310,9.39664000,919299.06467500,0
1735991100000,97839.76000000,97867.80000000,97832.00000000,97832.01000000,19.17881000,1735991399999,1876555.35126580,2506,12.03670000,1177741.84375110,0
1735991400000,97832.01000000,97923.07000000,97832.00000000,97917.01000000,37.27147000,1735991699999,3648354.79829410,9004,27.10896000,2653528.52662750,0
1735991700000,97917.00000000,97917.01000000,97868.17000000,97889.39000000,28.95914000,1735991999999,2834836.89225410,5401,14.80373000,1449179.65830930,0
1735992000000,97889.40000000,97905.35000000,97855.69000000,97905.34000000,31.26116000,1735992299999,3060033.18444510,4280,14.14067000,1384198.57511650,0
1735992300000,97905.34000000,97927.57000000,97847.42000000,97847.42000000,22.20133000,1735992599999,2173009.91407640,3806,4.32131000,423007.41070620,0
1735992600000,97847.43000000,97847.43000000,97804.00000000,97840.00000000,19.09553000,1735992899999,1867924.36458780,4080,10.01994000,980127.17656930,0
1735992900000,97840.00000000,97850.01000000,97800.00000000,97841.16000000,30.37515000,1735993199999,2971407.27409440,6080,14.35170000,1403923.63181020,0
1735993200000,97841.16000000,97950.00000000,97841.15000000,97949.99000000,27.70770000,1735993499999,2712787.71762910,8954,20.37295000,1994528.24345620,0
1735993500000,97950.00000000,98016.97000000,97921.89000000,97921.89000000,55.88698000,1735993799999,5475289.33615200,10630,21.96151000,2151725.53952220,0
1735993800000,97921.90000000,97941.26000000,97873.88000000,97917.09000000,32.60984000,1735994099999,3192689.94113980,8609,17.39819000,1703394.11503530,0
1735994100000,97917.09000000,97993.49000000,97876.93000000,97931.23000000,33.74148000,1735994399999,3304545.12458440,5856,20.84089000,2041037.06555920,0
1735994400000,97931.23000000,97931.24000000,97867.43000000,97867.43000000,22.99270000,1735994699999,2251162.41628350,2743,6.37824000,624516.78065280,0
1735994700000,97867.43000000,97867.44000000,97801.49000000,97857.89000000,31.89007000,1735994999999,3119743.86486370,6101,14.53683000,1422046.93342490,0
1735995000000,97857.90000000,97867.44000000,97857.89000000,97860.01000000,12.14111000,1735995299999,1188171.11432830,2625,3.13865000,307156.23577090,0
1735995300000,97860.01000000,97897.98000000,97860.00000000,97888.12000000,16.89387000,1735995599999,1653692.52484020,3507,11.44278000,1120092.69826220,0
1735995600000,97888.12000000,97904.39000000,97878.78000000,97889.41000000,19.36561000,1735995899999,1895720.32332230,4410,10.41592000,1019611.69109500,0
1735995900000,97889.41000000,97946.73000000,97889.40000000,97946.73000000,15.01545000,1735996199999,1470174.67177220,3879,11.30475000,1106864.65281320,0
1735996200000,97946.73000000,97967.35000000,97860.00000000,97896.00000000,47.20437000,1735996499999,4622502.17673790,8089,21.19871000,2075768.98834900,0
1735996500000,97896.01000000,97928.48000000,97770.74000000,97831.08000000,62.22755000,1735996799999,6089231.85223950,9430,22.29147000,2181621.96585360,0
1735996800000,97831.09000000,97844.00000000,97800.75000000,97817.58000000,24.69230000,1735997099999,2415340.08428600,3595,11.17494000,1093067.94602940,0
1735997100000,97817.58000000,97860.00000000,97811.00000000,97849.51000000,17.23253000,1735997399999,1685894.33309570,4344,10.72873000,1049601.54083330,0
1735997400000,97849.51000000,97864.35000000,97800.75000000,97800.76000000,19.90575000,1735997699999,1947395.96176470,3669,8.37389000,819187.42294720,0
1735997700000,97800.76000000,97812.79000000,97750.00000000,97789.69000000,66.50536000,1735997999999,6502680.46519970,6877,42.65110000,4169992.81342010,0
1735998000000,97789.68000000,97876.32000000,97763.97000000,97876.31000000,49.70186000,1735998299999,4861749.40042460,8430,18.12264000,1772669.86461140,0
1735998300000,97876.32000000,97969.70000000,97876.32000000,97969.69000000,35.84664000,1735998599999,3510622.54112000,5588,27.90396000,2732723.60916930,0
1735998600000,97969.69000000,98060.00000000,97949.54000000,98019.32000000,55.25246000,1735998899999,5414236.42357230,10403,33.05428000,3239175.27011680,0
1735998900000,98019.33000000,98068.46000000,97972.01000000,97973.05000000,50.25066000,1735999199999,4926087.64384760,7014,28.71436000,2814966.47136450,0
1735999200000,97973.05000000,97980.00000000,97923.61000000,97941.42000000,25.50002000,1735999499999,2497779.15611780,7347,8.01814000,785402.27477970,0
1735999500000,97941.42000000,97941.43000000,97895.00000000,97925.67000000,21.02871000,1735999799999,2059049.99233870,5637,12.58271000,1232017.01739270,0
1735999800000,97925.66000000,97925.67000000,97858.14000000,97867.13000000,25.44805000,1736000099999,2491405.17735250,5596,9.16932000,897643.13069930,0
1736000100000,97867.13000000,97878.54000000,97828.38000000,97855.83000000,32.92406000,1736000399999,3221766.12961040,6033,19.06437000,1865532.71317780,0
1736000400000,97855.83000000,97960.00000000,97855.83000000,97959.98000000,26.74861000,1736000699999,2619089.97199340,9185,16.34880000,1600734.49791930,0
1736000700000,97959.99000000,98013.32000000,97945.15000000,98000.00000000,41.19545000,1736000999999,4036350.62308830,7571,17.11556000,1677081.56876230,0
1736001000000,98000.01000000,98000.01000000,97940.64000000,97995.64000000,30.84397000,1736001299999,3022091.26692460,5644,13.53438000,1325914.94423110,0
1736001300000,97995.64000000,98080.15000000,97995.64000000,98046.35000000,42.70695000,1736001599999,4186882.80170440,7429,31.83040000,3120399.50277060,0
1736001600000,98046.34000000,98064.05000000,98036.36000000,98059.98000000,24.81464000,1736001899999,2433094.45681000,4274,7.42286000,727777.93619200,0
1736001900000,98059.99000000,98059.99000000,97999.89000000,97999.91000000,16.25751000,1736002199999,1593775.44671300,3908,4.00587000,392696.83512570,0
1736002200000,97999.90000000,98049.62000000,97999.90000000,98049.61000000,19.21518000,1736002499999,1883343.87001050,4241,9.80539000,961058.21721300,0
1736002500000,98049.62000000,98057.54000000,98030.30000000,98035.04000000,22.75845000,1736002799999,2231369.45166790,3489,5.35393000,524887.98052750,0
1736002800000,98035.05000000,98044.72000000,98000.00000000,98006.59000000,23.52739000,1736003099999,2306163.89742860,4749,5.47767000,536893.83386850,0
1736003100000,98006.59000000,98006.60000000,97956.52000000,97961.00000000,34.94826000,1736003399999,3424312.93511190,7061,5.33254000,522466.31135610,0
1736003400000,97960.99000000,98019.99000000,97925.60000000,97997.81000000,29.62817000,1736003699999,2902826.36077480,7862,11.92672000,1168514.62337780,0
1736003700000,97997.81000000,98151.52000000,97997.81000000,98151.52000000,35.46468000,1736003999999,3478320.81643430,9560,27.78708000,2725352.29624870,0
1736004000000,98151.52000000,98152.02000000,98104.75000000,98119.02000000,20.36603000,1736004299999,1998582.12733690,4342,7.94195000,779349.03691400,0
1736004300000,98119.03000000,98119.03000000,97625.60000000,97832.06000000,118.47494000,1736004599999,11585603.57276300,25482,59.25293000,5793453.58300560,0
1736004600000,97832.07000000,97832.07000000,97602.16000000,97643.63000000,84.07804000,1736004899999,8214531.49161580,24366,25.41308000,2482605.29706710,0
1736004900000,97643.63000000,97705.72000000,97568.34000000,97636.37000000,86.93474000,1736005199999,8487055.85319310,23126,39.69124000,3874905.89742620,0
1736005200000,97636.37000000,97672.82000000,97576.34000000,97637.63000000,112.39430000,1736005499999,10970719.13204070,15831,26.58130000,2594779.20725280,0
1736005500000,97637.63000000,97720.00000000,97583.84000000,97633.25000000,75.44660000,1736005799999,7368178.60429430,17086,28.83890000,2816713.55410270,0
1736005800000,97633.25000000,97737.50000000,97514.79000000,97720.36000000,81.03579000,1736006099999,7914225.02652830,14261,47.59721000,4649448.81630340,0
1736006100000,97720.36000000,97733.78000000,97628.00000000,97657.94000000,35.48531000,1736006399999,3466172.72717590,10090,13.59784000,1328168.90444250,0
1736006400000,97657.95000000,97778.47000000,97650.00000000,97774.63000000,66.83533000,1736006699999,6532078.78959110,10125,53.67239000,5245590.42628790,0
1736006700000,97774.63000000,97774.64000000,97623.99000000,97700.00000000,31.36880000,1736006999999,3063894.63059920,11980,14.06609000,1373708.60109410,0
1736007000000,97700.00000000,97800.00000000,97699.99000000,97780.29000000,31.60693000,1736007299999,3089628.78625450,5860,19.76021000,1931432.33628530,0
1736007300000,97780.29000000,97874.68000000,97755.34000000,97755.34000000,26.59752000,1736007599999,2601619.01346720,9179,11.05723000,1081596.61214830,0
1736007600000,97755.34000000,97827.49000000,97715.11000000,97778.56000000,32.86525000,1736007899999,3213426.51611950,8004,11.36517000,1111045.15828500,0
1736007900000,97778.57000000,97804.00000000,97703.11000000,97703.12000000,16.05789000,1736008199999,1569515.55357140,7562,6.89647000,674087.51332860,0
1736008200000,97703.11000000,97703.11000000,97550.00000000,97552.00000000,153.63321000,1736008499999,14994291.62766340,11926,29.99740000,2928356.93714990,0
1736008500000,97552.00000000,97687.84000000,97549.99000000,97687.84000000,126.98610000,1736008799999,12392066.60409990,12645,46.19199000,4508032.01341020,0
1736008800000,97687.83000000,97691.64000000,97628.40000000,97636.42000000,31.24720000,1736009099999,3051934.28613480,6191,17.68126000,1727030.33058610,0
1736009100000,97636.41000000,97688.49000000,97622.66000000,97680.26000000,27.55344000,1736009399999,2690699.46854650,6716,9.10655000,889309.72480630,0
1736009400000,97680.27000000,97726.71000000,97680.26000000,97726.71000000,18.40499000,1736009699999,1798277.85326980,4351,9.09585000,888727.93782850,0
1736009700000,97726.70000000,97729.14000000,97700.77000000,97704.60000000,11.96235000,1736009999999,1168873.37165790,2721,3.02480000,295545.70018290,0
1736010000000,97704.60000000,97761.49000000,97687.77000000,97721.69000000,20.49798000,1736010299999,2003141.58485000,7342,10.15118000,992016.56516710,0
1736010300000,97721.68000000,97801.27000000,97721.68000000,97775.34000000,23.66528000,1736010599999,2313984.56954290,6674,12.26908000,1199542.34550950,0
1736010600000,97775.34000000,97775.34000000,97750.00000000,97774.69000000,12.47411000,1736010899999,1219507.19801340,3441,5.04861000,493544.76327850,0
1736010900000,97774.69000000,97815.63000000,97774.69000000,97815.63000000,12.03458000,1736011199999,1176938.63176870,3937,3.70225000,362062.45590290,0
1736011200000,97815.62000000,97826.81000000,97800.00000000,97826.80000000,19.86125000,1736011499999,1942684.05620430,2398,7.85687000,768445.15827210,0
1736011500000,97826.81000000,97826.81000000,97780.28000000,97780.29000000,17.04240000,1736011799999,1666822.96325690,3227,3.49297000,341637.24776090,0
1736011800000,97780.28000000,97890.94000000,97752.02000000,97890.94000000,32.31828000,1736012099999,3161259.35809310,7228,23.09820000,2259471.69509110,0
1736012100000,97890.94000000,97909.10000000,97865.74000000,97874.03000000,18.74553000,1736012399999,1835161.12965940,3656,9.66095000,945799.43558390,0
1736012400000,97874.03000000,97877.01000000,97846.00000000,97877.01000000,16.28273000,1736012699999,1593518.04948960,2387,8.41188000,823253.21961140,0
1736012700000,97877.00000000,97952.00000000,97865.89000000,97931.75000000,16.85076000,1736012999999,1649974.14406500,4404,7.95125000,778558.51325380,0
1736013000000,97931.74000000,97955.21000000,97924.69000000,97937.87000000,12.62316000,1736013299999,1236255.59597140,2994,6.41027000,627793.82115550,0
1736013300000,97937.87000000,98049.99000000,97929.04000000,98016.26000000,49.05099000,1736013599999,4806444.65438690,7729,35.39595000,3468387.55299870,0
1736013600000,98016.26000000,98045.32000000,97965.46000000,98002.09000000,23.20088000,1736013899999,2273593.08546030,6920,9.80076000,960469.42818370,0
1736013900000,98002.08000000,98040.98000000,97962.67000000,98040.97000000,24.98060000,1736014199999,2447946.67219790,4148,17.16374000,1681940.85932540,0
1736014200000,98040.97000000,98084.16000000,98022.20000000,98065.12000000,18.87911000,1736014499999,1850988.50164590,3592,7.85180000,769829.25565340,0
1736014500000,98065.13000000,98117.45000000,98042.19000000,98111.96000000,31.04437000,1736014799999,3044962.76909650,5701,19.30857000,1893977.91024280,0
1736014800000,98111.97000000,98111.97000000,98056.18000000,98087.88000000,25.96515000,1736015099999,2546708.75789840,5460,13.44674000,1318812.98907040,0
1736015100000,98087.89000000,98139.13000000,98057.27000000,98057.28000000,18.15641000,1736015399999,1781228.25859280,3797,7.16042000,702503.84817300,0
1736015400000,98057.27000000,98079.31000000,97976.74000000,98067.81000000,18.31620000,1736015699999,1795446.35943010,6495,8.30429000,813980.00826470,0
1736015700000,98067.82000000,98098.39000000,98052.48000000,98064.30000000,12.22477000,1736015999999,1199007.24894210,3333,5.85097000,573866.98163530,0
1736016000000,98064.29000000,98079.19000000,98046.38000000,98046.40000000,8.45306000,1736016299999,828999.96517020,2227,2.44894000,240163.26491390,0
1736016300000,98046.40000000,98064.01000000,97909.85000000,97921.34000000,31.51815000,1736016599999,3088110.30417040,6719,9.75713000,956409.39992940,0
1736016600000,97921.33000000,97962.50000000,97921.33000000,97962.49000000,9.70974000,1736016899999,951041.45734840,1298,7.71155000,755305.21390890,0
1736016900000,97962.49000000,97962.50000000,97946.46000000,97961.56000000,14.76953000,1736017199999,1446783.61635250,1699,4.32531000,423694.45011970,0
1736017200000,97961.56000000,97985.04000000,97931.23000000,97951.24000000,18.91513000,1736017499999,1852981.13221870,3629,8.24163000,807365.95254090,0
1736017500000,97951.25000000,98069.99000000,97951.24000000,98069.98000000,17.85611000,1736017799999,1749978.68740710,5838,14.32272000,1403703.54559950,0
1736017800000,98069.99000000,98123.44000000,98036.00000000,98123.44000000,30.89618000,1736018099999,3030200.76607010,5547,22.82980000,2239142.44126110,0
1736018100000,98123.43000000,98350.00000000,98123.43000000,98194.66000000,99.18562000,1736018399999,9746400.81022210,17656,62.95478000,6186101.08495090,0
1736018400000,98194.66000000,98245.93000000,98154.18000000,98163.99000000,36.99810000,1736018699999,3633436.47142200,7047,19.71608000,1936281.67437910,0
1736018700000,98164.00000000,98188.00000000,98163.99000000,98167.17000000,11.22244000,1736018999999,1101732.37212630,3232,4.43147000,435037.41245740,0
1736019000000,98167.17000000,98252.37000000,98167.17000000,98252.37000000,14.61770000,1736019299999,1435777.24313520,4324,9.41006000,924269.31309910,0
1736019300000,98252.36000000,98264.24000000,98170.21000000,98176.17000000,17.84361000,1736019599999,1752799.89181520,4390,2.14691000,210871.77304110,0
1736019600000,98176.16000000,98176.16000000,98119.58000000,98140.97000000,19.00477000,1736019899999,1865191.21637780,4726,5.34841000,524888.27870860,0
1736019900000,98140.98000000,98149.99000000,98093.66000000,98113.64000000,36.34034000,1736020199999,3565637.88027210,2724,3.35611000,329276.05035200,0
1736020200000,98113.64000000,98200.00000000,98113.64000000,98181.72000000,16.92559000,1736020499999,1661465.67490760,4209,9.70986000,953085.32619220,0
1736020500000,98181.72000000,98200.00000000,98166.25000000,98166.26000000,10.67609000,1736020799999,1048243.23014110,2729,2.50437000,245877.70672210,0
1736020800000,98166.26000000,98490.00000000,98166.25000000,98267.81000000,101.23250000,1736021099999,9957674.95617160,16532,64.01796000,6296415.28718630,0
1736021100000,98267.80000000,98327.72000000,98267.80000000,98304.08000000,16.71667000,1736021399999,1643178.25702620,4252,9.67075000,950539.28871330,0
1736021400000,98304.09000000,98312.93000000,98273.59000000,98292.50000000,12.88986000,1736021699999,1266965.75946850,2425,6.85196000,673464.62516560,0
1736021700000,98292.50000000,98337.99000000,98251.99000000,98337.98000000,15.38664000,1736021999999,1512331.45462930,3838,6.52747000,641606.99746000,0
1736022000000,98337.99000000,98416.15000000,98337.98000000,98380.57000000,21.35258000,1736022299999,2100656.62336810,5774,8.89580000,875091.70749060,0
1736022300000,98380.57000000,98466.21000000,98380.57000000,98456.37000000,15.66360000,1736022599999,1541661.01607320,2939,10.01096000,985288.49077680,0
1736022600000,98456.37000000,98464.13000000,98400.00000000,98464.12000000,51.28631000,1736022899999,5048043.16785060,5630,19.11726000,1881540.40770740,0
1736022900000,98464.13000000,98523.17000000,98464.12000000,98478.61000000,41.24685000,1736023199999,4062508.34464750,6560,26.78507000,2638121.35501880,0
1736023200000,98478.61000000,98671.02000000,98478.61000000,98543.99000000,77.44362000,1736023499999,7635300.61328600,15090,46.58443000,4592799.69672300,0
1736023500000,98543.98000000,98603.07000000,98538.66000000,98574.01000000,24.77403000,1736023799999,2442050.45054220,6855,11.46551000,1130117.87774740,0
1736023800000,98574.01000000,98610.40000000,98521.98000000,98602.01000000,36.80453000,1736024099999,3627260.73698300,5407,14.18680000,1398176.46477210,0
1736024100000,98602.01000000,98626.97000000,98590.01000000,98599.02000000,26.89754000,1736024399999,2652211.71474420,3182,14.86488000,1465719.13585330,0
1736024400000,98599.02000000,98727.99000000,98599.02000000,98716.53000000,57.36514000,1736024699999,5660680.55881280,11427,32.84451000,3240882.45389650,0
1736024700000,98716.53000000,98778.43000000,98565.28000000,98565.28000000,58.80808000,1736024999999,5803844.39462100,11806,34.39353000,3395383.68156640,0
1736025000000,98565.28000000,98614.20000000,98539.98000000,98548.49000000,30.73812000,1736025299999,3029696.19538090,6396,10.27459000,1012772.68338130,0
1736025300000,98548.50000000,98663.46000000,98504.18000000,98564.54000000,49.43426000,1736025599999,4873054.17138370,10116,19.28668000,1901509.86928710,0
1736025600000,98564.55000000,98625.15000000,98534.86000000,98575.81000000,84.65419000,1736025899999,8344727.45689980,8594,59.73396000,5888229.70819380,0
1736025900000,98575.81000000,98586.27000000,98502.77000000,98532.81000000,79.71620000,1736026199999,7856147.72544650,6340,42.45454000,4183952.27941770,0
1736026200000,98532.81000000,98532.82000000,98412.02000000,98483.24000000,83.19443000,1736026499999,8192083.58571450,8764,51.02885000,5024649.50615050,0
1736026500000,98483.25000000,98515.16000000,98465.05000000,98465.05000000,15.94454000,1736026799999,1570421.05106650,4670,4.99003000,491443.89734260,0
1736026800000,98465.05000000,98465.06000000,98363.63000000,98384.52000000,19.18127000,1736027099999,1887352.76338780,5975,6.58386000,647753.63770320,0
1736027100000,98384.53000000,98384.53000000,98344.00000000,98378.79000000,20.63979000,1736027399999,2030135.34398630,4330,7.13901000,702177.15714570,0
1736027400000,98378.78000000,98407.92000000,98372.64000000,98378.43000000,24.57598000,1736027699999,2417771.81752280,3722,11.02971000,1085054.06658620,0
1736027700000,98378.43000000,98378.44000000,98351.18000000,98362.43000000,12.12390000,1736027999999,1192531.82991060,3117,6.75377000,664312.42125960,0
1736028000000,98362.43000000,98406.27000000,98339.38000000,98339.38000000,12.24846000,1736028299999,1204949.55628970,4682,3.50698000,345017.52933070,0
1736028300000,98339.39000000,98376.00000000,98334.30000000,98342.00000000,22.02440000,1736028599999,2165988.71857510,3897,6.18253000,608030.15418820,0
1736028600000,98342.00000000,98380.00000000,98340.54000000,98340.54000000,17.09678000,1736028899999,1681562.04690290,2677,6.44270000,633642.51009580,0
1736028900000,98340.54000000,98340.55000000,98334.93000000,98334.94000000,22.37684000,1736029199999,2200491.47637760,1278,0.87738000,86280.95228350,0
1736029200000,98334.94000000,98334.94000000,98266.33000000,98285.00000000,54.13131000,1736029499999,5321428.16275220,3996,6.84845000,673042.09970430,0
1736029500000,98284.99000000,98285.00000000,98268.00000000,98268.00000000,15.49838000,1736029799999,1523149.90323070,1259,3.47387000,341418.88554690,0
1736029800000,98268.01000000,98380.00000000,98265.91000000,98380.00000000,51.34603000,1736030099999,5048573.58179460,5789,16.94892000,1666394.27023560,0
1736030100000,98380.00000000,98410.68000000,98345.88000000,98410.68000000,23.11449000,1736030399999,2273970.77009080,4416,6.70640000,659739.04532740,0
1736030400000,98410.67000000,98448.47000000,98408.10000000,98408.11000000,19.08558000,1736030699999,1878614.34567050,3154,6.31440000,621535.17757480,0
1736030700000,98408.10000000,98464.07000000,98359.53000000,98460.77000000,20.72042000,1736030999999,2039028.16008890,5216,10.74196000,1057071.82299270,0
1736031000000,98460.78000000,98484.85000000,98460.77000000,98460.78000000,15.66665000,1736031299999,1542705.38258510,2198,8.17022000,804472.29769610,0
1736031300000,98460.77000000,98460.78000000,98417.25000000,98417.25000000,16.39813000,1736031599999,1614407.70997870,1961,1.57447000,155012.98887730,0
1736031600000,98417.25000000,98419.14000000,98318.36000000,98352.51000000,50.51514000,1736031899999,4968710.48187570,9695,19.12111000,1880619.30027110,0
1736031900000,98352.50000000,98373.16000000,98178.55000000,98240.05000000,36.18807000,1736032199999,3555785.37961490,7805,9.52706000,936057.13949420,0
1736032200000,98240.05000000,98240.05000000,98143.20000000,98174.99000000,21.91176000,1736032499999,2151335.74601130,3223,6.71540000,659308.76769710,0
1736032500000,98175.00000000,98250.99000000,98174.99000000,98250.99000000,11.72469000,1736032799999,1151556.16116040,4913,6.02158000,591400.99831450,0
1736032800000,98250.98000000,98272.56000000,98214.35000000,98220.49000000,13.66608000,1736033099999,1342758.04111140,3103,7.80035000,766406.88998460,0
1736033100000,98220.49000000,98263.72000000,98220.49000000,98240.00000000,10.71172000,1736033399999,1052411.35350500,2737,4.66854000,458659.53992570,0
1736033400000,98240.00000000,98259.00000000,98228.70000000,98258.99000000,10.37730000,1736033699999,1019446.80566520,2623,6.23681000,612689.66476180,0
1736033700000,98258.99000000,98280.00000000,98216.56000000,98223.26000000,39.90585000,1736033999999,3920852.62969290,3751,33.41632000,3283238.57616450,0
1736034000000,98223.26000000,98225.62000000,98208.00000000,98225.62000000,6.51899000,1736034299999,640279.00796300,2002,3.32472000,326548.04946610,0
1736034300000,98225.61000000,98263.99000000,98212.26000000,98263.99000000,21.19176000,1736034599999,2081571.14557170,2865,16.69079000,1639438.18171370,0
1736034600000,98263.99000000,98311.24000000,98259.40000000,98259.41000000,17.64901000,1736034899999,1734761.75457780,3656,5.07314000,498610.86866390,0
1736034900000,98259.41000000,98272.49000000,98220.50000000,98220.50000000,13.47085000,1736035199999,1323519.01482140,2424,3.02824000,297550.32701110,0
1736035200000,98220.51000000,98256.36000000,98170.66000000,98170.67000000,43.99453000,1736035499999,4321540.58146160,7306,23.34093000,2292916.58214970,0
1736035500000,98170.66000000,98256.36000000,98154.18000000,98256.35000000,22.03394000,1736035799999,2163154.47712540,4759,7.71215000,757248.46367320,0
1736035800000,98256.35000000,98328.09000000,98256.35000000,98286.77000000,16.72602000,1736036099999,1643948.29820830,4688,7.19633000,707260.04950240,0
1736036100000,98286.77000000,98391.59000000,98286.77000000,98354.45000000,33.94386000,1736036399999,3338414.94484900,8494,21.65408000,2129646.14100320,0
1736036400000,98354.45000000,98354.46000000,98213.66000000,98213.67000000,32.97368000,1736036699999,3240491.88814760,6741,7.64348000,751130.00159680,0
1736036700000,98213.67000000,98272.31000000,98199.51000000,98272.31000000,15.59046000,1736036999999,1531276.86286040,3038,7.32379000,719374.39984300,0
1736037000000,98272.31000000,98300.00000000,98238.24000000,98300.00000000,16.65383000,1736037299999,1636461.24601090,4660,5.29557000,520403.66724530,0
1736037300000,98300.00000000,98343.90000000,98285.48000000,98313.36000000,25.77834000,1736037599999,2534307.18470830,5302,8.56663000,842089.02266440,0
1736037600000,98313.37000000,98313.37000000,98254.75000000,98254.75000000,11.54389000,1736037899999,1134401.80619610,3496,4.09036000,401913.57584590,0
1736037900000,98254.75000000,98279.84000000,98221.17000000,98221.17000000,11.93721000,1736038199999,1172858.64855740,4793,2.48404000,244049.27237980,0
1736038200000,98221.17000000,98236.79000000,98200.36000000,98234.54000000,11.52794000,1736038499999,1132313.59839510,3643,5.29250000,519849.91800870,0
1736038500000,98234.54000000,98234.55000000,98212.55000000,98213.43000000,11.72982000,1736038799999,1152098.38978580,1595,3.21767000,316046.87800110,0
1736038800000,98213.44000000,98222.87000000,98200.33000000,98200.33000000,11.89871000,1736039099999,1168649.23199700,2668,5.15180000,505981.08286270,0
1736039100000,98200.34000000,98200.34000000,98151.51000000,98185.75000000,22.02940000,1736039399999,2162765.49754870,3973,10.83291000,1063508.17485270,0
1736039400000,98185.75000000,98298.56000000,98185.74000000,98282.07000000,19.82652000,1736039699999,1948060.97050500,3751,14.14372000,1389583.94378200,0
1736039700000,98282.07000000,98322.35000000,98259.25000000,98322.34000000,10.79995000,1736039999999,1061565.23585240,2661,7.38823000,726255.76737890,0
1736040000000,98322.35000000,98322.35000000,98278.89000000,98278.89000000,13.17044000,1736040299999,1294629.40287040,2099,5.23991000,515048.02937530,0
1736040300000,98278.89000000,98278.90000000,98213.61000000,98213.61000000,21.46917000,1736040599999,2109114.20269800,2455,10.27648000,1009511.75375970,0
1736040600000,98213.61000000,98213.62000000,98123.86000000,98159.92000000,39.10093000,1736040899999,3838511.96778420,4943,18.21681000,1788221.74043380,0
1736040900000,98159.92000000,98159.93000000,98070.47000000,98090.90000000,35.07624000,1736041199999,3441188.34787510,8136,7.88566000,773578.30596080,0
1736041200000,98090.91000000,98150.54000000,98062.36000000,98150.53000000,15.43965000,1736041499999,1514712.83800640,4125,10.59637000,1039640.41220110,0
1736041500000,98150.53000000,98150.54000000,98059.61000000,98059.61000000,20.48883000,1736041799999,2010183.38241030,3964,5.26091000,516188.40793490,0
1736041800000,98059.61000000,98076.00000000,98050.00000000,98050.01000000,14.20427000,1736042099999,1392888.45424310,2649,9.38252000,920068.86415970,0
1736042100000,98050.01000000,98133.35000000,98050.00000000,98123.53000000,13.85836000,1736042399999,1359429.83314190,3319,7.00689000,687301.42635930,0
1736042400000,98123.53000000,98150.00000000,98123.52000000,98150.00000000,8.18762000,1736042699999,803535.65394670,2176,3.08176000,302441.39760720,0
1736042700000,98149.99000000,98187.34000000,98134.17000000,98184.43000000,19.39100000,1736042999999,1903437.55354400,3193,13.05257000,1281268.35080010,0
1736043000000,98184.44000000,98198.05000000,98170.17000000,98189.05000000,14.12699000,1736043299999,1387002.12448250,3110,5.91171000,580394.10279430,0
1736043300000,98189.06000000,98190.01000000,98171.32000000,98179.79000000,22.88113000,1736043599999,2246510.77322780,1581,10.11526000,993091.50670930,0
1736043600000,98179.79000000,98209.69000000,98175.18000000,98181.64000000,25.54060000,1736043899999,2507583.63666070,3177,8.02141000,787568.31562790,0
1736043900000,98181.64000000,98212.13000000,98154.32000000,98181.82000000,12.79750000,1736044199999,1256546.96410690,4852,5.43570000,533705.87166330,0
1736044200000,98181.81000000,98181.82000000,98105.41000000,98148.00000000,20.94138000,1736044499999,2054780.64666230,3998,11.65649000,1143671.34558480,0
1736044500000,98147.99000000,98181.82000000,98114.64000000,98129.66000000,15.33422000,1736044799999,1505014.50430150,4424,3.95664000,388348.19807570,0
1736044800000,98129.65000000,98154.34000000,98129.39000000,98154.34000000,7.51913000,1736045099999,737944.98345440,2776,3.33675000,327464.02714610,0
1736045100000,98154.33000000,98179.27000000,98154.33000000,98167.10000000,20.64153000,1736045399999,2026267.29837690,2552,7.61501000,747474.60853320,0
1736045400000,98167.10000000,98174.46000000,98164.37000000,98164.37000000,8.92774000,1736045699999,876437.39892900,1075,1.88836000,185378.03859930,0
1736045700000,98164.38000000,98227.49000000,98164.37000000,98227.48000000,11.24795000,1736045999999,1104601.18709130,2107,6.63117000,651198.63238700,0
1736046000000,98227.49000000,98227.49000000,98184.05000000,98184.06000000,10.98567000,1736046299999,1078945.25920340,3038,4.41614000,433714.89883670,0
1736046300000,98184.05000000,98188.77000000,98155.33000000,98180.31000000,8.50567000,1736046599999,835037.89804760,2713,3.53463000,346994.56390710,0
1736046600000,98180.31000000,98188.02000000,98177.54000000,98177.54000000,6.28931000,1736046899999,617518.68449040,1522,4.12666000,405180.42877620,0
1736046900000,98177.55000000,98177.55000000,98118.71000000,98118.71000000,12.83529000,1736047199999,1259923.70202510,2965,2.93568000,288186.67309770,0
1736047200000,98118.71000000,98140.00000000,98115.30000000,98115.30000000,6.17069000,1736047499999,605495.67659570,2173,2.94545000,289020.50223230,0
1736047500000,98115.30000000,98184.92000000,98115.30000000,98152.01000000,17.59554000,1736047799999,1727122.59552960,3541,10.61618000,1042078.22345760,0
1736047800000,98152.01000000,98152.02000000,98115.31000000,98133.62000000,10.95842000,1736048099999,1075362.67627000,4101,5.88544000,577533.86995690,0
1736048100000,98133.63000000,98178.04000000,98133.62000000,98150.69000000,19.54722000,1736048399999,1918728.94029120,3029,10.20653000,1001822.71878330,0
1736048400000,98150.69000000,98150.70000000,98100.00000000,98100.00000000,12.77196000,1736048699999,1253210.96182120,3906,2.54472000,249694.61882850,0
1736048700000,98100.00000000,98150.70000000,98069.00000000,98150.70000000,20.47332000,1736048999999,2008399.07666650,4459,11.37703000,1116180.55153330,0
1736049000000,98150.69000000,98150.70000000,98135.53000000,98147.91000000,8.17587000,1736049299999,802453.48432630,1608,3.08466000,302754.69467140,0
1736049300000,98147.91000000,98187.97000000,98147.90000000,98187.96000000,16.92879000,1736049599999,1661844.09878370,1615,7.53678000,739855.95077200,0
1736049600000,98187.97000000,98270.00000000,98187.96000000,98270.00000000,20.86618000,1736049899999,2050075.28619980,5314,13.67385000,1343387.76958190,0
1736049900000,98270.00000000,98343.00000000,98268.58000000,98343.00000000,17.92741000,1736050199999,1762134.32104090,3062,12.93656000,1271641.35390780,0
1736050200000,98343.00000000,98380.00000000,98266.85000000,98266.86000000,62.12454000,1736050499999,6108893.49309520,5129,30.90312000,3039251.75416450,0
1736050500000,98266.85000000,98300.03000000,98252.00000000,98289.83000000,21.52389000,1736050799999,2115438.77843770,3614,13.58083000,1334808.98419650,0
1736050800000,98289.83000000,98378.00000000,98289.83000000,98377.99000000,8.51272000,1736051099999,837300.94334100,4053,6.08773000,598766.85145320,0
1736051100000,98377.99000000,98522.76000000,98377.98000000,98487.16000000,47.36181000,1736051399999,4663051.64097830,9356,35.22322000,3467693.35510100,0
1736051400000,98487.17000000,98487.17000000,98429.95000000,98431.75000000,22.47467000,1736051699999,2212771.28611720,6018,7.87968000,775744.27674230,0
1736051700000,98431.76000000,98471.58000000,98411.10000000,98471.58000000,8.82521000,1736051999999,868700.75167150,3283,4.75973000,468524.81461640,0
1736052000000,98471.57000000,98471.57000000,98391.67000000,98391.67000000,9.90066000,1736052299999,974458.89304460,2711,1.06430000,104755.74409210,0
1736052300000,98391.68000000,98391.68000000,98365.83000000,98386.42000000,5.92030000,1736052599999,582383.18539070,2178,3.30294000,324906.58234480,0
1736052600000,98386.42000000,98388.72000000,98376.42000000,98380.02000000,7.05580000,1736052899999,694181.32315250,1406,3.57316000,351538.81220250,0
1736052900000,98380.02000000,98380.02000000,98348.15000000,98357.46000000,6.16358000,1736053199999,606229.90251200,2013,1.44936000,142548.18159290,0
1736053200000,98357.46000000,98381.05000000,98357.45000000,98363.63000000,8.31341000,1736053499999,817824.12620980,1927,3.89293000,382951.72507540,0
1736053500000,98363.63000000,98363.64000000,98350.00000000,98350.01000000,12.39975000,1736053799999,1219563.27365840,1502,5.58836000,549628.40733790,0
1736053800000,98350.01000000,98350.01000000,98303.19000000,98318.63000000,17.46945000,1736054099999,1717774.95660640,2524,4.60329000,452593.22912230,0
1736054100000,98318.63000000,98318.64000000,98300.00000000,98300.00000000,8.36969000,1736054399999,822772.75453600,1550,2.51689000,247416.62557290,0
1736054400000,98300.01000000,98350.00000000,98264.78000000,98341.09000000,30.18771000,1736054699999,2967964.67737840,3202,9.60922000,944778.91244130,0
1736054700000,98341.09000000,98425.97000000,98341.09000000,98425.96000000,21.06035000,1736054999999,2072209.57442580,2776,17.26181000,1698409.13552720,0
1736055000000,98425.96000000,98500.00000000,98388.35000000,98388.35000000,29.84534000,1736055299999,2937849.58726610,5004,11.87253000,1168823.17534030,0
1736055300000,98388.36000000,98388.36000000,98338.03000000,98365.52000000,16.31204000,1736055599999,1604375.94502290,2827,5.65855000,556513.44961940,0
1736055600000,98365.52000000,98385.43000000,98365.52000000,98374.55000000,20.56485000,1736055899999,2023171.76293840,2254,5.80245000,570782.37795330,0
1736055900000,98374.56000000,98374.56000000,98305.03000000,98305.03000000,8.92379000,1736056199999,877576.42061100,3165,1.67527000,164734.96837920,0
1736056200000,98305.03000000,98376.55000000,98305.03000000,98376.55000000,15.20822000,1736056499999,1495450.41150970,3816,12.86397000,1264968.01669460,0
1736056500000,98376.55000000,98393.94000000,98358.75000000,98358.98000000,23.99538000,1736056799999,2360419.48850800,3323,17.60051000,1731310.70809810,0
1736056800000,98358.98000000,98358.98000000,98304.82000000,98314.67000000,9.81051000,1736057099999,964731.51419730,2192,3.62314000,356315.34344600,0
1736057100000,98314.67000000,98336.00000000,98314.67000000,98322.74000000,7.85993000,1736057399999,772790.87210870,1810,4.17538000,410522.07962650,0
1736057400000,98322.73000000,98322.74000000,98304.84000000,98311.99000000,7.72313000,1736057699999,759253.08016380,1170,3.35022000,329347.14324180,0
1736057700000,98311.99000000,98355.67000000,98311.98000000,98338.65000000,15.32298000,1736057999999,1506870.20349250,1871,8.77140000,862535.02285010,0
1736058000000,98338.66000000,98393.94000000,98335.08000000,98376.00000000,13.70517000,1736058299999,1347996.18876500,4317,7.22372000,710451.54494160,0
1736058300000,98376.01000000,98386.20000000,98369.69000000,98370.35000000,8.01040000,1736058599999,788012.77266090,1428,4.56515000,449084.15613660,0
1736058600000,98370.34000000,98400.00000000,98370.34000000,98388.58000000,14.14076000,1736058899999,1391357.73636630,1659,9.50654000,935375.64196360,0
1736058900000,98388.58000000,98388.59000000,98352.53000000,98352.54000000,4.95028000,1736059199999,486942.39352850,2380,3.10340000,305267.44514010,0
1736059200000,98352.53000000,98388.59000000,98339.57000000,98388.58000000,8.44865000,1736059499999,830985.77127040,2135,5.04120000,495832.55683330,0
1736059500000,98388.58000000,98441.00000000,98367.38000000,98440.93000000,21.41206000,1736059799999,2106704.28129800,3405,13.01204000,1280280.21909380,0
1736059800000,98440.93000000,98500.00000000,98440.93000000,98477.28000000,30.81598000,1736060099999,3034556.01265560,3786,12.79867000,1260174.84414940,0
1736060100000,98477.28000000,98477.29000000,98451.47000000,98451.47000000,7.41145000,1736060399999,729795.32839800,1433,2.82213000,277891.92452410,0
1736060400000,98451.48000000,98460.00000000,98432.00000000,98458.45000000,15.10938000,1736060699999,1487444.82290890,3418,10.33335000,1017250.48607460,0
1736060700000,98458.45000000,98464.84000000,98441.43000000,98441.43000000,8.14421000,1736060999999,801899.13888430,1597,3.92579000,386546.49163970,0
1736061000000,98441.44000000,98441.44000000,98376.00000000,98376.01000000,22.62319000,1736061299999,2226269.08931290,3005,7.44860000,732903.38416150,0
1736061300000,98376.01000000,98387.92000000,98376.00000000,98383.97000000,8.80522000,1736061599999,866265.77991390,1465,5.94172000,584552.56716380,0
1736061600000,98383.97000000,98400.00000000,98383.97000000,98399.99000000,5.49534000,1736061899999,540666.49658470,1202,3.18523000,313385.95333050,0
1736061900000,98400.00000000,98400.00000000,98339.97000000,98339.97000000,11.67844000,1736062199999,1148925.77180300,2405,2.69025000,264693.28769970,0
1736062200000,98339.98000000,98346.00000000,98328.88000000,98328.88000000,10.40716000,1736062499999,1023445.10992890,1602,3.21917000,316570.66455190,0
1736062500000,98328.89000000,98355.83000000,98328.88000000,98345.75000000,8.24949000,1736062799999,811259.90656490,1995,4.03187000,396482.40002830,0
1736062800000,98345.74000000,98345.75000000,98345.74000000,98345.75000000,3.74857000,1736063099999,368655.90503070,695,1.44389000,142000.44496750,0
1736063100000,98345.74000000,98345.75000000,98313.50000000,98313.50000000,11.42656000,1736063399999,1123475.39531140,1971,7.03292000,691477.75943120,0
1736063400000,98313.50000000,98313.51000000,98294.32000000,98294.32000000,6.55593000,1736063699999,644499.48848270,1831,1.97467000,194128.68621430,0
1736063700000,98294.32000000,98294.33000000,98268.77000000,98268.77000000,6.06820000,1736063999999,596368.87738150,1683,1.59948000,157188.32907290,0
1736064000000,98268.77000000,98268.78000000,97952.10000000,97961.48000000,117.13325000,1736064299999,11489628.79763950,18171,36.52836000,3582605.99856750,0
1736064300000,97961.47000000,98023.81000000,97908.02000000,97957.61000000,52.56356000,1736064599999,5149512.92920070,9478,17.19003000,1684087.59019060,0
1736064600000,97957.60000000,98016.12000000,97910.00000000,97951.01000000,44.13028000,1736064899999,4322945.26572410,7987,22.11972000,2166953.16127170,0
1736064900000,97951.02000000,97951.02000000,97777.77000000,97851.36000000,104.21387000,1736065199999,10197455.81629240,13952,15.30802000,1497612.06605170,0
1736065200000,97851.37000000,97876.66000000,97806.19000000,97870.62000000,43.78847000,1736065499999,4284365.26942410,9835,28.06909000,2746331.25636830,0
1736065500000,97870.63000000,97920.00000000,97862.53000000,97897.10000000,30.60162000,1736065799999,2995596.59790510,4223,21.00302000,2055976.20486130,0
1736065800000,97897.11000000,97908.04000000,97841.02000000,97893.73000000,26.18847000,1736066099999,2563165.50847350,6637,11.61812000,1137112.47998520,0
1736066100000,97893.72000000,97941.97000000,97893.00000000,97916.00000000,28.25569000,1736066399999,2766844.34138940,5644,20.62384000,2019545.42082500,0
1736066400000,97916.00000000,97916.01000000,97838.66000000,97885.30000000,17.50550000,1736066699999,1713189.42820470,5618,4.73274000,463156.85260790,0
1736066700000,97885.31000000,97911.36000000,97827.84000000,97827.84000000,13.63556000,1736066999999,1334629.55685190,5795,4.88283000,477966.95591010,0
1736067000000,97827.84000000,97863.01000000,97824.00000000,97846.05000000,17.40023000,1736067299999,1702512.18313820,2777,12.32551000,1206011.03913630,0
1736067300000,97846.06000000,97871.37000000,97822.00000000,97861.04000000,16.32280000,1736067599999,1597152.08008870,3779,11.63601000,1138567.80397890,0
1736067600000,97861.04000000,97886.97000000,97838.38000000,97838.39000000,17.75009000,1736067899999,1737122.98411520,3911,11.66986000,1142091.07850970,0
1736067900000,97838.38000000,97848.89000000,97814.72000000,97848.88000000,14.07874000,1736068199999,1377265.02418330,3566,7.98751000,781395.50539460,0
1736068200000,97848.89000000,97943.02000000,97848.88000000,97904.20000000,18.95058000,1736068499999,1855315.82761570,5062,10.74450000,1051815.23316550,0
1736068500000,97904.21000000,97940.00000000,97895.22000000,97904.22000000,19.86351000,1736068799999,1945073.28762390,4321,8.93729000,875071.64401310,0
1736068800000,97904.21000000,97904.22000000,97838.11000000,97838.12000000,17.01284000,1736069099999,1665019.75251480,4969,6.88085000,673393.44176760,0
1736069100000,97838.12000000,97859.55000000,97819.32000000,97819.33000000,9.08831000,1736069399999,889243.32781160,2750,4.33126000,423799.00477090,0
1736069400000,97819.32000000,97822.46000000,97800.00000000,97800.01000000,20.25491000,1736069699999,1981117.21349100,2454,11.23884000,1099249.17272500,0
1736069700000,97800.01000000,97873.42000000,97800.00000000,97856.74000000,31.58058000,1736069999999,3089962.25770570,3887,23.57480000,2306714.81940450,0
1736070000000,97856.73000000,97900.00000000,97836.15000000,97899.99000000,15.15467000,1736070299999,1483312.40501500,3793,10.73441000,1050701.48576790,0
1736070300000,97900.00000000,97910.74000000,97799.87000000,97800.00000000,62.22402000,1736070599999,6087745.91928240,4932,28.00487000,2739486.00495760,0
1736070600000,97800.00000000,97800.00000000,97704.90000000,97704.91000000,38.95637000,1736070899999,3808216.43215850,6530,7.51678000,734657.82515520,0
1736070900000,97704.92000000,97727.00000000,97637.93000000,97652.20000000,76.22084000,1736071199999,7445306.12308460,8277,20.99226000,2050612.12249980,0
1736071200000,97652.21000000,97702.76000000,97600.00000000,97702.75000000,87.48852000,1736071499999,8541450.21600200,8828,30.07705000,2936708.49227060,0
1736071500000,97702.76000000,97727.00000000,97648.00000000,97710.00000000,37.17233000,1736071799999,3631556.51839040,8155,25.01571000,2443932.49135350,0
1736071800000,97709.99000000,97776.68000000,97709.76000000,97724.81000000,54.08851000,1736072099999,5286614.29165870,4252,33.21510000,3246251.14655430,0
1736072100000,97724.81000000,97756.48000000,97680.00000000,97751.48000000,33.10576000,1736072399999,3235191.25441090,7812,14.43086000,1410198.94955230,0
1736072400000,97751.49000000,97751.49000000,97623.67000000,97623.68000000,12.68589000,1736072699999,1239529.71697160,4128,2.46807000,241209.37532420,0
1736072700000,97623.68000000,97642.74000000,97600.01000000,97600.02000000,11.31762000,1736072999999,1104871.74796760,2437,4.87251000,475683.07809210,0
1736073000000,97600.02000000,97667.70000000,97600.01000000,97667.70000000,26.65036000,1736073299999,2601995.74823380,4472,15.29304000,1493090.35262890,0
1736073300000,97667.69000000,97715.25000000,97667.69000000,97704.28000000,21.28064000,1736073599999,2078910.65004750,4342,14.03331000,1370861.45867710,0
1736073600000,97704.29000000,97705.51000000,97695.00000000,97695.00000000,9.97212000,1736073899999,974293.67065190,1652,3.97190000,388062.50598470,0
1736073900000,97695.00000000,97748.84000000,97695.00000000,97727.27000000,17.72872000,1736074199999,1732328.55596110,2784,13.68358000,1337076.54812690,0
1736074200000,97727.28000000,97738.50000000,97700.00000000,97711.22000000,8.44334000,1736074499999,825026.59703810,2371,4.52596000,442228.44231640,0
1736074500000,97711.21000000,97737.50000000,97711.21000000,97737.48000000,11.85681000,1736074799999,1158721.91131730,1972,4.42943000,432873.47807590,0
1736074800000,97737.48000000,97745.74000000,97700.01000000,97745.74000000,16.46548000,1736075099999,1609054.51658230,4652,8.81209000,861136.16592540,0
1736075100000,97745.74000000,97767.65000000,97685.53000000,97685.54000000,11.41887000,1736075399999,1115977.09049910,4245,5.62188000,549442.15623940,0
1736075400000,97685.54000000,97706.20000000,97685.53000000,97706.19000000,8.50738000,1736075699999,831096.93221050,2268,6.55694000,640554.91382180,0
1736075700000,97706.20000000,97822.16000000,97706.19000000,97822.12000000,34.07406000,1736075999999,3331994.41450590,8027,28.92145000,2828122.04778630,0
1736076000000,97822.13000000,97822.13000000,97753.99000000,97768.90000000,13.01851000,1736076299999,1272979.83442000,2991,6.77053000,661999.04975870,0
1736076300000,97768.90000000,97769.77000000,97727.27000000,97727.27000000,7.49398000,1736076599999,732584.54353630,1870,4.01730000,392732.97125790,0
1736076600000,97727.27000000,97735.96000000,97625.94000000,97625.94000000,15.89818000,1736076899999,1553067.12166510,5051,5.61602000,548731.86609500,0
1736076900000,97625.95000000,97671.01000000,97625.94000000,97671.00000000,18.25624000,1736077199999,1782701.41727350,4986,8.54344000,834218.22385000,0
1736077200000,97671.00000000,97671.01000000,97640.50000000,97668.62000000,11.18668000,1736077499999,1092402.35684320,3264,6.55193000,639794.52231720,0
1736077500000,97668.62000000,97668.62000000,97648.47000000,97664.89000000,14.90486000,1736077799999,1455570.25281380,2434,4.40062000,429744.08721360,0
1736077800000,97664.90000000,97664.90000000,97616.54000000,97616.55000000,15.82694000,1736078099999,1545309.60362690,2800,1.68831000,164846.19574920,0
1736078100000,97616.54000000,97641.63000000,97615.13000000,97641.63000000,19.66653000,1736078399999,1919970.30642730,2965,10.13849000,989751.04746330,0
1736078400000,97641.62000000,97669.87000000,97641.62000000,97669.87000000,12.55685000,1736078699999,1226163.86692690,2875,7.92291000,773665.37317300,0
1736078700000,97669.87000000,97669.87000000,97600.00000000,97605.45000000,15.54909000,1736078999999,1518311.53260340,4269,4.64669000,453717.86441090,0
1736079000000,97605.44000000,97737.90000000,97569.04000000,97737.64000000,37.70508000,1736079299999,3681228.56561010,9693,19.54996000,1909056.22907790,0
1736079300000,97737.63000000,97922.89000000,97727.99000000,97851.83000000,40.67950000,1736079599999,3979906.92336780,10515,27.08656000,2649883.19098170,0
1736079600000,97851.83000000,97851.84000000,97769.39000000,97774.04000000,23.56678000,1736079899999,2304891.15416030,6282,7.58823000,742072.88791320,0
1736079900000,97774.03000000,97775.51000000,97680.00000000,97717.27000000,33.68122000,1736080199999,3291412.27912130,8502,20.23864000,1977688.83979910,0
1736080200000,97717.26000000,97781.81000000,97708.02000000,97720.15000000,22.03029000,1736080499999,2153192.61447270,6974,10.68829000,1044644.73703960,0
1736080500000,97720.15000000,97771.84000000,97673.67000000,97756.86000000,39.16683000,1736080799999,3827090.53277050,6648,24.28911000,2373174.14868900,0
1736080800000,97756.86000000,97796.00000000,97743.21000000,97769.66000000,13.67015000,1736081099999,1336491.79775440,4340,7.07144000,691306.26762960,0
1736081100000,97769.67000000,97876.00000000,97746.12000000,97875.99000000,23.68974000,1736081399999,2317228.75245330,7731,14.09201000,1378466.62956930,0
1736081400000,97875.99000000,97956.66000000,97850.31000000,97880.21000000,35.67253000,1736081699999,3492167.82132530,8029,26.07226000,2552224.32082100,0
1736081700000,97880.22000000,97880.22000000,97770.00000000,97770.01000000,18.50720000,1736081999999,1810317.86738200,4360,3.69076000,360966.92207400,0
1736082000000,97770.01000000,97827.06000000,97737.20000000,97792.48000000,27.14221000,1736082299999,2653590.88820610,5456,9.76874000,955067.70254130,0
1736082300000,97792.49000000,97905.51000000,97792.48000000,97881.90000000,20.75333000,1736082599999,2031111.05141110,7819,13.87250000,1357588.11714870,0
1736082600000,97881.90000000,97895.06000000,97856.37000000,97861.46000000,15.11109000,1736082899999,1479015.88210000,2904,7.57388000,741298.97900690,0
1736082900000,97861.47000000,97928.93000000,97861.46000000,97923.24000000,13.09057000,1736083199999,1281543.68976990,4207,8.20526000,803239.46524080,0
1736083200000,97923.24000000,97923.24000000,97846.36000000,97907.58000000,30.19950000,1736083499999,2956333.00250080,6103,19.03101000,1862988.03084470,0
1736083500000,97907.59000000,97965.31000000,97907.58000000,97965.30000000,12.95178000,1736083799999,1268534.27319220,3216,9.60172000,940423.60257340,0
1736083800000,97965.30000000,98018.96000000,97965.30000000,97988.22000000,20.11983000,1736084099999,1971410.59364140,3893,13.13173000,1286705.76340570,0
1736084100000,97988.23000000,97988.27000000,97876.00000000,97884.08000000,41.66035000,1736084399999,4079769.47713950,6634,15.15150000,1483889.30633610,0
1736084400000,97884.08000000,97908.57000000,97877.85000000,97877.86000000,15.79406000,1736084699999,1546152.37416350,3374,8.93022000,874186.20427080,0
1736084700000,97877.86000000,97877.86000000,97792.49000000,97792.49000000,15.11411000,1736084999999,1478560.07948340,3718,3.22527000,315494.20424240,0
1736085000000,97792.49000000,97792.50000000,97715.89000000,97741.47000000,27.93562000,1736085299999,2730796.02384470,5620,7.79479000,761933.29876690,0
1736085300000,97741.48000000,97770.81000000,97680.18000000,97689.96000000,42.07074000,1736085599999,4111466.57226220,6442,20.24448000,1978319.65044450,0
1736085600000,97689.96000000,97779.96000000,97688.00000000,97769.02000000,28.81088000,1736085899999,2815698.34387670,7247,15.29245000,1494450.38649470,0
1736085900000,97769.02000000,97769.03000000,97688.00000000,97688.00000000,19.48783000,1736086199999,1904533.63056070,4187,5.90459000,577087.59445170,0
1736086200000,97688.00000000,97688.01000000,97600.00000000,97645.00000000,45.25276000,1736086499999,4418491.84361930,7520,25.56091000,2495812.29290640,0
1736086500000,97645.00000000,97645.01000000,97305.00000000,97314.35000000,267.83134000,1736086799999,26092577.24889650,30670,72.50027000,7060635.49007510,0
1736086800000,97314.35000000,97452.00000000,97276.79000000,97442.39000000,124.11010000,1736087099999,12084315.04549130,30071,56.08980000,5461979.90358510,0
1736087100000,97442.40000000,97527.13000000,97436.20000000,97484.97000000,54.52739000,1736087399999,5315359.90500720,10142,33.93364000,3307624.84925730,0
1736087400000,97484.97000000,97489.32000000,97372.99000000,97450.93000000,41.53959000,1736087699999,4047193.85989880,16598,17.04391000,1660576.03823430,0
1736087700000,97450.93000000,97584.58000000,97450.93000000,97565.08000000,46.66274000,1736087999999,4551327.35913630,9298,27.41081000,2673437.11640570,0
1736088000000,97565.08000000,97678.56000000,97540.89000000,97675.19000000,31.25672000,1736088299999,3051129.41591970,7731,21.26432000,2075627.40705390,0
1736088300000,97675.19000000,97900.00000000,97675.19000000,97882.29000000,44.77601000,1736088599999,4378975.49296040,17528,31.28623000,3059562.68127190,0
1736088600000,97882.29000000,97893.29000000,97807.51000000,97824.03000000,30.68195000,1736088899999,3001958.37453600,7907,10.15743000,993756.33691290,0
1736088900000,97824.04000000,97967.08000000,97824.03000000,97855.06000000,41.72143000,1736089199999,4084327.45734470,9279,28.83566000,2822927.18241150,0
1736089200000,97855.06000000,97917.06000000,97837.41000000,97912.10000000,58.56610000,1736089499999,5732449.88725470,9547,32.94010000,3224241.22093600,0
1736089500000,97912.10000000,98024.48000000,97894.46000000,97896.02000000,43.96202000,1736089799999,4306966.10278240,11794,20.56693000,2014863.85472940,0
1736089800000,97896.01000000,97907.63000000,97820.63000000,97820.63000000,30.79127000,1736090099999,3013082.63246360,8433,8.24926000,807351.29560790,0
1736090100000,97820.64000000,97820.64000000,97702.30000000,97771.28000000,39.21917000,1736090399999,3834016.18510110,12902,11.82626000,1156142.22195290,0
1736090400000,97771.27000000,97842.30000000,97754.41000000,97812.13000000,24.39056000,1736090699999,2385169.70138460,7668,16.83280000,1646026.89495350,0
1736090700000,97812.13000000,97909.10000000,97812.12000000,97908.10000000,10.41107000,1736090999999,1018819.84369430,5427,6.91990000,677147.64736760,0
1736091000000,97908.10000000,98180.00000000,97908.10000000,98079.06000000,102.25807000,1736091299999,10032127.45662850,25355,69.53104000,6821081.03546500,0
1736091300000,98079.07000000,98281.89000000,98073.45000000,98150.25000000,98.67626000,1736091599999,9688403.09964740,21918,55.55940000,5454782.89808070,0
1736091600000,98150.25000000,98150.25000000,98085.06000000,98090.37000000,24.48050000,1736091899999,2401862.55720040,6593,15.00547000,1472166.67417750,0
1736091900000,98090.37000000,98167.51000000,98040.69000000,98100.01000000,26.08446000,1736092199999,2559208.42166010,8916,15.86975000,1556926.77951260,0
1736092200000,98100.01000000,98100.01000000,98018.96000000,98018.96000000,16.00087000,1736092499999,1569021.76880390,6185,7.53211000,738579.99610730,0
1736092500000,98018.96000000,98041.77000000,98000.00000000,98028.98000000,17.39039000,1736092799999,1704597.21395690,3473,10.56867000,1035922.42253430,0
1736092800000,98028.98000000,98167.88000000,97988.88000000,98138.14000000,36.59743000,1736093099999,3589632.01042870,10480,20.62670000,2023175.37053020,0
1736093100000,98138.14000000,98286.52000000,98138.14000000,98222.28000000,49.39733000,1736093399999,4851461.22182460,12850,24.09799000,2366688.46692400,0
1736093400000,98222.28000000,98332.54000000,98144.01000000,98195.62000000,156.08545000,1736093699999,15335842.34890830,13162,35.58387000,3496090.44623140,0
1736093700000,98195.61000000,98235.79000000,98074.86000000,98074.87000000,26.79394000,1736093999999,2629830.09621090,14758,10.46051000,1026759.39268550,0
1736094000000,98074.86000000,98136.42000000,98045.23000000,98104.00000000,25.77372000,1736094299999,2528071.25818050,7674,12.10025000,1187032.94289190,0
1736094300000,98104.00000000,98127.10000000,98073.24000000,98082.34000000,20.64016000,1736094599999,2024879.69739240,4500,8.03694000,788477.67782700,0
1736094600000,98082.34000000,98087.18000000,97940.00000000,97980.32000000,30.19034000,1736094899999,2958655.65293590,11195,9.79245000,959490.19040450,0
1736094900000,97980.32000000,98072.53000000,97937.82000000,98017.56000000,29.13578000,1736095199999,2855280.70624120,9054,16.89849000,1655905.83890440,0
1736095200000,98017.55000000,98059.53000000,97996.12000000,97996.12000000,18.12004000,1736095499999,1776405.04134680,4835,6.05831000,593941.93223640,0
1736095500000,97996.12000000,98113.29000000,97973.86000000,98113.28000000,31.12251000,1736095799999,3051692.62776930,8507,24.48509000,2400900.45528360,0
1736095800000,98113.29000000,98113.29000000,98030.15000000,98064.25000000,21.09043000,1736096099999,2068353.99946360,5929,8.10770000,795056.35091450,0
1736096100000,98064.26000000,98064.26000000,98019.28000000,98035.17000000,9.61668000,1736096399999,942768.16310210,3018,4.67407000,458201.48666060,0
1736096400000,98035.17000000,98046.73000000,97989.50000000,98022.26000000,17.86319000,1736096699999,1750894.56242270,5612,9.38516000,919912.90938310,0
1736096700000,98022.27000000,98078.94000000,98022.27000000,98060.61000000,12.52464000,1736096999999,1228119.48294250,2986,6.97985000,684421.02231870,0
1736097000000,98060.61000000,98075.80000000,98012.59000000,98014.32000000,32.90298000,1736097299999,3226108.10854190,4624,7.99840000,784273.60098110,0
1736097300000,98014.31000000,98014.32000000,97912.87000000,97945.89000000,37.23976000,1736097599999,3648040.07142460,6554,13.03217000,1276529.03790530,0
1736097600000,97945.89000000,97945.90000000,97925.85000000,97925.85000000,13.40998000,1736097899999,1313301.83398480,2290,3.16479000,309961.08269720,0
1736097900000,97925.86000000,97978.71000000,97880.39000000,97967.99000000,47.58092000,1736098199999,4659911.81068810,8032,13.71328000,1342990.71711690,0
1736098200000,97968.00000000,98023.84000000,97917.49000000,98007.83000000,28.81484000,1736098499999,2823341.32506880,7524,11.97056000,1172813.21258250,0
1736098500000,98007.83000000,98022.61000000,97808.49000000,97847.64000000,46.20159000,1736098799999,4523369.87102600,9365,8.97974000,879129.91269420,0
1736098800000,97847.63000000,97899.33000000,97823.20000000,97849.49000000,25.13348000,1736099099999,2459362.03762660,6562,9.27224000,907302.53029450,0
1736099100000,97849.49000000,97849.49000000,97673.57000000,97673.57000000,45.81459000,1736099399999,4478568.25170010,10931,7.12884000,696562.78933360,0
1736099400000,97673.57000000,97739.01000000,97673.57000000,97722.18000000,24.91485000,1736099699999,2434435.51333350,8109,12.43817000,1215220.97909980,0
1736099700000,97722.19000000,97731.09000000,97688.50000000,97731.08000000,26.25515000,1736099999999,2565338.10382050,4438,17.74433000,1733742.10123820,0
1736100000000,97731.09000000,97760.64000000,97577.46000000,97629.96000000,43.81801000,1736100299999,4279756.71185730,12518,19.45934000,1900610.99168820,0
1736100300000,97629.96000000,97777.46000000,97590.59000000,97768.19000000,42.25761000,1736100599999,4126462.20236630,12661,27.44370000,2680028.67087240,0
1736100600000,97768.19000000,97768.19000000,97636.76000000,97700.81000000,48.51230000,1736100899999,4739020.05263170,9522,19.66398000,1920665.71635840,0
1736100900000,97700.81000000,97700.81000000,97607.27000000,97666.66000000,23.38771000,1736101199999,2283489.24025450,6933,5.43925000,531049.74494620,0
1736101200000,97666.66000000,97752.18000000,97666.66000000,97721.19000000,40.43314000,1736101499999,3951238.93342470,7931,18.30880000,1789105.38734810,0
1736101500000,97721.19000000,97741.66000000,97697.14000000,97706.91000000,18.98090000,1736101799999,1854804.27871050,4649,5.72101000,559076.91740200,0
1736101800000,97706.91000000,97837.08000000,97695.58000000,97804.08000000,30.38101000,1736102099999,2969979.19879150,7597,22.00318000,2150707.38138030,0
1736102100000,97804.07000000,97860.00000000,97776.82000000,97859.55000000,12.64377000,1736102399999,1236772.13524370,5431,7.96017000,778647.48377220,0
1736102400000,97859.55000000,97859.55000000,97837.65000000,97837.66000000,5.52456000,1736102699999,540555.64221400,1874,1.30513000,127697.07571100,0
1736102700000,97837.66000000,97892.98000000,97837.65000000,97851.00000000,13.86997000,1736102999999,1357339.63662130,5452,7.17571000,702169.00641550,0
1736103000000,97850.99000000,97876.00000000,97850.99000000,97875.63000000,6.74552000,1736103299999,660154.41554340,2531,3.74609000,366608.08307770,0
1736103300000,97875.63000000,97927.98000000,97875.62000000,97918.91000000,14.73583000,1736103599999,1442808.22308880,4582,8.89030000,870427.44122490,0
1736103600000,97918.91000000,97929.16000000,97854.99000000,97871.99000000,14.19416000,1736103899999,1389452.27410850,4405,4.24453000,415530.11722630,0
1736103900000,97871.99000000,98000.00000000,97871.99000000,98000.00000000,21.26401000,1736104199999,2083286.90295560,5024,15.69178000,1537272.50208170,0
1736104200000,97999.99000000,98039.73000000,97984.69000000,98037.38000000,21.88111000,1736104499999,2144786.72161010,4233,13.77529000,1350301.87708140,0
1736104500000,98037.37000000,98109.00000000,97990.48000000,98027.28000000,60.19015000,1736104799999,5902144.08760380,10677,39.68094000,3890982.13440150,0
1736104800000,98027.27000000,98044.79000000,97960.14000000,98021.93000000,35.94847000,1736105099999,3523005.07871530,7468,24.95502000,2445492.66356460,0
1736105100000,98021.93000000,98058.19000000,97999.99000000,98056.22000000,18.48204000,1736105399999,1811711.44844320,4531,11.20035000,1097827.86688190,0
1736105400000,98056.22000000,98056.22000000,97975.24000000,98012.28000000,30.29902000,1736105699999,2969300.58670690,6402,17.56314000,1720993.14102790,0
1736105700000,98012.35000000,98036.18000000,97980.42000000,98030.30000000,44.94095000,1736105999999,4404651.57609670,6435,18.12348000,1776160.84247650,0
1736106000000,98030.31000000,98071.57000000,98030.30000000,98071.57000000,3.10190000,1736106299999,304135.35682510,1233,2.47847000,243014.66350560,0
