timestamp,open,high,low,close,volume,close_time,quote_volume,trades,taker_buy_volume,taker_buy_quote_volume
1733515200000,101439.99000000,101898.99000000,101056.00000000,101360.00000000,1587.73777000,1733518799999,161297841.74293880,245160,664.45187000,67513278.92875450,0
1733518800000,101360.00000000,101449.99000000,100290.90000000,100372.01000000,1134.08609000,1733522399999,114380423.26086160,190085,420.56332000,42417550.40530090,0
1733522400000,100372.01000000,100707.37000000,100357.68000000,100504.00000000,695.79652000,1733525999999,69951647.13564600,108523,369.36253000,37132558.66844300,0
1733526000000,100504.00000000,100573.99000000,99053.03000000,99740.84000000,1999.91146000,1733529599999,199623429.20223370,277245,1021.95900000,101986599.45490950,0
1733529600000,99740.84000000,100406.15000000,99529.41000000,100272.01000000,912.55455000,1733533199999,91313260.48242080,169591,442.61196000,44284098.12837140,0
1733533200000,100272.01000000,100428.00000000,99824.62000000,100044.31000000,666.65588000,1733536799999,66731138.61905220,128049,282.08621000,28237682.10692650,0
1733536800000,100044.31000000,100169.42000000,99868.00000000,99930.01000000,423.24483000,1733540399999,42344220.35879000,93173,184.72701000,18482261.53652060,0
1733540400000,99930.01000000,99930.01000000,99285.71000000,99299.63000000,800.94309000,1733543999999,79716101.75481870,119717,322.63534000,32106288.75442680,0
1733544000000,99299.64000000,99666.31000000,99025.01000000,99494.57000000,859.54997000,1733547599999,85423258.68348190,125578,311.84141000,30989978.76352620,0
1733547600000,99494.58000000,99643.96000000,98844.00000000,99155.98000000,909.81086000,1733551199999,90307855.93972330,114689,310.57589000,30823045.87997640,0
1733551200000,99155.99000000,99393.60000000,99060.12000000,99336.27000000,808.71363000,1733554799999,80258777.77717450,101446,421.65063000,41847965.29113880,0
1733554800000,99336.28000000,99494.19000000,99108.00000000,99405.20000000,675.92852000,1733558399999,67123948.53511710,119976,289.13700000,28712336.16594850,0
1733558400000,99405.20000000,99561.44000000,99260.00000000,99414.76000000,498.53222000,1733561999999,49574676.22317440,103294,234.92662000,23361896.21432140,0
1733562000000,99414.76000000,99821.83000000,99414.75000000,99676.48000000,558.38011000,1733565599999,55619382.32617220,123133,323.18237000,32190591.36903340,0
1733565600000,99676.48000000,99708.43000000,99440.00000000,99529.50000000,795.39219000,1733569199999,79175280.67839910,81696,374.91259000,37318179.35998130,0
1733569200000,99529.50000000,99750.00000000,99421.53000000,99620.00000000,437.99027000,1733572799999,43593898.22130200,64691,166.59180000,16581245.95793790,0
1733572800000,99620.00000000,99703.55000000,99364.00000000,99426.87000000,421.89864000,1733576399999,42008317.19873710,82326,186.80039000,18600359.92123720,0
1733576400000,99426.88000000,99518.75000000,99304.00000000,99350.00000000,495.32597000,1733579999999,49224455.83378890,92300,214.08803000,21276481.98826820,0
1733580000000,99350.00000000,99779.34000000,99036.01000000,99465.30000000,738.05732000,1733583599999,73352845.41987400,129266,362.09110000,35997065.43371210,0
1733583600000,99465.30000000,99800.00000000,99336.00000000,99756.01000000,753.80096000,1733587199999,75037499.37811610,153672,374.23090000,37252089.18172930,0
1733587200000,99756.00000000,99799.99000000,99476.62000000,99621.56000000,503.91810000,1733590799999,50193520.99890480,118037,209.28407000,20849215.50161410,0
1733590800000,99621.57000000,99717.80000000,99460.37000000,99631.97000000,416.16617000,1733594399999,41435563.21498760,95215,182.66752000,18186221.46656310,0
1733594400000,99631.98000000,100263.64000000,99582.35000000,100123.32000000,722.02580000,1733597999999,72131003.49452380,116078,412.24835000,41189124.46788390,0
1733598000000,100123.32000000,100262.35000000,99920.31000000,100077.45000000,615.47471000,1733601599999,61632564.77310150,111533,267.14489000,26753220.31079220,0
1733601600000,100077.45000000,100380.72000000,100077.45000000,100313.57000000,439.41032000,1733605199999,44038203.70876900,101418,225.40360000,22589007.44038830,0
1733605200000,100313.57000000,100439.18000000,99700.00000000,99869.80000000,527.22024000,1733608799999,52727258.99196150,123941,200.96297000,20101570.09359120,0
1733608800000,99869.81000000,100046.92000000,99595.11000000,99595.11000000,408.98144000,1733612399999,40838111.64543310,67912,186.67553000,18641692.37992190,0
1733612400000,99595.12000000,100259.00000000,99595.11000000,99831.99000000,541.97011000,1733615999999,54152702.58072220,97835,290.07382000,28979043.58352410,0
1733616000000,99831.99000000,99978.38000000,99632.28000000,99978.38000000,384.70173000,1733619599999,38403080.14475390,93879,156.56295000,15628577.44282370,0
1733619600000,99978.38000000,100128.00000000,99669.01000000,99848.36000000,390.67541000,1733623199999,39037281.66324350,103022,158.59033000,15847584.22578830,0
1733623200000,99848.35000000,100328.88000000,99750.17000000,100146.90000000,590.34251000,1733626799999,59088860.14834760,107935,286.25511000,28655212.40652330,0
1733626800000,100146.91000000,100260.00000000,99912.00000000,99934.82000000,322.49487000,1733630399999,32274561.10679060,84943,131.30401000,13140669.69950760,0
1733630400000,99934.83000000,100030.00000000,99694.66000000,99756.01000000,483.49842000,1733633999999,48277453.68905900,90520,222.09376000,22176063.87949240,0
1733634000000,99756.00000000,99783.56000000,99370.00000000,99534.26000000,431.31034000,1733637599999,42948733.07761090,83427,178.71003000,17795397.04063110,0
1733637600000,99534.26000000,99803.32000000,99336.00000000,99675.96000000,397.06249000,1733641199999,39544118.50369570,83458,158.82941000,15818391.87261740,0
1733641200000,99675.97000000,99863.35000000,99632.61000000,99675.11000000,278.48465000,1733644799999,27778258.60746980,77148,119.35255000,11906358.83772250,0
1733644800000,99675.11000000,99687.85000000,98964.00000000,98980.01000000,668.22137000,1733648399999,66349598.71058370,134099,220.05225000,21853907.99381850,0
1733648400000,98980.02000000,99300.00000000,98657.70000000,98884.02000000,890.41696000,1733651999999,88160653.02164620,193494,352.60277000,34915414.58011610,0
1733652000000,98884.03000000,99409.02000000,98876.00000000,99249.22000000,525.53622000,1733655599999,52150026.79968840,111068,277.29352000,27512637.61733140,0
1733655600000,99249.21000000,99844.28000000,99124.01000000,99701.16000000,473.22138000,1733659199999,47122733.31740280,114187,260.87776000,25976908.50322300,0
1733659200000,99701.17000000,100200.00000000,99452.00000000,99922.48000000,766.06693000,1733662799999,76488924.20321290,165938,401.34278000,40077265.03795700,0
1733662800000,99922.49000000,100500.00000000,99803.80000000,100408.80000000,993.73135000,1733666399999,99546123.50071490,189784,496.18255000,49712685.75707050,0
1733666400000,100408.79000000,100426.10000000,99724.75000000,99726.73000000,784.39963000,1733669999999,78512762.73350800,138200,378.87781000,37927941.95717280,0
1733670000000,99726.72000000,99964.63000000,99357.16000000,99912.01000000,844.24534000,1733673599999,84121517.55431720,206021,408.08571000,40667668.01140770,0
1733673600000,99912.01000000,100142.85000000,99733.15000000,99832.96000000,648.81492000,1733677199999,64832525.02596670,160964,336.70973000,33648436.31396100,0
1733677200000,99832.97000000,100000.00000000,99628.01000000,99943.98000000,477.73217000,1733680799999,47692099.39626370,127067,210.09882000,20973312.06544100,0
1733680800000,99943.99000000,100016.00000000,99563.83000000,99660.98000000,561.37841000,1733684399999,56052759.42830060,119953,273.71079000,27331669.90214760,0
1733684400000,99660.99000000,100198.00000000,99480.00000000,100100.98000000,531.70789000,1733687999999,53069868.05108140,114213,302.76338000,30230122.94993490,0
1733688000000,100100.99000000,100156.00000000,99800.00000000,99800.01000000,402.06692000,1733691599999,40193216.33807370,118906,168.19932000,16814388.01049710,0
1733691600000,99800.01000000,100058.83000000,99736.06000000,100026.97000000,359.99203000,1733695199999,35972502.40640310,75250,241.44829000,24126182.15725830,0
1733695200000,100026.98000000,100274.44000000,99879.21000000,100220.01000000,504.28845000,1733698799999,50448063.74179700,85196,304.48900000,30462622.94791780,0
1733698800000,100220.01000000,101351.00000000,100088.98000000,101109.59000000,1902.60649000,1733702399999,191511225.23221970,216037,1108.36910000,111546319.70847460,0
1733702400000,101109.60000000,101215.93000000,99347.98000000,99656.36000000,2258.99758000,1733705999999,225952987.25496320,406177,1020.62064000,102092627.85589330,0
1733706000000,99656.36000000,99863.99000000,99390.00000000,99528.54000000,823.51766000,1733709599999,82047862.90052270,239733,385.09644000,38366683.12539100,0
1733709600000,99528.55000000,99721.56000000,99009.73000000,99195.89000000,1413.47378000,1733713199999,140337127.32527640,202241,587.93940000,58373676.38822630,0
1733713200000,99195.89000000,99350.45000000,98432.18000000,99090.84000000,1635.58345000,1733716799999,161856484.36539170,168286,749.08975000,74178703.71372110,0
1733716800000,99090.84000000,99459.61000000,98767.54000000,99427.99000000,1121.55117000,1733720399999,111252164.72746030,160302,682.94455000,67749289.45688450,0
1733720400000,99428.00000000,99554.89000000,99324.00000000,99435.87000000,828.28925000,1733723999999,82384689.77096470,99163,493.72282000,49109193.08516460,0
1733724000000,99435.87000000,99475.99000000,98856.02000000,99044.64000000,742.40929000,1733727599999,73639532.81422740,151893,366.31785000,36336353.48341280,0
1733727600000,99044.64000000,99729.88000000,98328.00000000,99576.51000000,1948.80400000,1733731199999,192859896.82105580,342386,941.12194000,93201490.81592090,0
1733731200000,99576.51000000,99679.71000000,98808.00000000,98901.15000000,1450.14652000,1733734799999,143990016.24956610,340412,645.12426000,64059538.52705450,0
1733734800000,98901.15000000,99099.99000000,98406.08000000,98406.08000000,1562.66715000,1733738399999,154243907.60243320,383304,709.68751000,70065080.97204430,0
1733738400000,98406.08000000,98770.11000000,98272.04000000,98714.52000000,1334.96471000,1733741999999,131457415.87647920,280835,610.42380000,60117171.35217660,0
1733742000000,98714.52000000,98714.52000000,98035.57000000,98088.47000000,1407.15762000,1733745599999,138260458.42985980,291165,606.19789000,59566721.17523760,0
1733745600000,98088.47000000,98627.70000000,97948.01000000,98601.05000000,1508.07381000,1733749199999,148233814.59078140,277397,760.84876000,74814497.90320620,0
1733749200000,98601.05000000,99211.58000000,98237.03000000,99004.03000000,1460.24803000,1733752799999,144308135.82627310,283106,668.07051000,66019759.48066640,0
1733752800000,99004.03000000,100390.00000000,98856.00000000,100156.26000000,2487.20504000,1733756399999,247822409.57734300,384487,1216.16530000,121214149.53617160,0
1733756400000,100156.26000000,100421.80000000,97508.58000000,97812.00000000,5110.07575000,1733759999999,503323440.05624590,748041,2366.39235000,233003203.73219010,0
1733760000000,97812.00000000,98398.00000000,97460.00000000,97844.06000000,2642.96173000,1733763599999,258979909.06496450,465401,1323.80856000,129726291.72621670,0
1733763600000,97844.06000000,98240.00000000,97350.00000000,97368.04000000,1542.83473000,1733767199999,150827792.79500770,328876,712.98409000,69736487.24045350,0
1733767200000,97368.05000000,98260.00000000,97365.48000000,97776.66000000,1546.89958000,1733770799999,151488372.89793240,302608,850.66624000,83297992.06103170,0
1733770800000,97776.65000000,97776.66000000,97000.00000000,97070.32000000,1913.69602000,1733774399999,186276076.60524870,327745,819.88996000,79824709.74443570,0
1733774400000,97070.33000000,97330.49000000,96111.00000000,96252.01000000,3713.47796000,1733777999999,359389969.34901630,583752,1777.24095000,172041414.59568900,0
1733778000000,96252.00000000,97572.52000000,94150.05000000,96892.00000000,8232.45482000,1733781599999,791965015.95623870,808861,3741.76061000,360401658.11280390,0
1733781600000,96892.00000000,97381.47000000,94837.42000000,96984.01000000,5598.28570000,1733785199999,540742557.33720920,600476,2622.16454000,253294942.38152990,0
1733785200000,96984.00000000,97533.14000000,96700.46000000,97276.47000000,1665.34060000,1733788799999,161986957.51118740,269225,813.80605000,79130394.07157230,0
1733788800000,97276.48000000,98138.00000000,97000.00000000,97867.91000000,1941.40264000,1733792399999,189431089.61986760,389547,962.21247000,93900237.69664220,0
1733792400000,97867.91000000,98058.50000000,97467.80000000,97946.00000000,1095.21618000,1733795999999,107137037.52028680,274187,470.69063000,46043604.59844270,0
1733796000000,97946.00000000,97946.01000000,96614.27000000,96660.01000000,1804.43021000,1733799599999,175698450.02692000,308699,739.02031000,71965255.68651480,0
1733799600000,96660.00000000,96947.26000000,95565.41000000,96931.99000000,3126.85208000,1733803199999,301158777.18476010,643391,1371.89011000,132115224.43765760,0
1733803200000,96931.99000000,97132.45000000,95900.00000000,97031.97000000,1630.90831000,1733806799999,157575637.52733710,363181,754.27074000,72889480.75717160,0
1733806800000,97031.98000000,97051.99000000,96520.49000000,96941.99000000,1054.45271000,1733810399999,102087512.99246700,212854,524.78144000,50807829.48872750,0
1733810400000,96941.99000000,97519.20000000,96810.85000000,97464.60000000,1222.41402000,1733813999999,118804873.92652090,213062,667.95195000,64915309.30011850,0
1733814000000,97464.60000000,97502.74000000,96908.00000000,97196.44000000,943.52763000,1733817599999,91655865.56197810,176051,523.57328000,50856375.36286470,0
1733817600000,97196.44000000,97547.52000000,96938.19000000,97385.72000000,866.37002000,1733821199999,84247800.70830610,204794,463.12267000,45039848.46440150,0
1733821200000,97385.72000000,97680.00000000,97224.79000000,97489.10000000,851.77822000,1733824799999,83001521.66502340,197265,488.91330000,47643657.09386750,0
1733824800000,97489.10000000,97862.43000000,97489.09000000,97687.50000000,947.81939000,1733828399999,92609084.89843550,187932,558.44010000,54562494.95649190,0
1733828400000,97687.50000000,97937.50000000,97444.42000000,97722.52000000,1066.94048000,1733831999999,104215366.86689560,213598,545.03617000,53244035.96147660,0
1733832000000,97722.53000000,97841.10000000,96864.04000000,97161.50000000,1548.27714000,1733835599999,150622581.29769000,519714,786.29562000,76494254.40399330,0
1733835600000,97161.50000000,97929.99000000,97128.00000000,97738.36000000,1701.94365000,1733839199999,166103165.14236460,542358,874.38259000,85338152.34773830,0
1733839200000,97738.35000000,98270.00000000,97140.00000000,97820.01000000,3526.12099000,1733842799999,344825648.23713130,831416,1881.79215000,184045827.18978490,0
1733842800000,97820.01000000,98113.68000000,95555.00000000,95658.79000000,4812.98677000,1733846399999,465585007.25636580,1079445,2052.02657000,198561050.87855480,0
1733846400000,95658.79000000,96500.00000000,94508.69000000,96319.77000000,7543.54551000,1733849999999,719986044.67136260,1172638,3209.05581000,306376026.91459620,0
1733850000000,96319.76000000,96391.17000000,94401.76000000,94484.01000000,5401.75410000,1733853599999,513445743.78123630,1121081,2468.86236000,234608976.84104700,0
1733853600000,94484.01000000,95524.00000000,94256.54000000,95132.03000000,2558.43561000,1733857199999,242815443.19289930,776393,1228.43468000,116568875.61321460,0
1733857200000,95132.04000000,96171.14000000,94980.27000000,95856.50000000,1778.37842000,1733860799999,170245327.39719230,569821,867.59987000,83064781.23088600,0
1733860800000,95856.50000000,96700.00000000,95616.00000000,96434.76000000,1949.38081000,1733864399999,187655547.53287870,507732,970.89185000,93473532.87215320,0
1733864400000,96434.75000000,97200.70000000,96382.35000000,96858.00000000,2026.89962000,1733867999999,196166983.97352350,493836,1005.35153000,97296873.79234700,0
1733868000000,96858.00000000,97099.49000000,96587.43000000,96849.44000000,1109.33596000,1733871599999,107438022.28949440,264151,484.21324000,46897177.82187970,0
1733871600000,96849.45000000,97128.62000000,96402.70000000,96593.00000000,1199.51886000,1733875199999,116147661.82149160,293043,624.28642000,60455995.46020080,0
1733875200000,96593.00000000,96842.42000000,95816.36000000,96412.61000000,1676.16419000,1733878799999,161519219.45159350,537619,783.10394000,75463377.54107060,0
1733878800000,96412.61000000,96635.79000000,95658.24000000,95752.02000000,1661.31944000,1733882399999,159738499.09538700,592515,753.03101000,72414408.68292160,0
1733882400000,95752.02000000,97444.44000000,95677.96000000,97207.29000000,1684.35094000,1733885999999,162840014.92101970,511775,849.81154000,82154979.16789750,0
1733886000000,97207.29000000,97625.76000000,97128.24000000,97398.43000000,1079.97914000,1733889599999,105156008.44959290,337535,536.40747000,52230628.95869900,0
1733889600000,97398.42000000,97600.00000000,97181.70000000,97546.96000000,1071.82464000,1733893199999,104387671.95160400,260963,587.52042000,57217083.55716340,0
1733893200000,97546.97000000,97700.00000000,97300.80000000,97495.19000000,581.06970000,1733896799999,56627707.18768610,232508,234.77912000,22881295.41267440,0
1733896800000,97495.20000000,97765.77000000,97391.40000000,97689.57000000,482.35697000,1733900399999,47093162.85010490,190950,249.86118000,24394995.94513100,0
1733900400000,97689.57000000,97790.36000000,97248.87000000,97334.60000000,747.37970000,1733903999999,72899696.67342220,182342,304.82870000,29727540.50498630,0
1733904000000,97334.59000000,98472.57000000,97316.78000000,98109.90000000,1557.01346000,1733907599999,152562895.67747020,301301,874.33107000,85657233.56861660,0
1733907600000,98109.90000000,98171.35000000,97757.44000000,97999.99000000,778.44620000,1733911199999,76227522.87647360,246907,344.99790000,33779884.70634860,0
1733911200000,98000.00000000,98301.17000000,97862.66000000,98214.29000000,779.21065000,1733914799999,76429805.49599240,181359,380.00869000,37277190.91709700,0
1733914800000,98214.29000000,98450.00000000,98137.09000000,98292.61000000,800.38789000,1733918399999,78680725.78960690,161904,373.24495000,36690444.60614490,0
1733918400000,98292.61000000,98493.04000000,98164.02000000,98236.00000000,775.58074000,1733921999999,76279138.47101230,179293,362.21884000,35624635.11976370,0
1733922000000,98236.00000000,98865.47000000,98072.33000000,98736.86000000,1875.90205000,1733925599999,184885900.31263350,481111,926.71174000,91341335.28490760,0
1733925600000,98736.86000000,99539.29000000,98369.82000000,99515.98000000,2230.19310000,1733929199999,220748905.80167330,556809,1116.82926000,110565956.22121290,0
1733929200000,99515.99000000,100800.00000000,99414.72000000,100361.64000000,5764.60580000,1733932799999,577304816.19841860,837830,3280.37513000,328442759.95300060,0
1733932800000,100361.64000000,101090.90000000,100295.61000000,100575.99000000,2950.52479000,1733936399999,297027889.31092630,555241,1585.59782000,159649481.78781790,0
1733936400000,100576.00000000,100982.07000000,99660.15000000,99781.90000000,2298.27737000,1733939999999,230764966.46194330,452276,1020.62800000,102458543.94547070,0
1733940000000,99781.89000000,100786.30000000,99608.23000000,100388.71000000,2207.59419000,1733943599999,221303048.91969750,472723,1125.00115000,112761937.89211020,0
1733943600000,100388.72000000,101141.01000000,100388.71000000,101122.71000000,1758.39622000,1733947199999,177270251.60510350,248186,1044.93146000,105360565.01941560,0
1733947200000,101122.71000000,101674.72000000,101024.75000000,101271.56000000,2068.71914000,1733950799999,209628075.68037150,348587,1022.62334000,103629028.12728310,0
1733950800000,101271.57000000,101536.70000000,100866.42000000,101520.12000000,1152.95810000,1733954399999,116644621.41190650,173600,532.68514000,53892225.77476790,0
1733954400000,101520.13000000,101888.00000000,101180.63000000,101209.74000000,1098.87478000,1733957999999,111558652.94522540,123585,533.97970000,54228856.29559300,0
1733958000000,101209.74000000,101500.00000000,101068.25000000,101125.00000000,672.65371000,1733961599999,68124565.47958480,83592,289.33802000,29301929.22107630,0
1733961600000,101125.00000000,101200.00000000,100559.71000000,100772.46000000,970.26535000,1733965199999,97916390.25408140,220628,408.48020000,41220128.98044820,0
1733965200000,100772.47000000,100861.98000000,100331.61000000,100496.30000000,1065.71101000,1733968799999,107208565.58597030,236593,454.84979000,45753877.90057950,0
1733968800000,100496.30000000,101824.77000000,100496.30000000,101824.76000000,1067.28192000,1733972399999,107881033.93114000,270609,630.26813000,63724554.50101230,0
1733972400000,101824.77000000,101829.00000000,100792.00000000,101025.87000000,1481.01937000,1733975999999,150028062.66499680,368461,647.72051000,65620933.60213630,0
1733976000000,101025.88000000,101191.85000000,100572.00000000,100675.70000000,877.84617000,1733979599999,88537060.02130410,232715,390.31878000,39367134.97761910,0
1733979600000,100675.70000000,101136.92000000,100617.64000000,100618.86000000,1063.06897000,1733983199999,107232124.72718590,201236,567.27686000,57222396.34044260,0
1733983200000,100618.87000000,100701.24000000,100402.82000000,100584.37000000,548.35286000,1733986799999,55144150.84787890,182454,284.90843000,28651935.29200720,0
1733986800000,100584.37000000,100828.16000000,100496.47000000,100499.99000000,528.75796000,1733990399999,53211895.34999020,118022,237.64190000,23917052.56616250,0
1733990400000,100499.99000000,101049.36000000,100470.58000000,100980.00000000,703.47330000,1733993999999,70906653.63591810,134228,370.85068000,37382892.08159850,0
1733994000000,100979.99000000,101126.54000000,100794.11000000,100814.07000000,604.85218000,1733997599999,61065119.36792460,122989,295.03562000,29790251.81427680,0
1733997600000,100814.06000000,100814.07000000,100473.14000000,100579.44000000,620.99851000,1734001199999,62467865.01948930,189757,301.12050000,30288316.87815930,0
1734001200000,100579.44000000,100637.97000000,100178.32000000,100358.42000000,663.75995000,1734004799999,66613618.31169040,213825,253.81565000,25471723.30321320,0
1734004800000,100358.42000000,100944.00000000,100348.35000000,100828.00000000,783.19887000,1734008399999,78890119.91147460,188712,415.70032000,41871800.74592870,0
1734008400000,100828.00000000,101545.78000000,100540.74000000,100911.99000000,1810.00915000,1734011999999,182878714.60104330,540341,879.76607000,88904187.77731430,0
1734012000000,100912.00000000,101749.74000000,100629.41000000,101702.04000000,2588.59757000,1734015599999,261964756.68270020,660480,1317.17776000,133334360.51076070,0
1734015600000,101702.04000000,101861.60000000,100700.07000000,101797.14000000,2345.92427000,1734019199999,237840811.56368190,637812,1138.70000000,115473593.93310310,0
1734019200000,101797.14000000,102540.00000000,101462.49000000,101462.49000000,3118.04465000,1734022799999,318242633.39351090,722561,1756.90529000,179341667.30956130,0
1734022800000,101462.49000000,101700.00000000,101227.27000000,101617.65000000,1046.05464000,1734026399999,106148139.69646350,412487,489.09373000,49633944.11537720,0
1734026400000,101617.64000000,101657.75000000,100831.00000000,100857.59000000,907.96892000,1734029999999,91908787.69881760,369919,426.90012000,43205858.68778390,0
1734030000000,100857.59000000,101052.77000000,99311.64000000,99481.32000000,2862.50310000,1734033599999,286121364.71286560,694182,1269.30263000,126872558.75663520,0
1734033600000,99481.33000000,100464.73000000,99465.33000000,100028.01000000,1571.02583000,1734037199999,156924823.27465000,559237,730.36887000,72960846.67127490,0
1734037200000,100028.02000000,100109.09000000,99700.00000000,99760.01000000,764.07160000,1734040799999,76314949.91071460,334752,343.75250000,34334205.20619620,0
1734040800000,99760.01000000,100476.19000000,99513.00000000,100444.00000000,803.02299000,1734044399999,80324583.72009860,276244,406.76266000,40699644.19696210,0
1734044400000,100444.00000000,100476.00000000,99879.38000000,100004.29000000,436.27831000,1734047999999,43690358.98257970,178078,159.16961000,15940590.52180740,0
1734048000000,100004.29000000,100356.85000000,99939.85000000,100083.21000000,501.95354000,1734051599999,50281015.29521700,180397,251.23473000,25165315.04309220,0
1734051600000,100083.21000000,100140.00000000,99210.53000000,99323.94000000,996.85798000,1734055199999,99324747.11974290,276020,417.62827000,41625525.48037710,0
1734055200000,99323.94000000,99675.66000000,99205.00000000,99484.99000000,1138.64214000,1734058799999,113226775.37283950,274055,595.70923000,59235146.85396360,0
1734058800000,99484.99000000,99793.50000000,99484.98000000,99729.09000000,532.23358000,1734062399999,53048561.10309030,164100,297.78565000,29680167.46100800,0
1734062400000,99729.09000000,100054.91000000,99652.00000000,100000.46000000,531.66419000,1734065999999,53097804.27627950,121589,255.31026000,25496691.43418750,0
1734066000000,100000.46000000,100172.00000000,99850.35000000,99890.00000000,430.05413000,1734069599999,42999505.80586570,99313,187.33953000,18731897.10164750,0
1734069600000,99889.99000000,100092.00000000,99700.00000000,99700.00000000,483.54224000,1734073199999,48315638.88631490,106474,178.33602000,17820047.67369530,0
1734073200000,99700.00000000,100225.52000000,99500.00000000,100130.00000000,1277.18261000,1734076799999,127607107.91582120,175189,546.15943000,54618376.28561620,0
1734076800000,100130.01000000,100361.93000000,99896.00000000,100272.00000000,562.17584000,1734080399999,56316996.18694930,124159,305.60455000,30618487.81591530,0
1734080400000,100271.99000000,100340.00000000,99904.43000000,100100.00000000,499.52207000,1734083999999,50013642.43812710,132961,201.07452000,20134536.83073150,0
1734084000000,100100.00000000,100550.00000000,99913.51000000,100457.62000000,520.33241000,1734087599999,52161259.53263850,130636,306.94379000,30779669.41218240,0
1734087600000,100457.62000000,100789.00000000,100314.19000000,100353.37000000,678.01774000,1734091199999,68153531.20879580,165572,385.45966000,38749795.68651840,0
1734091200000,100353.37000000,100470.59000000,100142.11000000,100299.85000000,462.58738000,1734094799999,46405012.81954240,150630,216.03747000,21672065.85482610,0
1734094800000,100299.85000000,100527.91000000,99936.25000000,100284.35000000,605.47063000,1734098399999,60655191.79778820,214229,292.98332000,29351135.61988950,0
1734098400000,100284.36000000,101018.12000000,100220.92000000,101018.12000000,988.71208000,1734101999999,99525066.10939740,337312,572.86714000,57687985.51984410,0
1734102000000,101018.12000000,101375.26000000,99700.00000000,99873.16000000,2338.34375000,1734105599999,235584930.11594730,565812,1027.01820000,103497955.27081550,0
1734105600000,99873.16000000,101272.73000000,99800.00000000,100988.01000000,1964.84991000,1734109199999,197336433.93773250,575702,974.31909000,97839678.06677370,0
1734109200000,100988.02000000,101777.75000000,100780.01000000,101737.89000000,1575.29189000,1734112799999,159595326.18623780,421877,772.60224000,78290401.23739300,0
1734112800000,101737.88000000,101895.26000000,101293.14000000,101495.91000000,1655.90604000,1734116399999,168271831.75255380,380093,852.83665000,86649725.66691950,0
1734116400000,101495.92000000,101617.65000000,101205.88000000,101462.34000000,980.79695000,1734119999999,99426570.24436240,235043,523.85832000,53098111.77546960,0
1734120000000,101462.34000000,101879.98000000,101227.97000000,101680.00000000,1230.46768000,1734123599999,125011393.58653560,274444,659.80995000,67036237.81293900,0
1734123600000,101680.01000000,101691.46000000,101250.09000000,101303.64000000,699.51818000,1734127199999,70951084.66231460,151208,261.94151000,26565949.70509460,0
1734127200000,101303.63000000,101407.99000000,101090.90000000,101227.28000000,406.27702000,1734130799999,41131812.79652190,122133,169.79251000,17188932.21151580,0
1734130800000,101227.28000000,101529.42000000,101139.88000000,101424.25000000,843.63925000,1734134399999,85462153.92348490,102712,416.44161000,42187051.81504050,0
1734134400000,101424.24000000,101519.42000000,101148.35000000,101301.07000000,468.18694000,1734137999999,47446351.10228830,122426,208.18438000,21097813.10831900,0
1734138000000,101301.07000000,102650.00000000,101301.07000000,102145.28000000,2528.31652000,1734141599999,258295885.28679280,521229,1482.12350000,151377659.93287510,0
1734141600000,102145.28000000,102279.43000000,101668.45000000,102032.61000000,698.88108000,1734145199999,71241146.63654800,248042,341.24506000,34781891.58917570,0
1734145200000,102032.61000000,102344.00000000,102022.39000000,102088.00000000,406.92709000,1734148799999,41576466.15074420,115886,186.86600000,19091977.12651660,0
1734148800000,102088.00000000,102138.00000000,101590.90000000,101681.81000000,636.87362000,1734152399999,64835506.04855060,162911,258.62405000,26323878.37320910,0
1734152400000,101681.82000000,101816.71000000,101632.00000000,101722.80000000,439.71251000,1734155999999,44736022.20508540,95720,200.59353000,20407781.46447370,0
1734156000000,101722.79000000,102000.00000000,101690.37000000,101906.05000000,572.18592000,1734159599999,58299725.20756090,79010,277.28692000,28258518.31681670,0
1734159600000,101906.06000000,101923.99000000,101596.43000000,101824.00000000,706.73681000,1734163199999,71904320.65072420,72396,371.00159000,37743097.51260930,0
1734163200000,101824.00000000,101863.64000000,101578.58000000,101803.03000000,319.99027000,1734166799999,32557688.46686270,66785,119.63749000,12172489.53756540,0
1734166800000,101803.04000000,101803.04000000,101478.05000000,101551.28000000,327.22429000,1734170399999,33254876.74065850,74707,115.38746000,11725299.22559360,0
1734170400000,101551.29000000,101602.31000000,101321.00000000,101550.58000000,371.42714000,1734173999999,37685949.07178040,88108,170.32838000,17284488.37531320,0
1734174000000,101550.59000000,101697.50000000,101464.92000000,101583.99000000,227.39658000,1734177599999,23103301.94100140,62932,133.00774000,13513849.67507880,0
1734177600000,101584.00000000,101647.06000000,101241.26000000,101297.96000000,590.74082000,1734181199999,59910207.02326920,127470,299.43350000,30369696.79482620,0
1734181200000,101297.96000000,101411.63000000,100826.38000000,101170.05000000,1220.28333000,1734184799999,123367805.04512250,233121,585.63795000,59208943.51912640,0
1734184800000,101170.04000000,101536.00000000,101163.64000000,101434.30000000,526.12869000,1734188399999,53352869.94850020,131845,252.79822000,25636186.22864690,0
1734188400000,101434.30000000,101742.43000000,101342.71000000,101625.12000000,400.83121000,1734191999999,40720033.17059950,108532,206.22140000,20948614.70495830,0
1734192000000,101625.12000000,101650.77000000,101420.01000000,101650.76000000,412.87893000,1734195599999,41918947.22635860,146697,189.38623000,19228060.07408610,0
1734195600000,101650.77000000,101737.70000000,100860.00000000,100988.00000000,798.14281000,1734199199999,80778796.79073120,154942,277.94087000,28141359.33981960,0
1734199200000,100988.01000000,101175.75000000,100831.63000000,100895.98000000,659.88076000,1734202799999,66641826.76112780,206414,306.92885000,31000643.30060580,0
1734202800000,100895.99000000,101411.77000000,100872.38000000,101313.54000000,442.94587000,1734206399999,44807569.86855520,141685,203.19861000,20556300.53874290,0
1734206400000,101313.54000000,101409.92000000,100609.41000000,100760.00000000,528.13263000,1734209999999,53321707.12696730,142681,169.31897000,17095931.62240570,0
1734210000000,100760.00000000,101187.03000000,100760.00000000,101074.68000000,300.55759000,1734213599999,30374899.50750990,130683,138.51820000,13996726.63589030,0
1734213600000,101074.68000000,101259.25000000,100895.53000000,101117.63000000,292.13848000,1734217199999,29533857.14338180,66548,122.70645000,12405176.26564310,0
1734217200000,101117.64000000,101499.08000000,101045.45000000,101420.00000000,315.18337000,1734220799999,31928607.92559860,73768,173.87141000,17615470.87719210,0
1734220800000,101420.00000000,101558.83000000,101237.14000000,101442.42000000,313.78863000,1734224399999,31821967.96254630,90291,172.45487000,17489486.06952790,0
1734224400000,101442.41000000,102196.97000000,101424.01000000,102134.48000000,1458.80477000,1734227999999,148552826.73662790,169708,1158.89112000,118011852.72975210,0
1734228000000,102134.48000000,102155.28000000,101775.88000000,101831.15000000,728.33298000,1734231599999,74248268.61891100,109789,490.38163000,49992151.98445820,0
1734231600000,101831.16000000,101931.73000000,101722.31000000,101733.82000000,216.32352000,1734235199999,22025179.83352280,80811,93.64090000,9534840.24879100,0
1734235200000,101733.83000000,102850.00000000,101733.82000000,102366.17000000,1788.48948000,1734238799999,183308143.98662470,263775,1062.94569000,108913010.31445750,0
1734238800000,102366.17000000,102511.81000000,102107.92000000,102159.29000000,485.39491000,1734242399999,49677047.03931700,118362,243.18500000,24891281.31949000,0
1734242400000,102159.29000000,102169.90000000,101759.80000000,101759.80000000,417.41142000,1734245999999,42570715.47832540,84868,174.13162000,17759581.50320230,0
1734246000000,101759.81000000,101941.18000000,101534.01000000,101732.09000000,399.71077000,1734249599999,40664507.81431400,131861,184.07153000,18729164.43538500,0
1734249600000,101732.09000000,102015.16000000,101581.07000000,102015.15000000,434.85636000,1734253199999,44273021.24998730,106043,220.75894000,22480108.55833760,0
1734253200000,102015.15000000,102270.95000000,101919.60000000,102264.34000000,361.99787000,1734256799999,36962634.77360110,95630,199.75797000,20397599.97396800,0
1734256800000,102264.34000000,102450.22000000,102147.58000000,102280.00000000,390.62989000,1734260399999,39959802.20535690,85248,205.88647000,21061899.55673290,0
1734260400000,102280.01000000,102691.01000000,102228.01000000,102671.44000000,613.11003000,1734263999999,62839380.01083670,92966,359.24093000,36818474.26469240,0
1734264000000,102671.44000000,103359.97000000,102533.33000000,102946.54000000,2308.19851000,1734267599999,237651925.44719550,284170,1282.01445000,132004734.08093220,0
1734267600000,102946.55000000,102987.43000000,102473.01000000,102784.65000000,917.26646000,1734271199999,94218504.07317320,167702,485.34628000,49852473.26999830,0
1734271200000,102784.65000000,103061.88000000,102622.99000000,102994.37000000,988.69088000,1734274799999,101684643.77042200,156248,388.19025000,39932090.15658080,0
1734274800000,102994.37000000,103039.99000000,102704.00000000,102704.01000000,704.04111000,1734278399999,72435452.33998170,124570,351.57770000,36171713.07142590,0
1734278400000,102704.00000000,103490.00000000,102583.65000000,103127.08000000,1092.30198000,1734281999999,112655562.88244170,199728,594.65455000,61337429.78909230,0
1734282000000,103127.08000000,103368.19000000,102978.93000000,103164.00000000,493.45924000,1734285599999,50894263.28351160,117587,262.72031000,27097311.18718110,0
1734285600000,103164.01000000,103358.89000000,102984.58000000,103204.00000000,381.55820000,1734289199999,39366997.88578420,88268,198.60726000,20491735.61366520,0
1734289200000,103203.99000000,103455.00000000,103178.47000000,103252.95000000,474.60080000,1734292799999,49038507.88545620,82686,250.30984000,25864057.68888660,0
1734292800000,103252.96000000,103404.16000000,103066.67000000,103144.83000000,421.52166000,1734296399999,43502469.67193840,76996,196.28442000,20257484.53638000,0
1734296400000,103144.83000000,103197.67000000,102634.25000000,102859.06000000,733.51731000,1734299999999,75468583.28076820,179016,295.75667000,30425236.40408460,0
1734300000000,102859.05000000,103385.80000000,102621.50000000,103277.32000000,752.53486000,1734303599999,77561535.61532690,140376,432.35586000,44573051.48314260,0
1734303600000,103277.31000000,105250.00000000,103246.07000000,104463.99000000,5352.38013500,1734307199999,559080961.98982050,592110,3365.73009500,351524680.05993300,0
1734307200000,104463.99000000,106648.00000000,104324.50000000,105444.95000000,4439.21432600,1734310799999,469323806.39901463,665067,2375.59817600,251126208.47399353,0
1734310800000,105444.95000000,105591.58000000,104979.39000000,105531.99000000,1469.85302000,1734314399999,154795862.30469690,315847,796.03116000,83843760.97211530,0
1734314400000,105532.00000000,105640.00000000,104446.28000000,104585.32000000,1719.94162000,1734317999999,180418056.85582880,314208,756.82963000,79390105.93200080,0
1734318000000,104585.32000000,105000.00000000,104259.48000000,104582.28000000,1174.83928000,1734321599999,122995782.43535620,286032,589.40529000,61703555.41612920,0
1734321600000,104582.28000000,104805.22000000,104469.89000000,104686.15000000,650.79766000,1734325199999,68111433.69245470,176590,283.05988000,29623269.77181410,0
1734325200000,104686.15000000,105064.00000000,104482.46000000,105028.00000000,781.51923000,1734328799999,81943633.54227840,156481,380.54175000,39895584.10061040,0
1734328800000,105028.01000000,105373.76000000,104956.00000000,105149.98000000,971.06116000,1734332399999,102124805.79901960,153743,482.49641000,50742588.25468200,0
1734332400000,105149.98000000,105420.76000000,104900.00000000,104992.79000000,679.89461000,1734335999999,71517442.67053880,139665,323.13158000,33993444.95636820,0
1734336000000,104992.79000000,105016.85000000,104505.22000000,104535.44000000,713.40126000,1734339599999,74735050.95579400,181289,261.78683000,27428198.99937640,0
1734339600000,104535.44000000,104942.48000000,104500.46000000,104676.72000000,767.27443000,1734343199999,80347891.94572430,197656,348.17808000,36458035.77950180,0
1734343200000,104676.73000000,104722.10000000,104350.01000000,104684.99000000,993.28252000,1734346799999,103835431.40685000,175314,429.52933000,44915165.46203010,0
1734346800000,104684.98000000,104836.36000000,103625.78000000,103757.99000000,1498.30185000,1734350399999,156096269.86842550,262551,542.27718000,56505224.03838800,0
1734350400000,103758.00000000,104145.90000000,103333.00000000,103656.02000000,1555.92886000,1734353999999,161526689.52907150,365813,759.31327000,78828475.41463930,0
1734354000000,103656.02000000,104138.99000000,103484.51000000,103908.02000000,1256.73983000,1734357599999,130561966.26238630,281981,712.75697000,74034037.96187990,0
1734357600000,103908.03000000,106000.00000000,103879.25000000,105487.00000000,3025.52605000,1734361199999,317973512.26479360,581614,1669.21489000,175362048.34790430,0
1734361200000,105487.01000000,106499.99000000,105253.46000000,106332.01000000,3451.11467000,1734364799999,366169058.66691990,771080,1697.25620000,180070272.42717960,0
1734364800000,106332.00000000,107195.58000000,106140.00000000,106824.95000000,3224.84045800,1734368399999,344115642.74388458,717643,1736.81283800,185351319.53837338,0
1734368400000,106824.94000000,107195.00000000,106693.26000000,107078.55000000,2075.56347000,1734371999999,221991155.78690150,430635,1001.01040000,107068941.81492430,0
1734372000000,107078.55000000,107793.07000000,106882.47000000,107078.60000000,3417.43628600,1734375599999,366922297.74751990,422891,1508.42199600,161973498.10412340,0
1734375600000,107078.60000000,107078.61000000,105797.41000000,106583.12000000,3277.26405000,1734379199999,348474555.54444030,504363,1467.97832000,156038527.33628730,0
1734379200000,106583.13000000,106648.48000000,105762.56000000,105808.36000000,1901.28728000,1734382799999,201913869.21340740,392756,974.94422000,103537426.28216860,0
1734382800000,105808.36000000,106274.90000000,105688.93000000,106057.77000000,880.58820000,1734386399999,93277750.14973860,218774,528.03755000,55931204.97650020,0
1734386400000,106057.78000000,106301.59000000,105721.39000000,105815.99000000,620.69466000,1734389999999,65815557.23760230,124002,333.66772000,35384055.60871960,0
1734390000000,105816.00000000,106064.00000000,105480.02000000,106058.66000000,756.03796000,1734393599999,79976877.61190520,212059,390.81983000,41345949.27781280,0
1734393600000,106058.65000000,106244.40000000,105657.34000000,105856.51000000,1086.89201000,1734397199999,115215163.11004650,359524,547.08409000,57994957.36896980,0
1734397200000,105856.51000000,106469.29000000,105744.62000000,106376.00000000,1112.03906000,1734400799999,118053200.29365900,262490,629.99758000,66882308.62448430,0
1734400800000,106376.01000000,106590.55000000,106197.74000000,106269.14000000,804.33118000,1734404399999,85619122.74403280,153691,375.85749000,40006564.09149110,0
1734404400000,106269.15000000,107000.00000000,106240.50000000,106866.49000000,879.61902000,1734407999999,93855609.67968720,177712,510.46381000,54463937.94114980,0
1734408000000,106866.50000000,106866.50000000,106412.99000000,106500.77000000,533.25830000,1734411599999,56836644.62272300,135758,233.62971000,24897601.01359130,0
1734411600000,106500.77000000,106823.28000000,106448.00000000,106817.43000000,576.75389000,1734415199999,61497517.77486410,119189,246.60580000,26293948.66470330,0
1734415200000,106817.44000000,106845.00000000,106368.45000000,106549.98000000,543.19883000,1734418799999,57896417.08258220,138695,232.75554000,24808725.12960540,0
1734418800000,106549.99000000,107143.29000000,106478.00000000,106805.75000000,1284.61121000,1734422399999,137313726.32841320,172203,634.80082000,67852919.26739010,0
1734422400000,106805.75000000,107550.02000000,106753.53000000,107406.61000000,1330.80553000,1734425999999,142701688.62859630,197434,750.06184000,80423774.39548660,0
1734426000000,107406.61000000,107474.10000000,107130.00000000,107306.03000000,693.66559000,1734429599999,74431646.35453580,196441,341.86322000,36683311.36003470,0
1734429600000,107306.03000000,107343.82000000,106897.44000000,107209.67000000,792.66466000,1734433199999,84879312.55327090,184606,347.80387000,37245389.21890300,0
1734433200000,107209.67000000,107329.49000000,106708.86000000,106808.31000000,805.81206000,1734436799999,86241728.93971540,203259,333.89547000,35739314.08157220,0
1734436800000,106808.31000000,107177.55000000,106534.29000000,107136.01000000,997.93197000,1734440399999,106556993.54090270,215671,433.22273000,46267078.20731400,0
1734440400000,107136.01000000,107620.09000000,106981.06000000,107298.42000000,795.32765000,1734443999999,85356487.13571470,223299,362.18359000,38876170.35713100,0
1734444000000,107298.42000000,108353.00000000,107056.13000000,108258.39000000,2997.39758600,1734447599999,323053671.86815001,659857,1545.32684600,166582731.22976641,0
1734447600000,108258.38000000,108258.38000000,105725.99000000,106478.47000000,4148.52325000,1734451199999,442136168.97670250,981475,1968.70975000,209773467.41884110,0
1734451200000,106478.48000000,107100.86000000,106148.00000000,107075.72000000,1719.47030000,1734454799999,183531108.41999480,570506,896.63196000,95684483.40152670,0
1734454800000,107075.73000000,107617.12000000,106713.96000000,107506.37000000,1501.46563000,1734458399999,161100587.79222650,418736,732.47442000,78601841.92286720,0
1734458400000,107506.37000000,107633.00000000,106410.55000000,106551.89000000,1312.39668000,1734461999999,140477006.35704560,376444,623.96159000,66785851.91271980,0
1734462000000,106551.89000000,106986.44000000,106216.06000000,106475.89000000,1342.02320000,1734465599999,142976361.42215720,378169,625.98009000,66688269.02436250,0
1734465600000,106475.89000000,106903.99000000,106156.22000000,106732.98000000,1003.81925000,1734469199999,106918361.43472470,313291,531.98389000,56658020.35069760,0
1734469200000,106732.98000000,106799.18000000,106236.53000000,106411.54000000,442.63546000,1734472799999,47140971.70082850,183372,200.33735000,21332229.87545850,0
1734472800000,106411.53000000,106419.38000000,105321.49000000,105972.01000000,1143.43647000,1734476399999,120998705.79677160,248640,471.25216000,49871548.20902420,0
1734476400000,105972.00000000,106350.01000000,105550.00000000,106133.74000000,1216.85768000,1734479999999,129045125.21776150,342337,610.43683000,64743767.48488940,0
1734480000000,106133.74000000,106460.00000000,105620.03000000,106098.93000000,999.41593000,1734483599999,105997606.18152400,262602,489.45217000,51912753.12140040,0
1734483600000,106098.92000000,106524.98000000,104942.32000000,105332.84000000,2375.39062000,1734487199999,251047732.27898340,441576,934.98200000,98905689.33035490,0
1734487200000,105335.23000000,105651.88000000,105016.00000000,105312.91000000,985.53584000,1734490799999,103847476.79538740,355066,484.85850000,51090509.73327610,0
1734490800000,105312.90000000,105331.63000000,104581.58000000,104763.98000000,1424.59685000,1734494399999,149420229.46384790,332352,534.53771000,56058624.51553750,0
1734494400000,104763.99000000,104763.99000000,103516.98000000,103868.01000000,2603.97627000,1734497999999,270851188.87509220,569845,1013.34589000,105400948.14120420,0
1734498000000,103868.00000000,104125.18000000,103276.00000000,103572.17000000,1659.21540000,1734501599999,172145720.74949890,409448,740.54243000,76844069.26202540,0
1734501600000,103572.16000000,104000.21000000,103137.82000000,103794.65000000,1754.37180000,1734505199999,181738307.59146060,354582,750.56280000,77789620.70430890,0
1734505200000,103794.65000000,104317.82000000,103702.32000000,104250.75000000,1239.07366000,1734508799999,129008622.48462320,245906,698.66445000,72747450.71197060,0
1734508800000,104250.75000000,104378.92000000,103729.18000000,103805.43000000,707.25432000,1734512399999,73586076.86354130,175800,269.26355000,28018512.91716950,0
1734512400000,103805.42000000,104435.00000000,103804.66000000,104047.99000000,794.73016000,1734515999999,82785017.07664240,113378,374.99790000,39060396.98748380,0
1734516000000,104047.99000000,104659.25000000,103984.00000000,104531.03000000,547.48679000,1734519599999,57115812.33558230,105153,305.82688000,31910325.14427790,0
1734519600000,104531.03000000,105033.33000000,104500.00000000,105028.33000000,878.17039000,1734523199999,92026328.42993630,127977,511.91440000,53651016.59938510,0
1734523200000,105028.33000000,105350.00000000,104687.44000000,104920.01000000,1428.18959000,1734526799999,150020282.62395310,235039,762.03335000,80070392.70970820,0
1734526800000,104920.02000000,105271.80000000,104532.01000000,104580.58000000,888.46850000,1734530399999,93211880.58670100,163772,372.64222000,39107864.72786690,0
1734530400000,104580.57000000,104860.66000000,103855.07000000,104019.93000000,2756.64761000,1734533999999,287532255.71220120,436914,1163.95552000,121417121.41751520,0
1734534000000,104019.94000000,104569.41000000,103650.00000000,104428.54000000,2169.56095000,1734537599999,225887085.56804490,485800,1172.90353000,122096140.53211490,0
1734537600000,104428.54000000,104474.14000000,103380.43000000,104199.62000000,2165.97625000,1734541199999,224884727.23664880,398996,1200.65985000,124616014.30258130,0
1734541200000,104199.63000000,104819.83000000,103876.00000000,104656.18000000,998.63962000,1734544799999,104280619.43313810,253604,577.47826000,60308235.96718660,0
1734544800000,104656.18000000,104999.98000000,104150.01000000,104808.99000000,1126.27380000,1734548399999,117817412.14108100,264061,608.81035000,63704057.50797450,0
1734548400000,104805.44000000,104805.44000000,102817.82000000,102817.82000000,4875.44811000,1734551999999,505189725.39435640,750973,2256.85317000,233896297.06079480,0
1734552000000,102817.82000000,102997.77000000,100303.72000000,100846.67000000,10402.44410000,1734555599999,1056448989.78208470,1164362,4534.48069000,460372129.76045060,0
1734555600000,100846.68000000,101745.45000000,100481.81000000,101010.55000000,3022.31056000,1734559199999,305638410.55751200,509083,1480.01549000,149688071.03227670,0
1734559200000,101010.54000000,101560.89000000,100648.99000000,101152.45000000,1684.68673000,1734562799999,170232368.94747670,305802,852.11566000,86097954.04760070,0
1734562800000,101152.45000000,101203.45000000,100000.00000000,100204.01000000,2820.13370000,1734566399999,283549439.14991880,300029,1217.47848000,122448948.03503350,0
1734566400000,100204.01000000,100986.09000000,100128.00000000,100831.16000000,2011.20722000,1734569999999,202463324.97155430,414195,1004.16804000,101090821.93588100,0
1734570000000,100831.17000000,100903.28000000,99605.98000000,99768.97000000,1922.58004000,1734573599999,192807166.81479010,313869,697.16764000,69957852.15833100,0
1734573600000,99768.97000000,100534.56000000,98802.00000000,100534.56000000,4808.23260000,1734577199999,478300278.11831220,677919,2335.73692000,232443709.85608530,0
1734577200000,100534.56000000,101310.25000000,100456.00000000,101193.15000000,2269.12938000,1734580799999,229062494.90846950,388388,1215.99173000,122753613.37509470,0
1734580800000,101193.15000000,101228.31000000,100629.99000000,100671.62000000,834.97520000,1734584399999,84318185.94439870,155855,344.51626000,34794975.18214410,0
1734584400000,100671.62000000,101415.25000000,100671.62000000,101300.01000000,935.02447000,1734587999999,94626138.92334320,173808,464.07315000,46954366.00073240,0
1734588000000,101300.01000000,101392.15000000,101015.44000000,101200.01000000,712.40267000,1734591599999,72100946.41976840,158148,351.76521000,35602239.95190680,0
1734591600000,101200.01000000,101727.28000000,101124.46000000,101656.57000000,716.67385000,1734595199999,72740307.57167420,136868,421.81834000,42818366.56927790,0
1734595200000,101656.57000000,101820.00000000,101380.10000000,101640.40000000,745.81150000,1734598799999,75795288.13411030,137730,340.61439000,34618104.87013000,0
1734598800000,101640.40000000,101873.08000000,101537.56000000,101815.99000000,863.07944000,1734602399999,87802406.99781640,113454,499.66043000,50828969.60350750,0
1734602400000,101815.99000000,102609.72000000,101758.19000000,102409.34000000,1608.23665000,1734605999999,164430990.78618490,167230,849.37425000,86844058.69648050,0
1734606000000,102409.34000000,102514.05000000,102176.38000000,102449.99000000,857.73867000,1734609599999,87778707.10330410,100004,400.02028000,40937393.65250870,0
1734609600000,102450.00000000,102559.21000000,101882.09000000,101988.00000000,1055.08532000,1734613199999,107822161.59434890,155152,460.87042000,47109508.92330810,0
1734613200000,101987.99000000,102216.07000000,101667.00000000,101952.44000000,1706.53325000,1734616799999,173998687.90966040,186728,947.03540000,96556751.38322450,0
1734616800000,101952.44000000,102800.11000000,100694.07000000,100942.41000000,3192.18817000,1734620399999,324814727.36697920,533649,1566.53090000,159492808.05433330,0
1734620400000,100942.41000000,101063.38000000,99500.00000000,100679.86000000,4543.00113000,1734623999999,455648781.70734890,525281,2161.67229000,216791535.70672150,0
1734624000000,100679.86000000,101200.00000000,99830.00000000,100716.30000000,2127.60244000,1734627599999,213965176.79720610,268836,1142.02555000,114879389.61266240,0
1734627600000,100716.30000000,100748.87000000,97500.00000000,98855.86000000,5111.98146000,1734631199999,506192359.13262570,530110,2143.20005000,212365820.34195020,0
1734631200000,98855.86000000,98952.73000000,96900.00000000,98932.73000000,5024.54216000,1734634799999,492493045.52104270,664141,2346.27067000,230083773.39276040,0
1734634800000,98932.72000000,99064.06000000,96251.32000000,97199.72000000,3592.37286000,1734638399999,349884903.06223190,449767,1571.46478000,153154359.90974890,0
1734638400000,97199.72000000,97312.00000000,95700.00000000,96409.54000000,4430.95326000,1734641999999,427383490.88724100,455856,2171.56729000,209570450.51720700,0
1734642000000,96409.55000000,98090.90000000,95828.98000000,97417.66000000,2612.13623000,1734645599999,254163389.74401290,217290,1448.58343000,140976548.55926590,0
1734645600000,97417.66000000,98500.00000000,97231.02000000,98391.21000000,1990.04732000,1734649199999,194527639.29441380,187399,1269.41596000,124087969.57562530,0
1734649200000,98391.21000000,98400.01000000,97455.30000000,97461.86000000,1475.86271000,1734652799999,144425917.99691480,162264,745.09377000,72922616.07761870,0
1734652800000,97461.86000000,97814.09000000,96648.78000000,97248.22000000,2526.33162000,1734656399999,245633384.55914740,332492,1222.06219000,118838152.09836760,0
1734656400000,97248.22000000,97542.68000000,96159.84000000,96319.99000000,2512.42589000,1734659999999,243184376.36347300,398315,1050.93392000,101770261.00627100,0
1734660000000,96319.99000000,97731.91000000,96000.00000000,97632.59000000,2632.07757000,1734663599999,255066138.61480200,357506,1277.04474000,123754973.79000910,0
1734663600000,97632.59000000,97784.81000000,96969.70000000,97106.02000000,1041.19363000,1734667199999,101376980.23545750,213950,496.34559000,48324345.51668910,0
1734667200000,97106.02000000,97838.98000000,96839.40000000,97304.07000000,1275.17255000,1734670799999,124303632.89546300,205372,571.84612000,55745748.81710560,0
1734670800000,97304.07000000,97491.95000000,96672.47000000,96734.32000000,1339.46566000,1734674399999,130044146.00424540,187092,476.37457000,46261625.07794600,0
1734674400000,96734.33000000,97303.99000000,96374.03000000,97281.37000000,1663.60632000,1734677999999,161055654.68085310,291547,818.01514000,79197428.47503780,0
1734678000000,97281.38000000,98233.00000000,97276.50000000,97832.53000000,2593.15424000,1734681599999,253913184.12365800,384851,1288.82515000,126188657.97554200,0
1734681600000,97832.52000000,97864.91000000,95300.00000000,95473.74000000,3437.65104000,1734685199999,330956824.87212040,582600,1322.17087000,127270300.10320980,0
1734685200000,95473.74000000,95738.79000000,94682.27000000,94811.85000000,4514.51169000,1734688799999,429764207.17447890,591397,2129.09609000,202717331.13484470,0
1734688800000,94811.85000000,95114.71000000,94000.00000000,94359.53000000,4759.81141000,1734692399999,450139144.35337800,435209,2016.70000000,190809425.66923010,0
1734692400000,94359.54000000,94749.92000000,92612.10000000,92723.98000000,6297.21711000,1734695999999,588574428.05100690,534601,2695.60845000,252109264.97561820,0
1734696000000,92723.99000000,94244.00000000,92232.54000000,93941.75000000,5424.78009000,1734699599999,505780443.23162060,445451,2709.78546000,252766016.92706840,0
1734699600000,93941.74000000,95803.57000000,93581.32000000,95204.00000000,4179.24629000,1734703199999,396479318.37816320,396676,2144.00560000,203434917.92222580,0
1734703200000,95204.00000000,96235.29000000,94745.87000000,95627.99000000,3245.11909000,1734706799999,309865138.05891940,363459,1678.00899000,160251491.53365600,0
1734706800000,95628.00000000,97572.00000000,95608.01000000,96991.62000000,3494.16219000,1734710399999,338139022.36197030,351836,1779.51301000,172218116.19520530,0
1734710400000,96991.63000000,97700.00000000,96300.00000000,96727.99000000,2894.10090000,1734713999999,281046931.82612360,301052,1249.20270000,121349307.98222050,0
1734714000000,96728.00000000,97375.45000000,96427.00000000,97206.59000000,1735.72497000,1734717599999,168297637.54338450,222160,890.66944000,86357909.81595780,0
1734717600000,97206.60000000,97308.39000000,96602.69000000,96993.58000000,1216.44814000,1734721199999,117915122.41926600,182535,551.94746000,53516513.12930090,0
1734721200000,96992.26000000,97748.00000000,96840.00000000,97116.00000000,1339.74895000,1734724799999,130447587.75576750,191888,687.48169000,66954767.22732630,0
1734724800000,97116.00000000,97232.00000000,96422.06000000,96451.88000000,1354.12601000,1734728399999,131172500.00576810,177826,647.32660000,62708526.15548340,0
1734728400000,96451.88000000,96647.36000000,95393.84000000,96623.29000000,1604.60540000,1734731999999,154197315.13632600,147619,753.20373000,72402151.13999740,0
1734732000000,96623.29000000,97513.00000000,96451.03000000,97463.93000000,978.34197000,1734735599999,94942550.17972960,74621,571.01519000,55420243.39061660,0
1734735600000,97463.93000000,97816.44000000,97389.38000000,97805.44000000,825.11297000,1734739199999,80549570.00720380,58952,436.04751000,42571830.60414850,0
1734739200000,97805.44000000,97813.59000000,97216.32000000,97525.77000000,941.26945000,1734742799999,91726894.07348420,107349,427.51877000,41653424.61675210,0
1734742800000,97525.77000000,97668.68000000,97198.76000000,97357.23000000,939.89900000,1734746399999,91589855.40547620,132882,480.73147000,46838460.92863170,0
1734746400000,97357.23000000,97610.54000000,97188.09000000,97396.00000000,507.91033000,1734749999999,49470355.65994180,124669,252.97002000,24640039.32090570,0
1734750000000,97396.00000000,97487.47000000,97244.00000000,97487.46000000,489.58985000,1734753599999,47656224.98500610,98621,201.12157000,19576498.37929760,0
1734753600000,97487.47000000,97643.00000000,97378.50000000,97588.00000000,424.52783000,1734757199999,41394987.76064270,74956,212.41990000,20713915.36698250,0
1734757200000,97588.00000000,98692.00000000,97541.06000000,98691.98000000,1167.51919000,1734760799999,114479436.55928740,141134,772.98433000,75804707.35416510,0
1734760800000,98691.98000000,98837.49000000,98318.60000000,98726.76000000,1768.19966000,1734764399999,174326679.13344440,185812,852.83068000,84086231.25590960,0
1734764400000,98726.76000000,99540.61000000,98500.00000000,99040.00000000,2107.70340000,1734767999999,208785107.03810650,179234,1124.48587000,111380731.53424190,0
1734768000000,99040.00000000,99187.95000000,98438.01000000,98650.00000000,1024.17691000,1734771599999,101134522.86683920,151068,432.89276000,42743866.95834730,0
1734771600000,98650.00000000,98686.77000000,98296.01000000,98565.82000000,668.62346000,1734775199999,65834199.70030490,135718,304.35685000,29966868.16399160,0
1734775200000,98565.82000000,98649.90000000,98043.12000000,98131.22000000,904.66058000,1734778799999,88989307.22005860,158238,359.13178000,35319346.48282590,0
1734778800000,98131.22000000,98424.77000000,97800.00000000,98262.08000000,836.65859000,1734782399999,82090743.25127460,167247,480.61381000,47161327.76941720,0
1734782400000,98262.08000000,98283.95000000,97105.26000000,97131.99000000,1762.27838000,1734785999999,172113814.82169560,257560,879.90270000,85936030.38910240,0
1734786000000,97132.00000000,97500.48000000,96398.39000000,97344.54000000,2544.04817000,1734789599999,246845043.84391450,381592,1157.31681000,112330844.91339110,0
1734789600000,97344.02000000,97755.35000000,97069.40000000,97083.11000000,968.11701000,1734793199999,94344618.62466180,234698,477.88567000,46574504.99895730,0
1734793200000,97083.11000000,97719.86000000,97070.28000000,97527.97000000,655.66124000,1734796799999,63895203.59648420,145271,342.68057000,33396081.31689510,0
1734796800000,97527.96000000,97718.80000000,96951.41000000,97292.00000000,1007.90405000,1734800399999,98122552.80353100,208237,482.20453000,46941331.68941010,0
1734800400000,97292.00000000,97695.80000000,97035.58000000,97595.28000000,805.82908000,1734803999999,78484109.14329760,134710,381.88704000,37196548.43570800,0
1734804000000,97595.29000000,97723.18000000,97287.87000000,97400.01000000,378.39640000,1734807599999,36889039.50248540,95968,164.81900000,16068915.65789950,0
1734807600000,97400.01000000,97436.69000000,96819.36000000,97269.03000000,741.60788000,1734811199999,71958961.99431790,153046,333.81715000,32386168.92279920,0
1734811200000,97269.03000000,98057.51000000,97224.83000000,97456.91000000,882.07806000,1734814799999,86162498.22930380,134934,469.94184000,45907528.37912560,0
1734814800000,97456.92000000,97577.99000000,96539.91000000,96892.00000000,703.06094000,1734818399999,68246926.44177060,118951,322.84168000,31337006.98969500,0
1734818400000,96892.00000000,97399.99000000,96624.00000000,97147.46000000,879.19206000,1734821999999,85315958.26463470,104265,623.05094000,60465797.96330960,0
1734822000000,97147.46000000,97313.26000000,96900.00000000,97291.99000000,374.62991000,1734825599999,36375014.27596250,91478,188.53545000,18306273.63405220,0
1734825600000,97292.00000000,97448.08000000,97052.00000000,97253.01000000,422.37636000,1734829199999,41067564.03974240,174251,204.45927000,19880461.16854930,0
1734829200000,97253.01000000,97432.69000000,96720.00000000,97060.01000000,447.72923000,1734832799999,43479775.60533240,168792,199.17250000,19339225.67115020,0
1734832800000,97060.00000000,97236.18000000,96613.18000000,96719.99000000,371.81103000,1734836399999,36012946.35661950,140657,165.39006000,16020669.47380450,0
1734836400000,96719.99000000,97320.00000000,96549.37000000,96994.37000000,606.61122000,1734839999999,58803556.25184380,161918,315.01670000,30543683.78015210,0
1734840000000,96994.37000000,97071.97000000,96072.00000000,96076.01000000,713.47180000,1734843599999,68837997.79821190,152952,280.84786000,27098962.30103710,0
1734843600000,96076.01000000,96409.64000000,95890.28000000,96156.19000000,1122.09453000,1734847199999,107891916.94262340,191687,478.01935000,45963479.72361290,0
1734847200000,96156.19000000,96749.99000000,96112.00000000,96739.99000000,591.16867000,1734850799999,57037595.60758060,105840,310.92321000,30000080.35517820,0
1734850800000,96740.00000000,96847.99000000,96080.00000000,96210.24000000,554.68137000,1734854399999,53462917.25437180,109138,219.62851000,21171783.89738050,0
1734854400000,96210.25000000,96689.55000000,96196.85000000,96534.50000000,503.87812000,1734857999999,48618856.42592080,127816,285.48215000,27541892.19830260,0
1734858000000,96534.51000000,97256.02000000,96333.50000000,96940.27000000,777.26357000,1734861599999,75323228.14878140,128718,373.39563000,36177261.59479070,0
1734861600000,96940.27000000,97351.57000000,96852.00000000,97009.03000000,522.54613000,1734865199999,50749811.83832210,98789,287.88746000,27960079.28579370,0
1734865200000,97009.03000000,97334.25000000,96988.00000000,97101.28000000,381.30098000,1734868799999,37055159.18763960,71120,200.80186000,19516424.04458530,0
1734868800000,97101.29000000,97300.00000000,96836.36000000,96987.61000000,442.59499000,1734872399999,42964148.63678060,105529,193.29127000,18763863.52987970,0
1734872400000,96987.61000000,97250.00000000,96850.00000000,96976.00000000,512.07060000,1734875999999,49691327.80994820,109050,252.15027000,24468137.78280740,0
1734876000000,96976.00000000,97044.02000000,95254.77000000,95363.44000000,2055.07585000,1734879599999,197161261.83993900,345054,914.15075000,87714484.76039100,0
1734879600000,95363.44000000,95660.80000000,95109.13000000,95377.72000000,1435.16530000,1734883199999,136907312.72473150,269983,760.85475000,72584137.75409070,0
1734883200000,95377.71000000,95888.09000000,95200.00000000,95715.09000000,972.83507000,1734886799999,92987226.17718460,161616,518.89197000,49600458.41391370,0
1734886800000,95715.09000000,95854.54000000,95457.62000000,95612.19000000,554.90428000,1734890399999,53096932.81444510,102968,277.79540000,26582398.50573620,0
1734890400000,95612.18000000,96444.45000000,95371.96000000,95955.22000000,987.27141000,1734893999999,94764923.63923240,150449,500.52127000,48040749.34394600,0
1734894000000,95955.23000000,96152.00000000,94700.00000000,94836.55000000,1395.29769000,1734897599999,133030381.86375930,187445,586.96659000,55964891.88112220,0
1734897600000,94836.55000000,95624.00000000,94424.00000000,95592.49000000,1089.42566000,1734901199999,103400237.41635280,154987,596.51105000,56631281.85683580,0
1734901200000,95592.49000000,95740.00000000,95069.03000000,95203.11000000,734.29415000,1734904799999,70114650.33574130,112281,338.22918000,32295069.76368730,0
1734904800000,95203.10000000,95640.00000000,94250.35000000,95547.41000000,1382.41430000,1734908399999,131234482.18152290,151241,709.35475000,67353867.40820400,0
1734908400000,95547.42000000,95824.00000000,95024.00000000,95186.27000000,777.54805000,1734911999999,74125655.46377240,151270,323.65568000,30868533.26781970,0
1734912000000,95186.28000000,95410.77000000,94333.33000000,94390.84000000,1150.62099000,1734915599999,109025603.07096100,211845,563.71345000,53405445.67043840,0
1734915600000,94390.83000000,95130.01000000,93771.37000000,94449.99000000,1808.05684000,1734919199999,170667780.70743020,303323,809.07430000,76402744.56301110,0
1734919200000,94450.00000000,94786.45000000,93700.42000000,94723.96000000,1620.88771000,1734922799999,152691842.51544460,320499,877.59117000,82685370.98555750,0
1734922800000,94723.96000000,96043.99000000,94610.76000000,96025.15000000,1448.87686000,1734926399999,138319835.30175180,267997,812.60931000,77572680.30207030,0
1734926400000,96025.15000000,96509.98000000,95644.00000000,95832.03000000,912.17420000,1734929999999,87667838.39875380,184404,465.72241000,44766481.80120630,0
1734930000000,95832.02000000,95961.53000000,95352.21000000,95608.02000000,1320.33706000,1734933599999,126258704.73804720,141318,1022.57116000,97778596.43543140,0
1734933600000,95608.01000000,95650.76000000,94705.07000000,94824.83000000,941.38747000,1734937199999,89559484.06030450,200335,462.88192000,44034170.87298460,0
1734937200000,94824.83000000,95579.62000000,94824.83000000,95404.01000000,745.23607000,1734940799999,70952862.18800670,181807,377.78506000,35966646.04804190,0
1734940800000,95404.01000000,95554.88000000,95036.77000000,95503.87000000,612.57094000,1734944399999,58398613.43476080,152540,287.07903000,27368249.99391080,0
1734944400000,95503.87000000,96167.98000000,95493.22000000,96013.72000000,893.03527000,1734947999999,85694735.63236900,207701,485.77914000,46611882.36873790,0
1734948000000,96013.72000000,96445.17000000,95962.26000000,96392.39000000,943.52748000,1734951599999,90715678.80353640,161135,503.78160000,48438219.61593720,0
1734951600000,96392.40000000,96538.92000000,95819.79000000,95932.42000000,571.71903000,1734955199999,54961063.14360080,145522,289.71958000,27858639.72544760,0
1734955200000,95932.41000000,96423.00000000,95864.80000000,96305.00000000,862.92265000,1734958799999,83003193.54899700,117401,423.99501000,40784308.84425560,0
1734958800000,96305.00000000,96350.00000000,94832.93000000,94924.34000000,1162.53760000,1734962399999,110919341.11522070,265046,487.91073000,46561053.38644750,0
1734962400000,94924.35000000,95621.54000000,93700.01000000,94389.67000000,3351.51629000,1734965999999,316595523.43849390,352333,1287.06725000,121717798.46516430,0
1734966000000,94389.67000000,94430.89000000,93107.52000000,93250.37000000,2940.01344000,1734969599999,275277810.74222300,376280,1350.42492000,126403627.39811990,0
1734969600000,93250.38000000,94260.00000000,92928.82000000,93980.61000000,2356.01885000,1734973199999,220170862.75532410,320931,1134.50598000,106069721.66913400,0
1734973200000,93980.61000000,94135.47000000,93206.79000000,93364.26000000,1328.46895000,1734976799999,124294065.67495810,277864,640.32003000,59907765.79682650,0
1734976800000,93364.26000000,93747.66000000,92690.00000000,92758.55000000,1297.92664000,1734980399999,120959311.13934290,233023,617.70674000,57590219.21457110,0
1734980400000,92758.54000000,93710.03000000,92702.00000000,93044.79000000,1253.88219000,1734983999999,116902804.29499700,217248,641.58459000,59815560.41360920,0
1734984000000,93044.79000000,93530.01000000,92520.00000000,93186.34000000,1794.60092000,1734987599999,166765291.43743180,255738,931.01589000,86537199.47760260,0
1734987600000,93186.34000000,94305.61000000,93181.83000000,93964.01000000,1407.12075000,1734991199999,132194301.58480310,243203,715.63042000,67215626.42516920,0
1734991200000,93964.01000000,95191.81000000,93911.50000000,95191.81000000,1019.60575000,1734994799999,96453372.91360250,152484,579.62294000,54837764.81159380,0
1734994800000,95191.80000000,95509.09000000,94683.81000000,94881.47000000,1067.72308000,1734998399999,101557292.85420230,174942,571.49092000,54377515.45910040,0
1734998400000,94881.47000000,94881.47000000,94131.11000000,94550.22000000,955.84079000,1735001999999,90279023.30199740,187102,449.36960000,42440273.66662150,0
1735002000000,94550.23000000,94672.00000000,94036.00000000,94123.43000000,567.58156000,1735005599999,53549352.90289310,157351,268.15219000,25303460.46909590,0
1735005600000,94123.43000000,94320.00000000,93569.02000000,93961.45000000,879.60295000,1735009199999,82634008.49213060,175959,411.50143000,38659933.40315880,0
1735009200000,93961.45000000,94400.00000000,93810.02000000,94348.75000000,732.79870000,1735012799999,68971271.43532480,134449,394.80723000,37150796.05334820,0
1735012800000,94348.75000000,94416.00000000,94052.70000000,94412.30000000,546.31234000,1735016399999,51500435.00554120,114445,249.62534000,23532341.51424280,0
1735016400000,94412.30000000,94653.45000000,94311.55000000,94606.06000000,412.67676000,1735019999999,39005395.02123790,86061,201.48945000,19045057.67983090,0
1735020000000,94606.06000000,94606.07000000,93830.47000000,93918.99000000,591.57780000,1735023599999,55776992.20000910,109895,270.87594000,25540241.65294540,0
1735023600000,93918.99000000,94313.61000000,93810.45000000,94233.19000000,448.92608000,1735027199999,42232483.59664670,96149,252.38883000,23741805.24090780,0
1735027200000,94233.20000000,94635.70000000,94125.42000000,94495.77000000,633.45604000,1735030799999,59825157.26601850,115575,349.31440000,32991992.82243610,0
1735030800000,94495.77000000,94530.42000000,93952.00000000,94068.01000000,446.78916000,1735034399999,42079927.44860340,117595,177.70335000,16734607.30111120,0
1735034400000,94068.01000000,94194.07000000,93840.00000000,93972.01000000,389.62902000,1735037999999,36617296.61187850,71022,161.59243000,15186165.77034170,0
1735038000000,93972.01000000,94425.70000000,93934.69000000,94398.60000000,466.22641000,1735041599999,43919610.13769400,62277,203.95380000,19216362.08863010,0
1735041600000,94398.60000000,94410.39000000,94075.10000000,94304.32000000,421.20785000,1735045199999,39689372.01390140,60053,137.10928000,12919332.37404290,0
1735045200000,94305.84000000,96094.00000000,94289.24000000,96085.02000000,1620.10206000,1735048799999,154227052.78885760,166024,1014.55868000,96560394.22844110,0
1735048800000,96085.02000000,97498.64000000,95864.50000000,97465.06000000,2637.73752000,1735052399999,255206313.36666450,306333,1426.06387000,138000996.55919330,0
1735052400000,97465.06000000,98300.00000000,97235.55000000,98300.00000000,2291.31734000,1735055999999,223822085.94807690,244719,1219.32260000,119117069.12522780,0
1735056000000,98299.99000000,98666.00000000,97964.00000000,98496.23000000,2172.24903000,1735059599999,213503911.06577200,205474,995.37403000,97861204.71558950,0
1735059600000,98496.23000000,99030.72000000,98325.78000000,98797.47000000,1789.42098000,1735063199999,176681814.07997360,217436,970.93145000,95893788.89293780,0
1735063200000,98797.47000000,99487.99000000,98418.16000000,98618.66000000,1479.28279000,1735066799999,146327644.34171370,190220,755.84549000,74788023.70468430,0
1735066800000,98618.66000000,98743.52000000,97546.57000000,97581.09000000,1005.96025000,1735070399999,98730771.25643270,122517,413.80525000,40607512.95144400,0
1735070400000,97581.10000000,98056.27000000,97250.00000000,97298.01000000,1248.65596000,1735073999999,121938120.89904960,193356,620.55558000,60615202.76095150,0
1735074000000,97298.02000000,98462.28000000,97277.90000000,98397.96000000,791.97528000,1735077599999,77649243.41858430,115254,465.97098000,45698670.20998950,0
1735077600000,98397.95000000,99068.90000000,98355.43000000,98777.11000000,751.43045000,1735081199999,74180186.08090280,107086,372.31497000,36756651.48934650,0
1735081200000,98777.10000000,99019.10000000,98492.67000000,98663.58000000,393.46776000,1735084799999,38866956.02657160,65197,186.62773000,18436289.90780740,0
1735084800000,98663.58000000,98878.44000000,98393.60000000,98418.42000000,715.42470000,1735088399999,70528141.98277240,124496,268.82166000,26506155.14855360,0
1735088400000,98418.42000000,98597.60000000,97901.08000000,97983.18000000,598.00500000,1735091999999,58737419.44058360,122130,234.98764000,23084194.40504080,0
1735092000000,97983.17000000,98353.99000000,97725.27000000,98131.07000000,593.82651000,1735095599999,58221768.45929350,119052,279.35558000,27388789.52715750,0
1735095600000,98131.07000000,98280.02000000,97930.53000000,98029.48000000,439.76979000,1735099199999,43154994.32897820,110127,247.02976000,24241681.60526230,0
1735099200000,98029.49000000,98354.39000000,97875.91000000,98236.01000000,336.98364000,1735102799999,33077697.15269180,76794,181.35850000,17801235.91101570,0
1735102800000,98236.01000000,98360.65000000,98159.09000000,98279.28000000,255.48309000,1735106399999,25103919.52006960,59756,108.71073000,10681801.25285480,0
1735106400000,98279.28000000,98581.90000000,97844.18000000,97884.38000000,454.70940000,1735109999999,44639911.26531280,108466,192.94399000,18949062.65647040,0
1735110000000,97884.39000000,98366.79000000,97873.49000000,98084.33000000,407.46219000,1735113599999,39970611.15718660,90484,189.36632000,18572211.96239630,0
1735113600000,98084.33000000,98271.76000000,97926.99000000,98069.71000000,389.90170000,1735117199999,38251627.32223930,67274,197.04788000,19331497.23125520,0
1735117200000,98069.72000000,98265.07000000,98007.69000000,98189.54000000,332.61032000,1735120799999,32631351.33765760,68784,174.38715000,17108151.51112630,0
1735120800000,98189.55000000,99349.31000000,98145.75000000,98457.00000000,1287.95699000,1735124399999,127260143.54616700,278487,725.80203000,71712366.07558280,0
1735124400000,98456.99000000,98866.77000000,97773.83000000,97907.61000000,1015.89784000,1735127999999,99900719.60179460,193858,342.62162000,33710902.59101620,0
1735128000000,97907.61000000,98610.11000000,97632.02000000,98176.03000000,1309.05980000,1735131599999,128463741.87032650,318236,692.81652000,67987357.12521510,0
1735131600000,98176.02000000,98609.89000000,98131.85000000,98462.56000000,455.54429000,1735135199999,44832339.37621000,165721,214.65696000,21121842.40750850,0
1735135200000,98462.57000000,98832.89000000,98257.32000000,98710.00000000,550.83181000,1735138799999,54332314.65556810,186096,266.80225000,26318705.08115350,0
1735138800000,98710.00000000,98724.00000000,98202.43000000,98519.98000000,527.91917000,1735142399999,51998813.78616750,178672,239.01443000,23539280.43659200,0
1735142400000,98519.99000000,98696.40000000,98134.40000000,98425.51000000,508.99836000,1735145999999,50067623.81870290,170154,272.89539000,26842371.46604550,0
1735146000000,98425.50000000,98659.00000000,98185.21000000,98570.82000000,344.11537000,1735149599999,33876016.37052960,101756,164.19650000,16165999.56507070,0
1735149600000,98570.82000000,98978.18000000,98544.22000000,98756.26000000,567.60019000,1735153199999,56089155.35017490,98700,251.28140000,24827721.92897660,0
1735153200000,98756.26000000,99299.99000000,98734.66000000,99018.52000000,674.13162000,1735156799999,66798675.84412410,117167,397.31196000,39368385.82224530,0
1735156800000,99018.52000000,99400.00000000,98870.95000000,99144.62000000,542.46107000,1735160399999,53783976.57403320,109792,309.10642000,30647458.84470380,0
1735160400000,99144.62000000,99555.00000000,98384.61000000,98506.36000000,873.33545000,1735163999999,86360937.66353740,173522,483.78871000,47868319.62352020,0
1735164000000,98506.37000000,99100.00000000,98434.78000000,98811.16000000,466.68630000,1735167599999,46087562.01540160,101269,225.46007000,22262395.13313790,0
1735167600000,98811.16000000,99569.15000000,98811.16000000,99429.60000000,825.45050000,1735171199999,81974513.60984080,142235,346.76303000,34427169.27528490,0
1735171200000,99429.61000000,99963.70000000,98955.77000000,99028.66000000,1112.66226000,1735174799999,110703637.03175420,298864,619.53111000,61664169.57213320,0
1735174800000,99028.66000000,99250.00000000,98590.00000000,99057.01000000,842.68396000,1735178399999,83324342.42686490,224428,429.57709000,42475592.27956710,0
1735178400000,99057.02000000,99194.21000000,98468.26000000,98750.34000000,755.75962000,1735181999999,74720672.90711630,196830,348.42749000,34448332.52321620,0
1735182000000,98750.34000000,99167.12000000,98576.77000000,98995.17000000,627.92857000,1735185599999,62067714.06848490,178255,330.89790000,32712746.96089560,0
1735185600000,98995.18000000,98995.18000000,98255.00000000,98300.00000000,629.92754000,1735189199999,62070856.60699940,157256,254.82696000,25107971.85331660,0
1735189200000,98300.00000000,98460.00000000,98076.58000000,98375.01000000,634.59553000,1735192799999,62360397.99473100,103936,300.03696000,29486371.93670280,0
1735192800000,98375.01000000,98484.00000000,98023.10000000,98121.20000000,471.41543000,1735196399999,46291749.77086950,98828,207.50844000,20375923.64814610,0
1735196400000,98121.21000000,98292.00000000,97711.17000000,97719.99000000,802.99524000,1735199999999,78674712.31655650,143084,304.37773000,29825979.29924590,0
1735200000000,97719.99000000,97772.13000000,95616.18000000,95878.56000000,3318.24181000,1735203599999,320318912.65702790,519832,1417.71588000,136782600.13589840,0
1735203600000,95878.56000000,95978.52000000,95420.26000000,95439.25000000,1084.30994000,1735207199999,103730630.49187420,263016,456.59832000,43687656.91970250,0
1735207200000,95439.40000000,95777.40000000,95199.14000000,95500.02000000,836.54692000,1735210799999,79859215.80954180,195275,406.32379000,38789481.17691830,0
1735210800000,95500.02000000,96035.50000000,95469.53000000,95695.81000000,817.15898000,1735214399999,78275311.03008210,152060,477.12828000,45703572.62413430,0
1735214400000,95695.81000000,95880.60000000,95462.57000000,95680.71000000,526.11877000,1735217999999,50313970.54524340,178049,235.75556000,22547443.91399500,0
1735218000000,95680.71000000,95772.90000000,95288.00000000,95704.44000000,919.98638000,1735221599999,87851200.41776690,207372,368.73108000,35219530.84786930,0
1735221600000,95704.45000000,96280.25000000,95234.93000000,95449.36000000,1656.27872000,1735225199999,158550709.21375410,410766,914.42819000,87545827.88936980,0
1735225200000,95449.36000000,96216.91000000,95270.00000000,96042.88000000,1165.18448000,1735228799999,111652445.24280690,443285,578.83274000,55477830.53330700,0
1735228800000,96042.89000000,96621.95000000,95816.86000000,96519.47000000,1018.76508000,1735232399999,98014248.20852260,316437,535.98576000,51562063.62356830,0
1735232400000,96519.47000000,96547.99000000,95680.00000000,95824.27000000,772.56303000,1735235999999,74237924.17706980,261365,359.54574000,34552807.37353180,0
1735236000000,95824.27000000,95986.40000000,95458.66000000,95743.44000000,530.95010000,1735239599999,50827269.37618290,164373,255.45947000,24456394.43769540,0
1735239600000,95743.44000000,96198.58000000,95444.44000000,96102.25000000,569.90971000,1735243199999,54536830.30066650,159368,285.11464000,27289726.55160450,0
1735243200000,96102.24000000,96114.46000000,95400.00000000,95589.60000000,630.68028000,1735246799999,60314209.26838020,189933,296.26242000,28330261.97296330,0
1735246800000,95589.60000000,95933.74000000,95302.00000000,95812.63000000,597.64881000,1735250399999,57149987.77457970,143387,309.99802000,29642458.82346540,0
1735250400000,95812.63000000,95963.86000000,95625.00000000,95821.92000000,326.30061000,1735253999999,31260085.19522550,66805,140.51483000,13461817.30902040,0
1735254000000,95821.92000000,95887.99000000,95372.32000000,95791.60000000,543.75550000,1735257599999,52016534.55467120,130686,238.29409000,22794053.92297710,0
1735257600000,95791.60000000,95930.39000000,95401.03000000,95794.56000000,627.70553000,1735261199999,60067349.18628240,138149,288.70366000,27627157.99932500,0
1735261200000,95794.55000000,96250.00000000,95575.07000000,95917.03000000,726.33893000,1735264799999,69683412.44331460,156345,374.27431000,35903607.80711950,0
1735264800000,95917.02000000,96443.68000000,95718.75000000,96073.77000000,973.05088000,1735268399999,93593669.02679880,191616,481.93972000,46350200.60698250,0
1735268400000,96073.77000000,96443.00000000,95982.51000000,96417.84000000,608.14876000,1735271999999,58547021.97651110,159863,237.04811000,22822246.56059270,0
1735272000000,96417.84000000,96595.98000000,96229.39000000,96300.00000000,892.67108000,1735275599999,86100729.21662060,166444,530.09553000,51131757.92493870,0
1735275600000,96300.01000000,96333.77000000,96001.00000000,96238.89000000,623.74969000,1735279199999,59965841.12804130,136403,292.84731000,28153858.76622980,0
1735279200000,96238.89000000,96594.44000000,96107.28000000,96594.16000000,389.55148000,1735282799999,37542079.16719850,122019,193.79981000,18677818.62854820,0
1735282800000,96594.17000000,96604.24000000,94646.03000000,95104.76000000,2694.55677000,1735286399999,256635564.80001290,377862,1228.48226000,116955794.49978360,0
1735286400000,95104.76000000,96395.00000000,95104.76000000,95724.02000000,1419.07808000,1735289999999,136043907.66489540,330740,715.36305000,68560335.13928240,0
1735290000000,95724.01000000,97544.58000000,95674.00000000,96774.13000000,2345.43490000,1735293599999,227536581.24660480,458878,1346.02702000,130562953.38367300,0
1735293600000,96774.14000000,97029.25000000,96195.20000000,96605.46000000,732.07575000,1735297199999,70704606.81427970,240361,397.36123000,38383045.27855170,0
1735297200000,96605.46000000,96953.71000000,96377.77000000,96952.38000000,466.91984000,1735300799999,45120077.43762130,165588,271.63546000,26252038.42172680,0
1735300800000,96952.38000000,97035.80000000,96617.64000000,96686.75000000,616.98763000,1735304399999,59732754.17901490,178842,311.63157000,30166502.46415050,0
1735304400000,96686.74000000,96686.74000000,96229.66000000,96407.99000000,791.88930000,1735307999999,76350767.98227500,243289,314.02745000,30282471.73412750,0
1735308000000,96407.99000000,96480.00000000,95161.17000000,95691.99000000,1516.74425000,1735311599999,145263837.12108690,410837,707.26432000,67720589.31663840,0
1735311600000,95692.00000000,95718.13000000,94011.11000000,94573.75000000,3500.11218000,1735315199999,331156476.91461930,637256,1520.31686000,143802062.12544470,0
1735315200000,94573.75000000,94996.16000000,94101.02000000,94165.92000000,1635.42881000,1735318799999,154438004.84153170,406654,846.21460000,79909276.39871430,0
1735318800000,94165.92000000,94354.82000000,93500.01000000,94291.30000000,2312.03777000,1735322399999,217230718.00945580,342430,1139.33188000,107078509.55502390,0
1735322400000,94291.30000000,94770.15000000,94212.30000000,94566.06000000,756.45526000,1735325999999,71506061.96888450,190075,419.86632000,39688653.00159390,0
1735326000000,94566.05000000,94810.07000000,94252.00000000,94750.00000000,575.05533000,1735329599999,54341161.37720830,163745,303.17413000,28652946.51278960,0
1735329600000,94750.11000000,94778.43000000,94313.82000000,94588.12000000,742.35545000,1735333199999,70165709.30438800,161124,409.59789000,38711921.22206090,0
1735333200000,94588.12000000,94823.09000000,94379.35000000,94526.07000000,397.53728000,1735336799999,37612185.99334420,119122,157.14783000,14868614.21167080,0
1735336800000,94526.07000000,94674.50000000,94200.00000000,94437.75000000,459.69514000,1735340399999,43422556.32504460,98780,188.36230000,17791969.79033760,0
1735340400000,94437.75000000,94526.09000000,94100.60000000,94299.03000000,697.68420000,1735343999999,65806775.65442680,122444,271.00395000,25569407.70851250,0
1735344000000,94299.03000000,94544.35000000,94243.32000000,94398.75000000,435.25082000,1735347599999,41083196.33649160,155242,204.23228000,19277039.95381070,0
1735347600000,94398.75000000,94615.24000000,94135.66000000,94556.93000000,377.17171000,1735351199999,35588219.55338410,150451,169.52263000,15994393.00345240,0
1735351200000,94556.92000000,94619.00000000,94276.01000000,94338.00000000,288.78768000,1735354799999,27289454.89655180,87638,123.15718000,11639543.42299970,0
1735354800000,94338.00000000,94720.00000000,94335.88000000,94594.91000000,240.31584000,1735358399999,22730123.24135120,75817,133.64638000,12640895.22705530,0
1735358400000,94594.91000000,94643.87000000,94511.71000000,94524.00000000,185.04174000,1735361999999,17500867.06229990,54946,72.79028000,6884526.22095350,0
1735362000000,94524.00000000,94800.00000000,94523.99000000,94625.64000000,245.81860000,1735365599999,23274414.99001970,72754,132.09669000,12506925.94384740,0
1735365600000,94625.64000000,94724.88000000,94405.28000000,94466.49000000,304.41114000,1735369199999,28776873.48110480,95786,158.51061000,14984389.76008020,0
1735369200000,94466.49000000,94634.25000000,94307.00000000,94381.99000000,235.91255000,1735372799999,22286925.80868940,78972,128.71972000,12159468.16168660,0
1735372800000,94381.98000000,94539.43000000,94312.67000000,94488.01000000,189.15654000,1735376399999,17863434.30553290,67297,106.47972000,10055355.58769760,0
1735376400000,94488.01000000,94692.30000000,94488.01000000,94589.27000000,281.34727000,1735379999999,26619533.62614970,62343,143.66810000,13592022.45511950,0
1735380000000,94589.28000000,94716.06000000,94502.21000000,94619.99000000,276.54014000,1735383599999,26170047.65028610,82217,123.40107000,11678160.09753620,0
1735383600000,94620.00000000,94883.00000000,94600.00000000,94754.83000000,316.63364000,1735387199999,29986805.80557620,87534,149.65101000,14173415.14080570,0
1735387200000,94754.83000000,94880.00000000,94577.66000000,94599.57000000,294.25135000,1735390799999,27868357.68374180,99642,137.74859000,13047247.55182460,0
1735390800000,94599.56000000,94761.33000000,94496.73000000,94665.94000000,394.23476000,1735394399999,37313307.71464430,114847,202.34354000,19152651.87203930,0
1735394400000,94665.29000000,95340.36000000,94411.76000000,94583.99000000,905.83186000,1735397999999,85951563.96201840,275373,487.08205000,46233326.79874560,0
1735398000000,94583.99000000,94819.57000000,94375.80000000,94447.29000000,418.82501000,1735401599999,39622861.13673860,158949,209.22889000,19796019.22764060,0
1735401600000,94447.28000000,94923.06000000,94389.45000000,94874.89000000,556.98186000,1735405199999,52688995.86488300,154651,238.56145000,22575515.96494000,0
1735405200000,94874.89000000,95245.24000000,94810.51000000,95022.57000000,570.88991000,1735408799999,54270172.01881260,211460,278.21934000,26450511.68714970,0
1735408800000,95022.58000000,95100.00000000,94715.16000000,94837.31000000,305.64776000,1735412399999,29016681.82509680,106075,156.49634000,14858754.70752280,0
1735412400000,94837.31000000,95138.05000000,94837.30000000,95027.76000000,265.45992000,1735415999999,25221704.16483930,95770,152.39715000,14478879.70131550,0
1735416000000,95027.75000000,95151.13000000,94878.26000000,95083.05000000,193.31417000,1735419599999,18359960.40162440,90750,104.56557000,9930792.26409620,0
1735419600000,95083.05000000,95223.72000000,94968.86000000,95171.67000000,208.89259000,1735423199999,19857812.98757420,70843,104.51625000,9935739.69911340,0
1735423200000,95171.67000000,95733.99000000,95047.11000000,95326.40000000,556.46419000,1735426799999,53037506.56682070,135253,322.29991000,30720369.79674070,0
1735426800000,95326.40000000,95408.90000000,95112.43000000,95300.00000000,338.71185000,1735430399999,32272803.75072400,147451,164.26401000,15650397.88199380,0
1735430400000,95300.00000000,95340.00000000,95042.60000000,95148.49000000,283.78071000,1735433999999,27008777.99387510,113146,137.05598000,13043134.86068880,0
1735434000000,95148.49000000,95210.22000000,94808.00000000,94857.65000000,316.37330000,1735437599999,30047223.36319920,89106,112.13886000,10650363.53717580,0
1735437600000,94857.66000000,95211.88000000,94851.25000000,95154.50000000,237.18289000,1735441199999,22550830.81015490,67124,114.24323000,10861653.84135020,0
1735441200000,95154.50000000,95221.69000000,94978.33000000,95172.40000000,215.77474000,1735444799999,20520179.77867930,55923,94.77394000,9013171.67914540,0
1735444800000,95172.41000000,95283.99000000,95063.40000000,95126.39000000,211.83200000,1735448399999,20154519.37592100,38912,56.96338000,5419975.03732570,0
1735448400000,95126.39000000,95199.97000000,95071.21000000,95118.89000000,135.90901000,1735451999999,12928520.07233560,30402,53.52094000,5091123.54638410,0
1735452000000,95118.89000000,95212.00000000,94971.44000000,95181.70000000,270.97676000,1735455599999,25772804.32336530,48500,99.92051000,9503883.67396950,0
1735455600000,95181.70000000,95272.05000000,95076.68000000,95272.04000000,257.21309000,1735459199999,24481189.70267950,49759,122.07508000,11619149.83134120,0
1735459200000,95272.05000000,95315.50000000,95078.50000000,95123.33000000,184.58621000,1735462799999,17564766.56463790,50386,89.47996000,8514501.58076910,0
1735462800000,95123.33000000,95211.41000000,95048.30000000,95190.49000000,175.08412000,1735466399999,16657786.97850820,34073,92.21595000,8774287.88413250,0
1735466400000,95190.50000000,95278.85000000,95102.76000000,95167.83000000,284.07406000,1735469999999,27037511.09103470,41142,135.66413000,12913415.23419620,0
1735470000000,95167.83000000,95183.61000000,95010.00000000,95032.57000000,144.75849000,1735473599999,13769747.34322300,31911,60.95749000,5798612.80760090,0
1735473600000,95032.58000000,95130.24000000,94900.82000000,94907.89000000,264.05508000,1735477199999,25083226.73651680,73810,104.77359000,9953332.59713890,0
1735477200000,94907.88000000,95015.18000000,94800.00000000,94928.20000000,484.06443000,1735480799999,45937092.79289140,89532,177.81422000,16877881.95175100,0
1735480800000,94928.20000000,95231.58000000,94010.00000000,94623.67000000,1574.50585000,1735484399999,148836681.64690370,314999,736.30886000,69575852.14481550,0
1735484400000,94623.68000000,94794.79000000,94404.90000000,94511.12000000,558.58884000,1735487999999,52847648.94953730,146023,252.62486000,23903003.22635830,0
1735488000000,94511.11000000,94578.89000000,93600.00000000,93900.01000000,1573.86589000,1735491599999,147995662.12151540,250025,439.19490000,41261552.11492010,0
1735491600000,93900.01000000,94117.50000000,93800.37000000,93945.01000000,611.15623000,1735495199999,57428591.81109850,148004,306.50756000,28803495.14004580,0
1735495200000,93945.00000000,93945.01000000,93600.00000000,93652.00000000,863.75577000,1735498799999,80985920.09485780,149829,389.64554000,36536017.34399650,0
1735498800000,93652.00000000,93880.00000000,93367.52000000,93612.89000000,991.70232000,1735502399999,92808649.57004050,163656,318.40407000,29804237.28912000,0
1735502400000,93612.89000000,93880.00000000,93345.00000000,93858.55000000,721.84653000,1735505999999,67562883.00288290,177939,361.51077000,33845120.62655480,0
1735506000000,93858.55000000,93949.52000000,93121.00000000,93352.65000000,1034.06452000,1735509599999,96740689.55766560,192575,406.19468000,38020194.66269670,0
1735509600000,93352.65000000,93770.41000000,93087.97000000,93135.32000000,1143.65741000,1735513199999,106783604.73943120,201115,488.30649000,45598144.25655680,0
1735513200000,93135.32000000,93871.02000000,93009.52000000,93738.20000000,1037.19753000,1735516799999,96866355.55589230,307947,501.09090000,46813309.23470750,0
1735516800000,93738.19000000,93908.24000000,93500.00000000,93583.96000000,575.76998000,1735520399999,53920649.76058650,233984,282.22693000,26432897.19947170,0
1735520400000,93583.96000000,94274.29000000,93368.93000000,93948.42000000,1152.47209000,1735523999999,108051429.64758290,304680,593.42738000,55647892.02353050,0
1735524000000,93948.41000000,93973.61000000,93413.72000000,93906.41000000,767.45195000,1735527599999,71873905.74433900,211542,383.20947000,35889320.70696580,0
1735527600000,93906.41000000,94080.00000000,93639.87000000,93722.71000000,402.93622000,1735531199999,37826054.94151780,131417,178.44192000,16753515.78956780,0
1735531200000,93722.72000000,93979.45000000,93264.14000000,93280.26000000,563.78609000,1735534799999,52773038.66903460,158805,254.79091000,23866423.42159090,0
1735534800000,93280.27000000,93581.53000000,93240.03000000,93581.53000000,472.45526000,1735538399999,44114858.57071010,151424,243.75906000,22760595.90362200,0
1735538400000,93581.53000000,94060.35000000,93517.38000000,93901.29000000,632.83617000,1735541999999,59382862.10940380,165380,387.17927000,36333661.08475230,0
1735542000000,93901.29000000,93947.99000000,93319.99000000,93731.65000000,770.90489000,1735545599999,72152164.54996100,153708,339.50445000,31791581.17742860,0
1735545600000,93731.66000000,93967.21000000,93723.29000000,93851.11000000,373.21320000,1735549199999,35022463.63630410,130233,199.06828000,18680600.80177060,0
1735549200000,93851.10000000,94023.84000000,93686.68000000,93892.35000000,459.50171000,1735552799999,43132232.47052590,144230,208.80233000,19600027.82298780,0
1735552800000,93892.35000000,94068.56000000,93730.95000000,93793.27000000,304.04427000,1735556399999,28544126.59896010,82150,134.27663000,12606415.11131750,0
1735556400000,93793.27000000,93953.09000000,93469.56000000,93923.14000000,547.14351000,1735559999999,51280922.25296280,119059,255.04247000,23905341.22858600,0
1735560000000,93923.14000000,94277.23000000,93722.06000000,93750.69000000,646.55159000,1735563599999,60746808.65791430,157606,303.48596000,28518981.24002370,0
1735563600000,93750.68000000,93820.90000000,92613.00000000,92680.52000000,2283.46335000,1735567199999,212660927.60443880,337948,863.20903000,80376298.23561280,0
1735567200000,92680.52000000,93120.00000000,91820.46000000,91883.99000000,3137.00815000,1735570799999,289957460.54552520,527742,1156.54821000,106975578.27764430,0
1735570800000,91884.00000000,92473.32000000,91530.45000000,92130.21000000,3228.93941000,1735574399999,296676266.54334730,420663,1673.29796000,153743905.73228390,0
1735574400000,92130.21000000,92227.17000000,91800.00000000,92120.60000000,1185.04222000,1735577999999,109040804.83881630,233106,492.40956000,45308432.58787180,0
1735578000000,92120.60000000,94200.00000000,91980.53000000,93832.83000000,2087.38638000,1735581599999,194654226.18642430,344573,1173.99700000,109475799.07283700,0
1735581600000,93832.82000000,94684.09000000,93570.00000000,94583.99000000,1962.74282000,1735585199999,185200942.23188490,351899,1086.22623000,102491275.35246160,0
1735585200000,94583.98000000,94622.75000000,93939.29000000,94417.04000000,895.80875000,1735588799999,84471541.18382310,239964,422.00481000,39795548.87352950,0
1735588800000,94417.04000000,95024.50000000,94296.75000000,94338.80000000,1146.04057000,1735592399999,108456476.89389350,246732,578.14243000,54726004.47446630,0
1735592400000,94338.80000000,94376.30000000,91901.57000000,92076.00000000,2274.79849000,1735595999999,211271520.04899820,354189,993.18308000,92146489.86257380,0
1735596000000,92076.00000000,93027.69000000,91948.00000000,92784.75000000,1170.61959000,1735599599999,108315452.24242370,236729,584.55950000,54083881.84388100,0
1735599600000,92784.76000000,92893.40000000,92389.28000000,92792.05000000,578.50584000,1735603199999,53598923.84009980,122800,305.40359000,28298810.42755010,0
1735603200000,92792.05000000,92907.03000000,92375.15000000,92450.00000000,584.04771000,1735606799999,54103943.14372200,133434,264.48323000,24502834.76474030,0
1735606800000,92450.00000000,92575.76000000,92033.73000000,92435.57000000,1243.12207000,1735610399999,114774414.84152030,151952,507.94721000,46926680.34085250,0
1735610400000,92435.73000000,92702.43000000,92303.21000000,92476.35000000,413.58133000,1735613999999,38264123.10450480,99385,238.82245000,22094799.52119640,0
1735614000000,92476.35000000,92654.74000000,92250.00000000,92509.59000000,432.51551000,1735617599999,39985914.07653590,90054,230.28429000,21289411.80808200,0
1735617600000,92509.60000000,92832.29000000,92344.07000000,92448.00000000,508.87389000,1735621199999,47100257.27256820,85367,278.26459000,25765387.88955870,0
1735621200000,92448.00000000,92750.00000000,92357.71000000,92596.08000000,330.97028000,1735624799999,30647340.72071320,79274,184.65228000,17098736.50692300,0
1735624800000,92596.08000000,93040.10000000,92568.50000000,92816.00000000,585.69313000,1735628399999,54360813.57893860,93884,332.36645000,30849305.71880280,0
1735628400000,92816.00000000,92910.03000000,92770.00000000,92860.75000000,485.23565000,1735631999999,45059075.30905250,61503,282.11043000,26197557.47750720,0
1735632000000,92860.75000000,94741.68000000,92842.88000000,93933.38000000,1778.41415000,1735635599999,167169340.22379290,244054,941.08234000,88408019.62406110,0
1735635600000,93933.38000000,94151.52000000,93831.24000000,94023.88000000,694.62156000,1735639199999,65301423.47505040,147893,300.98977000,28293834.55925590,0
1735639200000,94023.88000000,94271.29000000,93664.06000000,94113.69000000,715.16946000,1735642799999,67193684.11980940,116464,340.33247000,31977579.91305870,0
1735642800000,94113.69000000,94285.12000000,93984.00000000,94232.68000000,540.22294000,1735646399999,50849923.39311710,67142,197.44897000,18588065.33803860,0
1735646400000,94232.68000000,94958.85000000,94232.67000000,94539.85000000,1252.18005000,1735649999999,118512699.05275010,126463,714.61465000,67637027.72670290,0
1735650000000,94539.86000000,96054.79000000,94524.43000000,95587.12000000,1803.50187000,1735653599999,172283206.84273560,222966,1065.18485000,101745000.38453710,0
1735653600000,95587.12000000,96250.00000000,95372.35000000,95679.17000000,1504.33717000,1735657199999,143984672.69463240,265490,681.05537000,65204009.44602870,0
1735657200000,95679.17000000,95982.62000000,94909.12000000,95412.00000000,1362.37354000,1735660799999,130045158.24766690,299740,580.51230000,55428476.69910450,0
1735660800000,95412.00000000,95590.52000000,94606.40000000,94868.42000000,1042.48497000,1735664399999,99031477.96361680,187801,405.26425000,38507453.18951360,0
1735664400000,94868.41000000,95047.71000000,93189.59000000,94120.94000000,1332.40373000,1735667999999,125255037.01700040,272735,635.20796000,59716688.08216300,0
1735668000000,94120.92000000,94416.72000000,93779.80000000,93875.68000000,816.81017000,1735671599999,76860739.08548110,190573,399.45216000,37599040.55740080,0
1735671600000,93875.69000000,94290.91000000,93712.45000000,94166.88000000,462.79342000,1735675199999,43506347.57508050,104273,253.35809000,23818117.27030030,0
1735675200000,94166.88000000,94222.50000000,93450.17000000,93564.04000000,733.04147000,1735678799999,68753543.89723810,117956,344.26486000,32282849.01459500,0
1735678800000,93564.01000000,93964.15000000,93504.67000000,93899.68000000,337.52715000,1735682399999,31630123.25015040,68192,170.68198000,15994494.27861280,0
1735682400000,93899.67000000,93899.67000000,93375.58000000,93488.84000000,315.53272000,1735685999999,29553641.28136550,53117,162.17454000,15190852.54407560,0
1735686000000,93488.83000000,93756.00000000,93375.38000000,93576.00000000,336.57995000,1735689599999,31491901.75566090,68135,177.41226000,16600098.95029050,0
1735689600000,93576.00000000,94509.42000000,93489.03000000,94401.14000000,755.99010000,1735693199999,71068810.55946380,93525,421.08319000,39596777.77992590,0
1735693200000,94401.13000000,94408.72000000,93578.77000000,93607.74000000,586.53456000,1735696799999,55096606.90660080,79943,257.42023000,24187938.32586320,0
1735696800000,93607.74000000,94105.12000000,93594.56000000,94098.91000000,276.78045000,1735700399999,25974090.63580940,55078,185.35204000,17393770.43224800,0
1735700400000,94098.90000000,94098.91000000,93728.22000000,93838.04000000,220.99302000,1735703999999,20748041.00640550,35001,119.92140000,11258665.18270000,0
1735704000000,93838.04000000,93838.04000000,93500.00000000,93553.91000000,279.46909000,1735707599999,26179056.12514950,38597,132.98547000,12460624.76478960,0
1735707600000,93553.91000000,93937.19000000,93547.40000000,93792.02000000,209.17940000,1735711199999,19610790.85231790,33839,123.21818000,11551575.02818960,0
1735711200000,93792.02000000,93792.02000000,93568.38000000,93757.58000000,272.27846000,1735714799999,25503575.86728390,30066,165.90563000,15539305.39265650,0
1735714800000,93757.57000000,93800.00000000,93664.08000000,93684.10000000,197.93458000,1735718399999,18551648.86511050,22891,70.38945000,6597697.41253020,0
1735718400000,93684.11000000,93756.02000000,93304.00000000,93428.46000000,481.71173000,1735721999999,45055029.98234460,51464,162.13835000,15164799.96863530,0
1735722000000,93428.47000000,93486.29000000,92888.00000000,93413.06000000,798.49773000,1735725599999,74409822.91904100,93479,404.55111000,37715564.84403890,0
1735725600000,93413.07000000,93536.75000000,93284.00000000,93326.23000000,265.55192000,1735729199999,24807034.66581490,49313,118.86289000,11103987.67129100,0
1735729200000,93326.24000000,93705.08000000,93200.00000000,93444.64000000,321.72225000,1735732799999,30064365.13558260,58142,186.91506000,17468842.18761510,0
1735732800000,93444.65000000,93972.00000000,93407.07000000,93820.76000000,499.35613000,1735736399999,46801447.58169580,58928,342.36500000,32089241.73441800,0
1735736400000,93820.75000000,94058.79000000,93600.28000000,94031.76000000,340.36387000,1735739999999,31931359.70163770,64479,197.44439000,18528035.52376680,0
1735740000000,94031.77000000,94450.85000000,93671.48000000,94175.89000000,751.90697000,1735743599999,70772885.89982150,124282,412.93164000,38871686.93313520,0
1735743600000,94175.89000000,94500.00000000,93900.00000000,94432.94000000,486.08395000,1735747199999,45796540.67623830,77490,234.75820000,22120189.22596430,0
1735747200000,94432.94000000,94492.00000000,93922.00000000,94090.49000000,580.27384000,1735750799999,54656651.52477610,87522,287.20750000,27055176.30143840,0
1735750800000,94090.50000000,94189.16000000,93760.93000000,94143.85000000,303.86795000,1735754399999,28553055.20116110,61419,151.00514000,14189597.14008780,0
1735754400000,94143.84000000,94380.44000000,93936.44000000,94340.06000000,291.78831000,1735757999999,27491847.58286950,54037,161.74273000,15240534.66947610,0
1735758000000,94340.06000000,94823.75000000,94148.34000000,94627.07000000,545.12372000,1735761599999,51502887.18753520,85002,269.56099000,25473062.42200050,0
1735761600000,94627.08000000,94852.70000000,94579.83000000,94786.23000000,424.42468000,1735765199999,40210106.48707660,59241,191.94445000,18186262.45167470,0
1735765200000,94786.23000000,95151.15000000,94687.87000000,94978.48000000,636.81156000,1735768799999,60425238.60044420,85265,363.03885000,34450077.64607020,0
1735768800000,94978.48000000,94997.32000000,94685.81000000,94802.98000000,409.77402000,1735772399999,38856353.10856900,49494,186.53449000,17687335.09550420,0
1735772400000,94802.99000000,94952.29000000,94542.00000000,94591.79000000,436.90784000,1735775999999,41376947.06524890,68059,200.46010000,18983287.50657120,0
1735776000000,94591.78000000,95381.70000000,94392.00000000,95128.59000000,1181.76573000,1735779599999,112223181.11060700,178842,580.02635000,55090463.08753360,0
1735779600000,95128.59000000,95516.00000000,94699.69000000,94862.72000000,1143.36617000,1735783199999,108792520.60606050,123452,652.50511000,62100038.95204780,0
1735783200000,94862.73000000,95234.37000000,94803.03000000,95234.36000000,455.65000000,1735786799999,43302158.02985310,71796,221.53479000,21052376.43316890,0
1735786800000,95234.37000000,95299.24000000,94913.75000000,95010.33000000,290.28586000,1735790399999,27593868.74293390,47561,141.84373000,13482922.56923550,0
1735790400000,95010.34000000,96000.00000000,94984.84000000,95708.07000000,925.61919000,1735793999999,88472314.41104680,110599,528.64795000,50533631.55460100,0
1735794000000,95708.07000000,95800.00000000,95395.21000000,95596.48000000,702.11721000,1735797599999,67131525.59182910,79223,367.42407000,35128086.30211170,0
1735797600000,95596.48000000,95697.01000000,95380.04000000,95574.99000000,517.46772000,1735801199999,49408449.17906530,59246,298.97139000,28544324.82897710,0
1735801200000,95575.00000000,95880.00000000,95505.35000000,95822.00000000,452.62773000,1735804799999,43344714.57414300,53464,249.42978000,23884696.84303680,0
1735804800000,95822.01000000,96211.54000000,95640.05000000,96150.00000000,844.76163000,1735808399999,81063998.52103700,84808,448.73644000,43057598.59322980,0
1735808400000,96150.00000000,96799.86000000,96036.86000000,96755.51000000,976.02528000,1735811999999,94077226.32038080,108158,468.81930000,45199567.84383190,0
1735812000000,96755.51000000,96808.37000000,96538.77000000,96708.00000000,826.74686000,1735815599999,79924436.49895080,84692,393.93290000,38084070.86726590,0
1735815600000,96708.00000000,96876.38000000,96469.46000000,96732.99000000,533.66374000,1735819199999,51587913.22706100,64369,243.18454000,23508628.98077950,0
1735819200000,96733.00000000,96895.00000000,96609.42000000,96850.01000000,677.30510000,1735822799999,65536888.25591430,75640,299.57268000,28988085.01336200,0
1735822800000,96850.01000000,96988.05000000,96436.00000000,96458.17000000,903.27447000,1735826399999,87348109.23849220,95774,387.86062000,37514449.69702790,0
1735826400000,96458.17000000,97440.91000000,95924.60000000,97256.49000000,3007.10456000,1735829999999,290970641.12630930,352467,1544.93306000,149517808.73345450,0
1735830000000,97256.48000000,97323.16000000,96164.78000000,96455.01000000,2007.04700000,1735833599999,194011343.52852700,334380,904.04184000,87372415.25013550,0
1735833600000,96455.01000000,97650.00000000,96040.04000000,97229.74000000,1725.02990000,1735837199999,167438825.32297640,318172,911.23751000,88417872.27793480,0
1735837200000,97229.75000000,97591.84000000,96325.44000000,96757.57000000,1272.75775000,1735840799999,123305062.23608620,336972,564.25388000,54650773.98689460,0
1735840800000,96757.57000000,97350.00000000,96400.00000000,97319.74000000,839.90460000,1735844399999,81388376.67303560,298186,465.02537000,45067216.66039370,0
1735844400000,97319.74000000,97777.00000000,97200.00000000,97317.74000000,714.40965000,1735847999999,69635113.58999660,208680,333.95454000,32553629.85892240,0
1735848000000,97317.74000000,97839.50000000,97300.00000000,97306.46000000,718.84680000,1735851599999,70144870.75449890,218888,349.58694000,34112718.43683300,0
1735851600000,97306.46000000,97355.77000000,97040.16000000,97212.68000000,394.14727000,1735855199999,38310466.08920240,81120,180.45881000,17540159.37969050,0
1735855200000,97212.69000000,97212.69000000,96666.66000000,96911.04000000,418.78092000,1735858799999,40589934.98971490,96380,190.39105000,18449603.88887420,0
1735858800000,96911.04000000,97077.78000000,96758.17000000,96984.79000000,441.78434000,1735862399999,42809914.06355740,86210,189.59721000,18375570.29432910,0
1735862400000,96984.79000000,97080.96000000,96796.56000000,96825.82000000,315.00973000,1735865999999,30537528.63469520,80859,145.96153000,14150954.84192590,0
1735866000000,96825.83000000,97000.00000000,96650.00000000,96985.47000000,342.35914000,1735869599999,33143861.49696850,98239,161.29927000,15614907.46096310,0
1735869600000,96985.47000000,97342.44000000,96856.98000000,96966.85000000,388.64008000,1735873199999,37750293.21697020,95390,188.46857000,18307144.63245010,0
1735873200000,96966.85000000,97090.91000000,96833.99000000,97062.30000000,255.74920000,1735876799999,24802058.61931570,49698,138.78592000,13459093.77841320,0
1735876800000,97062.30000000,97066.18000000,96766.51000000,96813.41000000,265.52213000,1735880399999,25730011.70991530,51313,121.83622000,11806078.58499940,0
1735880400000,96813.49000000,96860.48000000,96590.28000000,96765.34000000,316.46331000,1735883999999,30607608.47294050,57542,150.86266000,14591417.22651530,0
1735884000000,96765.35000000,96918.56000000,96512.00000000,96539.49000000,382.40263000,1735887599999,36978204.55637640,52819,199.37884000,19280525.62877170,0
1735887600000,96539.49000000,96645.83000000,96280.65000000,96304.00000000,546.86929000,1735891199999,52735823.61682060,75732,231.64872000,22341472.66967590,0
1735891200000,96304.00000000,96529.84000000,96100.01000000,96129.97000000,543.39121000,1735894799999,52324864.82490850,56520,266.93581000,25708651.64061710,0
1735894800000,96129.97000000,96702.48000000,96107.84000000,96554.32000000,527.99485000,1735898399999,50934248.96319550,70904,324.69704000,31319443.67219670,0
1735898400000,96554.32000000,96640.01000000,96402.82000000,96488.53000000,355.37669000,1735901999999,34293411.11486280,51821,156.72851000,15124104.24894520,0
1735902000000,96488.53000000,96830.00000000,96482.51000000,96757.58000000,448.41508000,1735905599999,43366538.08356510,67414,259.14353000,25063079.32929790,0
1735905600000,96757.57000000,96921.36000000,96666.66000000,96666.66000000,387.58240000,1735909199999,37514578.74336360,66505,179.09312000,17334223.64365430,0
1735909200000,96666.66000000,96839.71000000,96472.43000000,96504.79000000,630.80373000,1735912799999,60941248.06464880,123296,274.66089000,26536648.57767650,0
1735912800000,96504.80000000,97342.44000000,96504.79000000,97016.01000000,1390.59074000,1735916399999,134843609.28044680,295162,723.97226000,70207602.43945080,0
1735916400000,97016.00000000,97660.00000000,96759.12000000,97521.35000000,1587.60159000,1735919999999,154404896.77456610,358373,760.74100000,73993676.94812630,0
1735920000000,97521.36000000,98444.42000000,97406.54000000,97868.20000000,1899.91498000,1735923599999,186199967.23882880,322111,1061.60850000,104035759.38198320,0
1735923600000,97868.21000000,98299.76000000,97837.63000000,98026.00000000,799.71144000,1735927199999,78436434.25726760,195917,371.56531000,36443428.96364940,0
1735927200000,98025.99000000,98697.86000000,98000.00000000,98527.98000000,813.64324000,1735930799999,80058357.75909230,165566,416.86107000,41016550.80773460,0
1735930800000,98527.97000000,98976.91000000,98491.53000000,98592.01000000,1070.42711000,1735934399999,105694779.46440840,180335,486.36586000,48028389.65382080,0
1735934400000,98592.02000000,98748.00000000,98300.00000000,98311.52000000,846.16971000,1735937999999,83341078.50106680,129730,353.01666000,34770057.58932410,0
1735938000000,98311.51000000,98419.14000000,98196.96000000,98272.70000000,507.38037000,1735941599999,49866462.46618930,81209,233.22721000,22925013.64531750,0
1735941600000,98272.70000000,98512.94000000,98250.00000000,98296.37000000,317.54844000,1735945199999,31240471.65159130,61204,130.43638000,12832399.89088350,0
1735945200000,98296.37000000,98382.19000000,98067.99000000,98174.18000000,314.26227000,1735948799999,30864431.07878760,63505,131.31309000,12896621.64016630,0
1735948800000,98174.17000000,98288.00000000,97887.20000000,97950.01000000,465.14321000,1735952399999,45618493.33925010,65530,170.88770000,16760521.64716170,0
1735952400000,97950.01000000,98095.06000000,97800.00000000,98040.00000000,292.09859000,1735955999999,28611491.61131120,64925,159.17303000,15592662.71363720,0
1735956000000,98040.00000000,98314.15000000,97848.48000000,98304.51000000,368.90158000,1735959599999,36171507.86031750,67580,221.96194000,21766315.98949260,0
1735959600000,98304.51000000,98304.51000000,98052.97000000,98200.00000000,274.68850000,1735963199999,26968830.43148270,42002,132.64343000,13022081.35455400,0
1735963200000,98200.01000000,98200.01000000,97862.87000000,98001.00000000,304.49957000,1735966799999,29830355.81246730,52442,148.18614000,14516334.73113070,0
1735966800000,98001.00000000,98196.51000000,97988.76000000,98126.21000000,249.97787000,1735970399999,24525804.45248260,39928,140.56781000,13790683.41060510,0
1735970400000,98126.21000000,98209.70000000,98039.91000000,98127.54000000,211.92338000,1735973999999,20787728.36805970,40710,103.13333000,10116686.12377560,0
1735974000000,98127.53000000,98350.04000000,98095.17000000,98271.88000000,454.46141000,1735977599999,44646595.60322670,50261,259.53518000,25496001.36451790,0
1735977600000,98271.87000000,98306.22000000,97905.26000000,97906.07000000,303.67578000,1735981199999,29802971.85257440,46767,144.21081000,14157149.65652270,0
1735981200000,97906.08000000,97980.00000000,97532.58000000,97690.37000000,671.79150000,1735984799999,65683012.64455390,83000,316.42318000,30933719.12403780,0
1735984800000,97690.37000000,97859.60000000,97600.00000000,97789.32000000,330.68560000,1735988399999,32318451.11240930,63716,168.82980000,16499188.12133640,0
1735988400000,97789.32000000,97923.07000000,97711.54000000,97889.39000000,279.11118000,1735991999999,27296916.87025990,42774,158.34974000,15487546.30356720,0
1735992000000,97889.40000000,98016.97000000,97800.00000000,97888.12000000,336.79692000,1735995599999,32970456.77702470,67271,158.90366000,15555754.40588590,0
1735995600000,97888.12000000,98068.46000000,97750.00000000,97973.05000000,463.20054000,1735999199999,45341635.87738250,75728,245.93475000,24075252.23660280,0
1735999200000,97973.05000000,98080.15000000,97828.38000000,98035.04000000,329.44160000,1736002799999,32275998.34433150,70354,154.25173000,15111146.61879100,0
1736002800000,98035.05000000,98152.02000000,97514.79000000,97657.94000000,737.78425000,1736006399999,72116692.54469760,163816,299.43846000,29272651.36136540,0
1736006400000,97657.95000000,97874.68000000,97549.99000000,97704.60000000,575.11901000,1736009999999,56166306.50097520,97260,231.91541000,22654463.29139310,0
1736010000000,97704.60000000,98049.99000000,97687.77000000,98016.26000000,251.44705000,1736013599999,24605691.93530160,55417,133.44946000,13060512.77358540,0
1736013600000,98016.26000000,98139.13000000,97909.85000000,97961.56000000,237.21797000,1736017199999,23254816.99630550,51389,113.13022000,11090953.60942060,0
1736017200000,97961.56000000,98350.00000000,97931.23000000,98166.26000000,330.48168000,1736020799999,32443845.37611530,66051,164.97220000,16195900.55930400,0
1736020800000,98166.26000000,98671.02000000,98166.25000000,98599.02000000,441.69473000,1736024399999,43489843.09479040,78484,238.97885000,23528881.33461460,0
1736024400000,98599.02000000,98778.43000000,98344.00000000,98362.43000000,536.37590000,1736027999999,52858446.89413320,85257,286.51304000,28238121.36193060,0
1736028000000,98362.43000000,98484.85000000,98265.91000000,98417.25000000,289.70747000,1736031599999,28494869.81433680,40523,77.78828000,7651657.73385330,0
1736031600000,98417.25000000,98419.14000000,98143.20000000,98220.50000000,253.83122000,1736035199999,24942987.52157070,48797,121.62406000,11950528.30346830,0
1736035200000,98220.51000000,98391.59000000,98154.18000000,98213.43000000,254.43352000,1736038799999,25001267.92630590,58515,103.81753000,10201927.97191350,0
1736038800000,98213.44000000,98322.35000000,98050.00000000,98123.53000000,237.36247000,1736042399999,23301699.36493250,44743,111.38221000,10934887.90906090,0
1736042400000,98123.53000000,98227.49000000,98105.41000000,98227.48000000,187.53679000,1736045999999,18409662.72478400,35021,80.70283000,7922004.39552820,0
1736046000000,98227.49000000,98227.49000000,98069.00000000,98187.96000000,151.23775000,1736049599999,14844043.05405070,34670,69.20990000,6793017.69485300,0
1736049600000,98187.97000000,98522.76000000,98187.96000000,98357.46000000,238.65677000,1736053199999,23475619.80498140,48137,134.43448000,13223568.47999590,0
1736053200000,98357.46000000,98500.00000000,98264.78000000,98358.98000000,212.64998000,1736056799999,20916952.97867090,33870,98.94578000,9732910.73116190,0
1736056800000,98358.98000000,98500.00000000,98304.82000000,98451.47000000,149.61130000,1736060399999,14719996.15490500,27586,77.99299000,7673077.92194690,0
1736060400000,98451.48000000,98464.84000000,98268.77000000,98268.77000000,118.31169000,1736063999999,11639175.78210780,22869,52.82694000,5197180.45433590,0
1736064000000,98268.77000000,98268.78000000,97777.77000000,97861.04000000,511.73930000,1736067599999,50116997.77433230,93896,206.03729000,20175926.82975450,0
1736067600000,97861.04000000,97943.02000000,97637.93000000,97652.20000000,341.13546000,1736071199999,33364700.55460170,54452,152.61323000,14928987.33813140,0
1736071200000,97652.21000000,97776.68000000,97600.00000000,97737.48000000,331.79062000,1736074799999,32410490.87865090,53205,166.01652000,16218176.31895690,0
1736074800000,97737.48000000,97822.16000000,97615.13000000,97641.63000000,186.71771000,1736078399999,18242708.39040390,45553,97.63900000,9541073.24747780,0
1736078400000,97641.62000000,97956.66000000,97569.04000000,97770.01000000,316.47526000,1736081999999,30938403.70794800,80218,172.93686000,16906867.41117830,0
1736082000000,97770.01000000,98018.96000000,97680.18000000,97689.96000000,281.94319000,1736085599999,27588283.90771480,59386,136.53110000,13361134.32482220,0
1736085600000,97689.96000000,97967.08000000,97276.79000000,97855.06000000,776.65874000,1736089199999,75745887.97724760,158178,345.28002000,33683477.27906050,0
1736089200000,97855.06000000,98281.89000000,97702.30000000,98028.98000000,492.23074000,1736092799999,48245724.87057790,128211,271.40169000,26605232.94142470,0
1736092800000,98028.98000000,98332.54000000,97937.82000000,98035.17000000,454.56381000,1736096399999,44612872.82380430,105962,180.92237000,17751720.55149400,0
1736096400000,98035.17000000,98078.94000000,97673.57000000,97731.08000000,358.65597000,1736099999999,35110790.97258010,77027,121.80753000,11922859.89564510,0
1736100000000,97731.09000000,97927.98000000,97577.46000000,97918.91000000,301.29033000,1736103599999,29442380.67074770,81681,147.11666000,14376793.90019690,0
1736103600000,97918.91000000,98109.00000000,97854.99000000,98071.57000000,250.31389000,1736107199999,24533658.73753530,50413,147.71553000,14477823.92931950,0
