timestamp,open,high,low,close,volume,close_time,quote_volume,trades,taker_buy_volume,taker_buy_quote_volume
1735933320000,98710.37000000,98792.00000000,98710.37000000,98791.99000000,10.07647000,1735933379999,994881.89065210,2400,9.54698000,942603.52543330,0
1735933380000,98792.00000000,98792.00000000,98719.65000000,98738.48000000,8.16439000,1735933439999,806235.99138090,2434,4.01616000,396585.23954670,0
1735933440000,98738.48000000,98756.03000000,98698.23000000,98698.23000000,9.21729000,1735933499999,909970.00665380,2823,5.13540000,506968.59482660,0
1735933500000,98697.39000000,98697.39000000,98598.10000000,98638.53000000,17.31908000,1735933559999,1708221.02499520,3769,11.29879000,1114342.91085060,0
1735933560000,98638.53000000,98688.95000000,98638.53000000,98659.05000000,4.57579000,1735933619999,451489.90450910,2131,1.91590000,189024.46006280,0
1735933620000,98659.05000000,98659.05000000,98564.31000000,98580.15000000,11.46513000,1735933679999,1130761.77399950,3585,3.10472000,306138.31068350,0
1735933680000,98580.15000000,98638.85000000,98580.15000000,98634.31000000,9.10575000,1735933739999,897818.34010900,1990,2.53563000,250053.47449030,0
1735933740000,98634.31000000,98690.00000000,98634.31000000,98660.76000000,10.38816000,1735933799999,1025028.47529240,2526,3.30125000,325686.91706460,0
1735933800000,98660.77000000,98679.02000000,98644.19000000,98679.01000000,7.11677000,1735933859999,702114.48757640,1336,4.51072000,444976.46456650,0
1735933860000,98679.02000000,98690.00000000,98602.63000000,98605.71000000,23.25982000,1735933919999,2294514.92579740,3664,12.98915000,1281395.85883730,0
1735933920000,98605.71000000,98625.73000000,98605.71000000,98613.15000000,4.64312000,1735933979999,457903.68494710,985,1.91566000,188925.45594650,0
1735933980000,98612.87000000,98612.87000000,98554.30000000,98559.99000000,13.23258000,1735934039999,1304440.29463610,3662,3.52176000,347109.04838600,0
1735934040000,98559.99000000,98604.88000000,98559.98000000,98560.44000000,4.76050000,1735934099999,469287.60156780,1944,1.67300000,164919.65449940,0
1735934100000,98560.44000000,98626.89000000,98560.44000000,98571.91000000,10.33441000,1735934159999,1018913.79078260,3563,4.27975000,421915.05570060,0
1735934160000,98571.92000000,98600.00000000,98571.91000000,98600.00000000,3.80984000,1735934219999,375562.57307580,777,1.48756000,146641.98628450,0
1735934220000,98600.00000000,98601.81000000,98571.80000000,98578.98000000,11.11369000,1735934279999,1095642.18635390,1550,1.46641000,144553.89968400,0
1735934280000,98578.99000000,98596.85000000,98562.00000000,98596.85000000,5.48777000,1735934339999,540982.78156490,1435,2.80605000,276614.72365540,0
1735934340000,98596.84000000,98596.85000000,98592.01000000,98592.01000000,6.06901000,1735934399999,598385.18673230,462,0.26283000,25914.21008550,0
1735934400000,98592.02000000,98602.29000000,98560.05000000,98581.06000000,20.93147000,1735934459999,2063565.03892500,3977,8.86283000,873707.74164510,0
1735934460000,98581.05000000,98581.05000000,98478.66000000,98488.32000000,21.61171000,1735934519999,2129253.24419130,5061,4.75015000,467946.61782310,0
1735934520000,98488.34000000,98495.73000000,98455.00000000,98483.40000000,15.96973000,1735934579999,1572695.98495840,2726,8.47945000,835051.27144910,0
1735934580000,98483.40000000,98492.70000000,98428.97000000,98432.33000000,16.45792000,1735934639999,1620318.85942550,3758,7.14312000,703225.65842970,0
1735934640000,98432.34000000,98472.19000000,98404.16000000,98404.16000000,10.04074000,1735934699999,988501.34101250,3211,1.56895000,154458.17547560,0
1735934700000,98404.16000000,98447.27000000,98404.16000000,98433.24000000,18.99310000,1735934759999,1869310.32540230,1815,7.37711000,726000.26026670,0
1735934760000,98433.23000000,98440.96000000,98409.63000000,98429.65000000,28.65752000,1735934819999,2820744.24415690,2020,5.99892000,590445.43100870,0
1735934820000,98429.66000000,98489.82000000,98415.46000000,98489.82000000,15.41561000,1735934879999,1517594.27134160,2927,9.42994000,928381.80639030,0
1735934880000,98489.82000000,98512.27000000,98465.15000000,98465.15000000,17.48393000,1735934939999,1722050.14099020,1980,4.15707000,409451.63179460,0
1735934940000,98465.15000000,98469.85000000,98435.36000000,98435.36000000,11.94005000,1735934999999,1175632.25023840,2056,2.75064000,270831.66445280,0
1735935000000,98435.36000000,98454.31000000,98400.00000000,98400.00000000,17.95294000,1735935059999,1767035.19216900,2635,4.27987000,421285.11826780,0
1735935060000,98400.00000000,98429.73000000,98300.00000000,98300.01000000,30.84442000,1735935119999,3034381.47662780,3991,6.41484000,631294.37336550,0
1735935120000,98300.00000000,98370.79000000,98300.00000000,98370.79000000,14.19112000,1735935179999,1395449.33451140,1728,8.76781000,862119.46675120,0
1735935180000,98370.91000000,98417.57000000,98362.49000000,98408.73000000,11.13787000,1735935239999,1095954.79206520,2261,4.72337000,464747.18572070,0
1735935240000,98408.74000000,98479.56000000,98384.52000000,98479.56000000,13.51881000,1735935299999,1330673.49800890,2577,8.63049000,849581.38543940,0
1735935300000,98479.56000000,98531.16000000,98479.56000000,98520.58000000,10.36702000,1735935359999,1021324.41425270,1997,8.00988000,789097.59840980,0
1735935360000,98520.57000000,98528.32000000,98520.57000000,98528.32000000,7.03067000,1735935419999,692686.97428020,543,5.81346000,572764.15434570,0
1735935420000,98528.31000000,98553.62000000,98527.74000000,98539.37000000,11.27737000,1735935479999,1111279.68747360,1709,5.09202000,501749.82520030,0
1735935480000,98539.37000000,98578.95000000,98516.74000000,98578.94000000,10.33790000,1735935539999,1018871.19575630,1893,5.82811000,574444.67539980,0
1735935540000,98578.95000000,98578.95000000,98543.39000000,98556.50000000,12.52461000,1735935599999,1234443.21326370,1083,6.70296000,660603.86354990,0
1735935600000,98556.49000000,98556.50000000,98516.46000000,98524.16000000,9.78610000,1735935659999,964269.75885850,2057,4.10909000,404832.98678960,0
1735935660000,98524.16000000,98599.99000000,98524.15000000,98599.99000000,10.46077000,1735935719999,1030989.38489010,1380,9.32713000,919261.69632810,0
1735935720000,98600.00000000,98702.61000000,98599.99000000,98702.60000000,13.53576000,1735935779999,1335403.89164280,2573,10.94171000,1079558.96638340,0
1735935780000,98702.61000000,98739.76000000,98696.96000000,98734.73000000,15.90784000,1735935839999,1570458.74823120,2931,8.25920000,815340.95909650,0
1735935840000,98734.72000000,98748.00000000,98727.20000000,98747.99000000,9.23188000,1735935899999,911560.33583150,1684,2.92896000,289202.09250250,0
1735935900000,98747.99000000,98748.00000000,98669.86000000,98669.87000000,10.16117000,1735935959999,1003027.12429880,2218,0.74510000,73550.25620240,0
1735935960000,98669.86000000,98669.87000000,98614.66000000,98614.66000000,7.72600000,1735936019999,762208.98237020,1492,0.83698000,82569.92704440,0
1735936020000,98614.26000000,98642.57000000,98611.45000000,98626.21000000,15.22074000,1735936079999,1501156.56229690,1448,7.26307000,716274.72463780,0
1735936080000,98626.21000000,98652.32000000,98626.21000000,98652.32000000,7.99942000,1735936139999,789041.60771150,1111,5.93375000,585305.64444640,0
1735936140000,98652.33000000,98652.33000000,98618.08000000,98618.09000000,9.62636000,1735936199999,949538.49693570,1107,1.10707000,109196.97326690,0
1735936200000,98618.08000000,98618.08000000,98581.58000000,98581.58000000,13.64364000,1735936259999,1345337.29078340,3122,5.37606000,530079.20372010,0
1735936260000,98581.58000000,98615.99000000,98550.33000000,98550.33000000,14.12855000,1735936319999,1392968.42810950,3121,3.31676000,326978.36548970,0
1735936320000,98550.33000000,98550.34000000,98505.75000000,98524.89000000,19.51874000,1735936379999,1923082.66869580,3081,8.75266000,862295.95382080,0
1735936380000,98524.90000000,98526.74000000,98516.10000000,98516.11000000,13.49565000,1735936439999,1329621.37637980,1132,4.79176000,472075.10780010,0
1735936440000,98516.10000000,98600.00000000,98516.10000000,98599.99000000,10.12563000,1735936499999,997900.12479980,1885,9.58698000,944820.36428040,0
1735936500000,98600.00000000,98609.01000000,98589.05000000,98589.06000000,10.55185000,1735936559999,1040477.49122970,1186,4.24261000,418338.73559070,0
1735936560000,98589.06000000,98629.05000000,98577.80000000,98629.04000000,16.93498000,1735936619999,1669758.05524910,2410,9.66284000,952728.30600230,0
1735936620000,98629.05000000,98629.05000000,98575.07000000,98577.51000000,17.94205000,1735936679999,1769101.26379080,2068,4.65159000,458571.05929250,0
1735936680000,98577.51000000,98577.51000000,98444.00000000,98444.00000000,16.32903000,1735936739999,1608685.14045810,4015,3.16135000,311337.09049120,0
1735936740000,98444.01000000,98463.86000000,98444.00000000,98455.00000000,8.80903000,1735936799999,867277.01116100,1189,6.79740000,669214.31926620,0
1735936800000,98454.99000000,98455.81000000,98404.13000000,98404.13000000,16.19706000,1735936859999,1594379.17205440,2160,7.12280000,701168.67585360,0
1735936860000,98404.14000000,98459.96000000,98404.13000000,98459.96000000,10.54641000,1735936919999,1038071.16914340,1340,8.20167000,807276.76212470,0
1735936920000,98459.95000000,98479.56000000,98459.95000000,98463.23000000,7.68847000,1735936979999,757120.43193090,882,4.01830000,395698.92303100,0
1735936980000,98463.23000000,98463.23000000,98429.19000000,98441.00000000,10.79477000,1735937039999,1062726.81008270,1606,2.64688000,260540.06999300,0
1735937040000,98441.00000000,98477.36000000,98441.00000000,98453.89000000,17.59163000,1735937099999,1732080.75286760,1578,8.36367000,823413.39274150,0
1735937100000,98453.89000000,98478.52000000,98453.89000000,98455.58000000,10.35513000,1735937159999,1019610.48828610,1720,6.39447000,629615.69519630,0
1735937160000,98455.22000000,98495.26000000,98439.06000000,98495.25000000,25.01399000,1735937219999,2463155.80459700,3299,13.32955000,1312630.79467520,0
1735937220000,98495.25000000,98503.47000000,98488.66000000,98488.66000000,11.80298000,1735937279999,1162595.65652190,1069,4.88440000,481109.45709110,0
1735937280000,98488.66000000,98488.67000000,98411.71000000,98423.93000000,10.43525000,1735937339999,1027335.17618620,2052,2.04752000,201505.77400440,0
1735937340000,98423.93000000,98433.40000000,98388.88000000,98388.88000000,15.46195000,1735937399999,1521705.45184540,1664,6.98572000,687505.46632210,0
1735937400000,98388.88000000,98419.69000000,98375.78000000,98394.65000000,14.44375000,1735937459999,1421103.05294410,2516,5.25228000,516757.15209950,0
1735937460000,98394.65000000,98424.00000000,98370.13000000,98414.26000000,11.42208000,1735937519999,1123868.56240250,2450,3.76287000,370220.92218460,0
1735937520000,98414.26000000,98459.99000000,98414.25000000,98432.80000000,13.62820000,1735937579999,1341595.93255070,1438,4.67679000,460382.64449690,0
1735937580000,98432.80000000,98440.17000000,98424.23000000,98424.23000000,9.68107000,1735937639999,952964.10677700,814,3.42460000,337101.68344030,0
1735937640000,98424.23000000,98483.58000000,98424.23000000,98448.23000000,12.96390000,1735937699999,1276396.69248380,2146,6.08753000,599346.09384990,0
1735937700000,98448.23000000,98448.24000000,98414.71000000,98424.07000000,10.98405000,1735937759999,1081198.92870720,1201,2.53596000,249601.80775890,0
1735937760000,98424.08000000,98429.27000000,98415.73000000,98429.27000000,9.99995000,1735937819999,984227.14473880,695,3.46625000,341160.10474590,0
1735937820000,98429.26000000,98429.26000000,98350.40000000,98365.73000000,17.17373000,1735937879999,1689583.85879810,2783,4.95251000,487157.55092160,0
1735937880000,98365.74000000,98387.43000000,98356.13000000,98387.43000000,13.18533000,1735937939999,1297029.47656120,1220,7.74898000,762267.54416370,0
1735937940000,98387.42000000,98404.54000000,98311.51000000,98311.52000000,28.98031000,1735937999999,2850700.60881270,5939,10.54085000,1036876.43699210,0
1735938000000,98311.51000000,98335.99000000,98311.51000000,98325.00000000,6.05781000,1735938059999,595655.76321320,1005,1.17567000,115591.96001810,0
1735938060000,98325.00000000,98325.00000000,98275.58000000,98276.01000000,19.86520000,1735938119999,1952737.95012710,2070,8.98027000,882781.36030760,0
1735938120000,98276.00000000,98300.05000000,98270.98000000,98300.04000000,11.57421000,1735938179999,1137556.57026850,1317,4.35692000,428217.83201250,0
1735938180000,98300.04000000,98303.63000000,98240.68000000,98240.69000000,20.16096000,1735938239999,1981233.23458480,2754,2.16935000,213187.73086840,0
1735938240000,98240.68000000,98284.00000000,98199.99000000,98284.00000000,33.82945000,1735938299999,3322887.51368580,3194,10.18005000,1000205.28515900,0
1735938300000,98284.00000000,98300.12000000,98284.00000000,98297.80000000,9.04320000,1735938359999,888891.33445710,1212,1.83767000,180623.26276640,0
1735938360000,98297.80000000,98350.00000000,98284.00000000,98339.80000000,64.06078000,1735938419999,6298451.66005710,2441,46.05218000,4527658.69496730,0
1735938420000,98339.80000000,98369.30000000,98339.72000000,98348.84000000,9.03494000,1735938479999,888600.11744420,1918,4.99695000,491436.05785970,0
1735938480000,98348.84000000,98369.56000000,98325.93000000,98325.94000000,4.97085000,1735938539999,488837.45981870,1587,1.69945000,167141.22828600,0
1735938540000,98325.94000000,98325.94000000,98286.84000000,98286.84000000,3.44307000,1735938599999,338457.38385780,1488,1.04051000,102279.84415350,0
1735938600000,98286.84000000,98286.85000000,98206.35000000,98206.36000000,12.64744000,1735938659999,1242484.50205430,2424,1.64153000,161255.66416730,0
1735938660000,98206.35000000,98237.34000000,98206.35000000,98222.41000000,13.94725000,1735938719999,1369903.91631260,1442,4.52454000,444399.21133740,0
1735938720000,98222.41000000,98238.30000000,98222.41000000,98238.29000000,6.36320000,1735938779999,625098.34362980,579,2.14229000,210446.25468460,0
1735938780000,98238.29000000,98265.58000000,98227.13000000,98227.13000000,15.36443000,1735938839999,1509557.20125720,1764,5.72224000,562185.65289520,0
1735938840000,98227.14000000,98227.14000000,98196.96000000,98206.18000000,7.69502000,1735938899999,755712.95322470,1254,0.91386000,89742.51849170,0
1735938900000,98206.18000000,98234.43000000,98197.46000000,98234.43000000,8.43366000,1735938959999,828244.84185340,1054,5.32864000,523310.84805410,0
1735938960000,98234.42000000,98243.83000000,98224.24000000,98234.64000000,5.13782000,1735939019999,504696.66400710,893,1.42916000,140391.25534210,0
1735939020000,98234.64000000,98253.18000000,98234.63000000,98244.86000000,7.08115000,1735939079999,695674.70959000,814,3.12505000,307010.47482040,0
1735939080000,98244.87000000,98244.87000000,98227.55000000,98227.56000000,6.07030000,1735939139999,596296.44014050,663,0.24520000,24085.65273230,0
1735939140000,98227.55000000,98253.18000000,98227.54000000,98235.01000000,6.04988000,1735939199999,594319.71696680,1346,2.73066000,268256.22663000,0
1735939200000,98235.02000000,98235.02000000,98197.28000000,98197.28000000,4.83309000,1735939259999,474698.86720990,1453,0.84394000,82891.56014110,0
1735939260000,98197.29000000,98222.50000000,98197.29000000,98212.13000000,8.80019000,1735939319999,864283.03194640,1161,3.08268000,302742.62481920,0
1735939320000,98212.14000000,98250.00000000,98212.13000000,98249.99000000,9.41682000,1735939379999,925064.11724770,1189,4.91680000,482965.57523180,0
1735939380000,98249.99000000,98250.00000000,98242.47000000,98242.47000000,9.53593000,1735939439999,936852.88821190,454,2.77165000,272294.60794640,0
1735939440000,98242.48000000,98242.48000000,98225.87000000,98225.87000000,3.96861000,1735939499999,389834.42390420,765,0.39193000,38497.76689380,0
1735939500000,98225.88000000,98266.69000000,98225.87000000,98251.50000000,10.77922000,1735939559999,1059116.17629200,2257,5.04010000,495194.99489500,0
1735939560000,98251.51000000,98251.51000000,98223.21000000,98223.21000000,5.62999000,1735939619999,553112.70609930,1119,1.33414000,131080.41129210,0
1735939620000,98223.21000000,98259.28000000,98223.21000000,98259.28000000,6.26534000,1735939679999,615514.47728340,1180,3.52750000,346551.31125380,0
1735939680000,98259.27000000,98272.73000000,98248.22000000,98248.23000000,5.59556000,1735939739999,549824.88283110,1544,1.53178000,150516.76260770,0
1735939740000,98248.22000000,98274.48000000,98248.22000000,98274.48000000,5.37492000,1735939799999,528138.91448530,862,4.75709000,467428.43667900,0
1735939800000,98274.47000000,98274.47000000,98250.00000000,98250.01000000,3.46388000,1735939859999,340364.99959710,1029,0.53303000,52372.73132870,0
1735939860000,98250.01000000,98282.95000000,98246.95000000,98282.95000000,5.34454000,1735939919999,525143.90467050,1727,2.70424000,265735.28624290,0
1735939920000,98282.95000000,98347.95000000,98282.94000000,98341.65000000,17.14982000,1735939979999,1686315.82004600,2596,13.57010000,1334294.19960490,0
1735939980000,98341.66000000,98357.64000000,98298.30000000,98298.31000000,6.76998000,1735940039999,665684.97272410,2233,2.49488000,245313.62256810,0
1735940040000,98298.31000000,98328.15000000,98298.30000000,98312.00000000,5.91308000,1735940099999,581359.68837140,1436,4.39904000,432495.59859240,0
1735940100000,98312.00000000,98355.03000000,98311.82000000,98355.03000000,8.73601000,1735940159999,858998.05247830,1657,8.06884000,793392.62226250,0
1735940160000,98355.03000000,98363.64000000,98324.98000000,98363.64000000,4.35176000,1735940219999,427967.93517720,2032,2.82763000,278077.39822220,0
1735940220000,98363.63000000,98416.00000000,98363.63000000,98413.02000000,17.13182000,1735940279999,1685610.36606950,1893,15.97382000,1571653.76001740,0
1735940280000,98413.01000000,98419.14000000,98408.77000000,98408.77000000,6.04728000,1735940339999,595156.90265050,834,4.31111000,424290.87390470,0
1735940340000,98408.78000000,98408.78000000,98340.00000000,98340.00000000,5.76723000,1735940399999,567356.56345480,1874,1.38168000,135899.44551650,0
1735940400000,98340.00000000,98370.61000000,98340.00000000,98370.60000000,5.88401000,1735940459999,578689.33679820,789,3.61457000,355485.71331540,0
1735940460000,98370.61000000,98370.61000000,98347.51000000,98347.51000000,2.49438000,1735940519999,245349.97833030,1007,0.28137000,27672.62137480,0
1735940520000,98347.51000000,98347.52000000,98319.30000000,98319.31000000,4.14132000,1735940579999,407214.35612710,1174,1.70382000,167519.19838970,0
1735940580000,98319.30000000,98319.31000000,98319.30000000,98319.30000000,0.95306000,1735940639999,93704.19537030,211,0.33123000,32566.30505130,0
1735940640000,98319.30000000,98325.59000000,98319.30000000,98325.58000000,2.19690000,1735940699999,215999.20199090,440,1.37270000,134963.87990450,0
1735940700000,98325.58000000,98325.59000000,98312.74000000,98312.75000000,3.06811000,1735940759999,301657.88767530,766,0.30632000,30117.93156620,0
1735940760000,98312.75000000,98312.75000000,98235.09000000,98235.09000000,5.12476000,1735940819999,503653.59557900,2459,0.25502000,25056.21432640,0
1735940820000,98235.09000000,98235.09000000,98209.95000000,98219.79000000,5.25706000,1735940879999,516336.41912640,1188,1.65381000,162425.22429530,0
1735940880000,98219.78000000,98219.79000000,98214.05000000,98214.05000000,1.99667000,1735940939999,196106.98556200,334,0.31362000,30802.38713670,0
1735940940000,98214.06000000,98219.80000000,98214.05000000,98219.80000000,4.16796000,1735940999999,409357.96315200,420,3.67610000,361049.03148820,0
1735941000000,98219.80000000,98265.39000000,98219.79000000,98259.70000000,9.18178000,1735941059999,902075.72732540,1769,7.43334000,730284.01187410,0
1735941060000,98259.70000000,98277.78000000,98259.69000000,98265.40000000,2.51369000,1735941119999,247029.55588290,950,0.78450000,77091.99299670,0
1735941120000,98265.40000000,98358.51000000,98265.39000000,98358.51000000,4.39029000,1735941179999,431588.93497050,2270,4.11309000,404336.86640750,0
1735941180000,98358.61000000,98358.70000000,98327.24000000,98327.25000000,4.16386000,1735941239999,409478.17584830,857,1.09393000,107563.31320910,0
1735941240000,98327.25000000,98327.25000000,98327.24000000,98327.24000000,1.23620000,1735941299999,121552.14140080,163,0.73128000,71904.75138000,0
1735941300000,98327.24000000,98352.00000000,98305.51000000,98305.51000000,3.80953000,1735941359999,374610.88535350,1769,1.13226000,111340.33126830,0
1735941360000,98305.51000000,98305.52000000,98287.74000000,98287.75000000,2.75719000,1735941419999,271037.03695010,982,0.23283000,22886.48203980,0
1735941420000,98287.74000000,98296.00000000,98250.00000000,98296.00000000,12.71382000,1735941479999,1249409.67163050,1856,7.12611000,700295.05327080,0
1735941480000,98296.00000000,98304.84000000,98272.70000000,98272.70000000,7.43908000,1735941539999,731185.61411970,1087,1.97036000,193676.72007510,0
1735941540000,98272.71000000,98272.71000000,98272.70000000,98272.70000000,2.18501000,1735941599999,214726.83569480,204,0.34678000,34079.01037380,0
1735941600000,98272.70000000,98301.24000000,98272.70000000,98289.85000000,17.62704000,1735941659999,1732566.32145800,1534,3.75529000,369081.86375970,0
1735941660000,98289.85000000,98350.00000000,98289.85000000,98349.99000000,5.50660000,1735941719999,541401.90197070,1669,4.92015000,483752.64298080,0
1735941720000,98349.99000000,98412.72000000,98349.99000000,98412.72000000,8.65269000,1735941779999,851176.91941610,1812,6.38612000,628208.99388770,0
1735941780000,98412.72000000,98444.00000000,98412.72000000,98430.49000000,8.06152000,1735941839999,793531.91623670,1593,3.97331000,391104.22860530,0
1735941840000,98430.49000000,98468.39000000,98430.49000000,98440.75000000,6.60013000,1735941899999,649787.16739720,1730,4.45988000,439064.27994570,0
1735941900000,98440.50000000,98440.50000000,98406.16000000,98438.06000000,4.55551000,1735941959999,448375.03760100,1355,2.51125000,247160.86245260,0
1735941960000,98438.07000000,98438.07000000,98410.60000000,98421.22000000,4.61505000,1735942019999,454200.61896980,1170,1.64671000,162058.10388020,0
1735942020000,98421.21000000,98440.71000000,98416.00000000,98416.01000000,6.00410000,1735942079999,590974.54069200,1129,1.66097000,163478.22300510,0
1735942080000,98416.00000000,98416.01000000,98366.77000000,98366.77000000,5.17093000,1735942139999,508756.21196570,1130,0.47264000,46504.81533350,0
1735942140000,98366.77000000,98387.76000000,98366.77000000,98375.39000000,5.68584000,1735942199999,559384.46778460,714,1.90574000,187478.83259220,0
1735942200000,98375.40000000,98375.40000000,98366.29000000,98366.29000000,1.97284000,1735942259999,194068.67380560,491,0.45026000,44292.91075420,0
1735942260000,98366.29000000,98374.87000000,98366.29000000,98374.87000000,5.20854000,1735942319999,512365.47286600,498,3.10593000,305523.85216760,0
1735942320000,98374.86000000,98374.87000000,98334.68000000,98334.68000000,4.53412000,1735942379999,445966.52750440,1816,0.98775000,97153.93376480,0
1735942380000,98334.68000000,98334.68000000,98303.94000000,98333.33000000,6.60820000,1735942439999,649681.19420160,1442,4.06146000,399293.47407330,0
1735942440000,98333.33000000,98372.34000000,98333.33000000,98372.33000000,2.72033000,1735942499999,267547.04248890,1299,1.96794000,193546.37871170,0
1735942500000,98372.33000000,98372.34000000,98324.00000000,98324.00000000,7.20900000,1735942559999,708967.64983080,1273,1.40007000,137675.48292860,0
1735942560000,98324.01000000,98410.76000000,98324.00000000,98410.75000000,9.71419000,1735942619999,955661.31354790,2898,7.55324000,743067.94151220,0
1735942620000,98410.75000000,98454.07000000,98410.75000000,98439.55000000,7.48207000,1735942679999,736553.84181910,1989,2.23793000,220284.34992090,0
1735942680000,98439.54000000,98460.37000000,98435.20000000,98460.36000000,4.87483000,1735942739999,479905.43177140,1236,3.46387000,341006.31790210,0
1735942740000,98460.37000000,98463.86000000,98450.01000000,98450.01000000,3.93379000,1735942799999,387330.24308440,932,0.32921000,32414.63414470,0
1735942800000,98450.00000000,98450.01000000,98443.55000000,98443.55000000,2.65376000,1735942859999,261261.97474520,397,0.28131000,27694.97231310,0
1735942860000,98443.55000000,98443.56000000,98443.55000000,98443.56000000,2.53264000,1735942919999,249322.08931370,233,1.68417000,165795.69044520,0
1735942920000,98443.55000000,98443.55000000,98400.00000000,98411.13000000,6.38563000,1735942979999,628482.84609100,677,1.10487000,108731.59260690,0
1735942980000,98411.14000000,98432.00000000,98411.13000000,98432.00000000,5.78239000,1735943039999,569061.08200140,527,4.31851000,424996.83977600,0
1735943040000,98432.00000000,98463.86000000,98431.99000000,98463.85000000,7.83169000,1735943099999,770994.68708400,753,4.21291000,414741.76776040,0
1735943100000,98463.85000000,98471.87000000,98463.85000000,98471.87000000,5.91315000,1735943159999,582260.74062770,571,4.25243000,418726.97317630,0
1735943160000,98471.87000000,98512.94000000,98471.86000000,98495.04000000,9.35244000,1735943219999,921227.51659570,1693,5.15028000,507282.13493290,0
1735943220000,98495.04000000,98495.05000000,98469.14000000,98469.14000000,3.82070000,1735943279999,376253.93978210,1543,0.31664000,31180.51863500,0
1735943280000,98469.14000000,98469.15000000,98468.18000000,98468.18000000,1.02520000,1735943339999,100949.80507430,310,0.22305000,21963.37416990,0
1735943340000,98468.18000000,98468.19000000,98460.37000000,98460.37000000,2.25667000,1735943399999,222201.33798320,367,0.60614000,59682.42834450,0
1735943400000,98460.38000000,98485.83000000,98460.37000000,98485.83000000,4.21643000,1735943459999,415215.74759520,982,3.08212000,303503.05713480,0
1735943460000,98485.83000000,98485.83000000,98424.53000000,98424.53000000,7.66318000,1735943519999,754485.46912450,2879,2.25015000,221541.31229710,0
1735943520000,98424.53000000,98424.54000000,98414.64000000,98414.64000000,1.78615000,1735943579999,175797.97614110,601,0.45983000,45257.87192440,0
1735943580000,98414.64000000,98414.64000000,98405.51000000,98408.10000000,4.32599000,1735943639999,425712.11965580,864,1.47429000,145079.29044810,0
1735943640000,98408.09000000,98408.10000000,98400.03000000,98408.10000000,3.33470000,1735943699999,328152.61622610,594,0.83224000,81894.77399970,0
1735943700000,98408.09000000,98408.10000000,98408.09000000,98408.10000000,2.70401000,1735943759999,266096.46838100,230,0.89401000,87977.82548100,0
1735943760000,98408.10000000,98415.29000000,98408.09000000,98415.28000000,2.80851000,1735943819999,276391.33175830,483,2.14283000,210878.68079160,0
1735943820000,98415.29000000,98415.29000000,98415.23000000,98415.24000000,1.75998000,1735943879999,173208.90885990,299,0.24935000,24539.84959800,0
1735943880000,98415.23000000,98415.24000000,98398.45000000,98398.45000000,4.15476000,1735943939999,408879.96768850,1029,0.32343000,31830.31505050,0
1735943940000,98398.45000000,98414.45000000,98398.44000000,98414.44000000,13.43190000,1735943999999,1321748.46593170,785,2.44884000,240975.37325910,0
1735944000000,98414.44000000,98424.29000000,98414.44000000,98424.29000000,2.94414000,1735944059999,289752.86308210,473,1.96545000,193432.90474810,0
1735944060000,98424.28000000,98424.29000000,98424.28000000,98424.28000000,1.80028000,1735944119999,177191.27760100,176,1.48026000,145693.53951540,0
1735944120000,98424.28000000,98424.29000000,98424.28000000,98424.29000000,2.34248000,1735944179999,230556.90925310,206,0.18387000,18097.27420230,0
1735944180000,98424.29000000,98434.34000000,98424.28000000,98434.34000000,7.68364000,1735944239999,756294.96137600,821,2.81228000,276813.74741950,0
1735944240000,98434.33000000,98434.34000000,98408.55000000,98408.56000000,4.34869000,1735944299999,428020.95544690,1436,0.29401000,28938.36930290,0
1735944300000,98408.55000000,98408.56000000,98388.88000000,98388.88000000,2.08159000,1735944359999,204821.16828050,1177,0.41348000,40684.79120770,0
1735944360000,98388.88000000,98388.89000000,98363.63000000,98363.64000000,3.66935000,1735944419999,360977.50312270,1487,1.51701000,149241.27859180,0
1735944420000,98363.63000000,98363.64000000,98355.60000000,98355.60000000,2.69440000,1735944479999,265023.76752450,813,0.40397000,39733.77680660,0
1735944480000,98355.61000000,98355.61000000,98308.58000000,98308.58000000,6.13678000,1735944539999,603448.59402710,1665,1.73098000,170197.43469920,0
1735944540000,98308.55000000,98308.55000000,98290.75000000,98290.75000000,3.02385000,1735944599999,297239.16080180,987,0.73775000,72519.73098250,0
1735944600000,98290.75000000,98314.40000000,98290.75000000,98314.40000000,4.41397000,1735944659999,433887.32271530,1078,3.10444000,305164.16913140,0
1735944660000,98314.39000000,98320.52000000,98294.91000000,98294.91000000,2.48950000,1735944719999,244748.11186390,1467,0.69382000,68213.79573850,0
1735944720000,98294.91000000,98294.92000000,98250.00000000,98252.40000000,6.28941000,1735944779999,618051.61036680,918,0.68696000,67506.20512190,0
1735944780000,98252.40000000,98311.99000000,98252.40000000,98261.24000000,21.52990000,1735944839999,2116178.48377160,1918,12.67862000,1246140.03131690,0
1735944840000,98261.25000000,98268.18000000,98261.24000000,98268.18000000,1.39351000,1735944899999,136932.69591540,365,0.50178000,49307.26052560,0
1735944900000,98268.18000000,98299.99000000,98268.17000000,98299.98000000,3.40642000,1735944959999,334806.61684390,798,1.36599000,134249.87399950,0
1735944960000,98299.99000000,98299.99000000,98275.73000000,98275.92000000,11.83764000,1735945019999,1163474.30454650,585,0.25283000,24850.68406630,0
1735945020000,98275.92000000,98285.56000000,98275.92000000,98285.55000000,4.53914000,1735945079999,446097.94458030,485,3.21200000,315666.53916660,0
1735945080000,98285.56000000,98292.06000000,98285.55000000,98292.05000000,1.10760000,1735945139999,108862.99320960,354,0.33670000,33093.43012470,0
1735945140000,98292.06000000,98296.37000000,98292.05000000,98296.37000000,3.33895000,1735945199999,328196.82219000,468,2.50706000,246428.28974870,0
1735945200000,98296.37000000,98328.24000000,98296.37000000,98328.23000000,2.56199000,1735945259999,251884.32133010,971,1.57090000,154436.52874860,0
1735945260000,98328.23000000,98355.27000000,98328.23000000,98354.29000000,4.17460000,1735945319999,410557.67754680,889,2.49585000,245456.25065790,0
1735945320000,98354.29000000,98363.64000000,98354.29000000,98363.64000000,3.78611000,1735945379999,372399.83907400,491,1.35911000,133676.07461220,0
1735945380000,98363.64000000,98363.64000000,98329.57000000,98329.57000000,12.50014000,1735945439999,1229418.05002620,2383,5.09993000,501572.54253010,0
1735945440000,98329.57000000,98379.67000000,98328.30000000,98354.88000000,6.76576000,1735945499999,665427.76826750,2115,4.17732000,410830.43149690,0
1735945500000,98354.88000000,98382.19000000,98347.79000000,98382.18000000,9.55205000,1735945559999,939604.04712240,1164,8.06457000,793300.06048790,0
1735945560000,98382.19000000,98382.19000000,98337.20000000,98337.20000000,4.50844000,1735945619999,443434.37475850,1775,0.38208000,37578.99085060,0
1735945620000,98337.20000000,98337.21000000,98279.69000000,98279.69000000,4.80417000,1735945679999,472293.00672230,2854,0.54564000,53644.45250010,0
1735945680000,98279.70000000,98318.15000000,98276.97000000,98318.15000000,5.12910000,1735945739999,504154.15100010,1288,4.00905000,394071.44782630,0
1735945740000,98318.15000000,98326.39000000,98318.14000000,98318.51000000,3.35356000,1735945799999,329736.82771190,781,2.03335000,199927.58265220,0
1735945800000,98318.23000000,98318.23000000,98272.72000000,98272.72000000,7.09329000,1735945859999,697152.34916990,1800,1.84495000,181318.13419070,0
1735945860000,98272.72000000,98361.40000000,98272.72000000,98361.39000000,11.82928000,1735945919999,1163008.01920880,2303,8.77454000,862667.39118680,0
1735945920000,98361.39000000,98361.40000000,98287.66000000,98299.65000000,14.49679000,1735945979999,1425385.76333420,1520,3.71726000,365466.98810770,0
1735945980000,98299.66000000,98299.66000000,98283.51000000,98285.88000000,4.89777000,1735946039999,481393.51438240,745,1.79588000,176508.79742000,0
1735946040000,98285.88000000,98285.88000000,98277.75000000,98277.76000000,3.62727000,1735946099999,356485.04596620,468,0.63076000,61989.98453780,0
1735946100000,98277.76000000,98294.32000000,98267.90000000,98267.91000000,3.72948000,1735946159999,366537.33911790,1099,0.99747000,98032.74854530,0
1735946160000,98267.90000000,98267.91000000,98255.72000000,98255.72000000,1.88271000,1735946219999,185001.41140220,781,0.33397000,32816.77479160,0
1735946220000,98255.72000000,98255.73000000,98200.25000000,98200.26000000,9.86195000,1735946279999,968687.46623760,2080,1.76582000,173457.84058530,0
1735946280000,98200.26000000,98200.26000000,98170.92000000,98187.47000000,9.84428000,1735946339999,966575.90159940,1523,1.85296000,181918.83465640,0
1735946340000,98187.48000000,98240.00000000,98187.47000000,98239.99000000,8.20274000,1735946399999,805710.74628240,1557,4.77218000,468698.35335780,0
1735946400000,98240.00000000,98240.00000000,98220.34000000,98220.34000000,2.98691000,1735946459999,293426.35875530,659,1.15207000,113179.35680000,0
1735946460000,98220.34000000,98239.40000000,98215.78000000,98239.39000000,3.04227000,1735946519999,298818.20319940,744,2.01450000,197868.13140330,0
1735946520000,98239.40000000,98239.76000000,98239.40000000,98239.76000000,1.00944000,1735946579999,99167.10027800,231,0.56809000,55808.98666290,0
1735946580000,98239.75000000,98239.76000000,98189.51000000,98205.80000000,10.83182000,1735946639999,1063807.06961750,1608,1.99402000,195809.05047340,0
1735946640000,98205.81000000,98205.81000000,98195.01000000,98195.01000000,1.65855000,1735946699999,162868.98251750,527,0.50625000,49712.58995280,0
1735946700000,98195.02000000,98195.02000000,98181.81000000,98181.81000000,2.12636000,1735946759999,208791.96663700,803,0.71250000,69962.55758430,0
1735946760000,98181.82000000,98181.82000000,98166.66000000,98166.67000000,2.70442000,1735946819999,265501.43490200,558,0.11860000,11643.63096970,0
1735946820000,98166.66000000,98166.67000000,98132.00000000,98132.01000000,4.87617000,1735946879999,478602.61121730,1880,0.59040000,57940.59981360,0
1735946880000,98132.01000000,98140.21000000,98101.94000000,98101.95000000,3.91130000,1735946939999,383790.26790440,2358,1.33866000,131366.07673720,0
1735946940000,98101.94000000,98110.84000000,98101.00000000,98101.01000000,5.41806000,1735946999999,531538.65083180,841,2.68260000,263173.79130300,0
1735947000000,98101.01000000,98101.01000000,98067.99000000,98089.84000000,9.49169000,1735947059999,931067.99639740,2598,2.77664000,272366.24159530,0
1735947060000,98089.85000000,98094.50000000,98089.84000000,98094.50000000,5.97911000,1735947119999,586516.27763100,623,3.57046000,350241.31021250,0
1735947120000,98094.50000000,98094.50000000,98094.48000000,98094.48000000,3.58669000,1735947179999,351834.53009100,256,1.28595000,126144.62040680,0
1735947180000,98094.48000000,98100.00000000,98094.48000000,98100.00000000,1.79709000,1735947239999,176290.41580440,432,1.28175000,125736.01657380,0
1735947240000,98100.00000000,98110.86000000,98099.99000000,98110.86000000,10.84076000,1735947299999,1063516.94765860,538,8.71821000,855283.43059770,0
1735947300000,98110.85000000,98179.93000000,98110.85000000,98143.64000000,11.76974000,1735947359999,1155136.61597610,2823,7.53360000,739281.79351350,0
1735947360000,98143.64000000,98173.40000000,98143.64000000,98172.70000000,4.76842000,1735947419999,468020.95259330,1124,3.63108000,356388.47335420,0
1735947420000,98172.69000000,98184.60000000,98156.71000000,98156.72000000,6.67778000,1735947479999,655608.03299690,1026,2.61925000,257155.37403550,0
1735947480000,98156.72000000,98156.72000000,98156.00000000,98156.00000000,2.69576000,1735947539999,264605.59129360,270,1.27869000,125511.12083050,0
1735947540000,98156.01000000,98156.01000000,98151.52000000,98151.52000000,2.41924000,1735947599999,237460.82490680,318,0.12613000,12380.00520210,0
1735947600000,98151.53000000,98166.67000000,98140.00000000,98166.66000000,4.00164000,1735947659999,392752.39794020,1285,2.54182000,249477.59267510,0
1735947660000,98166.66000000,98166.66000000,98163.77000000,98163.78000000,3.78029000,1735947719999,371091.58843270,388,0.96138000,94372.89189480,0
1735947720000,98163.77000000,98163.78000000,98160.06000000,98160.06000000,2.85962000,1735947779999,280709.49794740,422,0.26595000,26106.12622000,0
1735947780000,98160.07000000,98170.98000000,98160.06000000,98168.32000000,13.00607000,1735947839999,1276782.85278760,775,2.15969000,212001.50290130,0
1735947840000,98168.33000000,98174.19000000,98168.32000000,98174.18000000,1.89451000,1735947899999,185982.68370270,389,1.47975000,145265.60230910,0
1735947900000,98174.19000000,98174.19000000,98140.40000000,98140.41000000,4.16163000,1735947959999,408520.09843580,1298,0.68623000,67363.22539540,0
1735947960000,98140.41000000,98140.41000000,98125.85000000,98130.70000000,3.77846000,1735948019999,370787.80589910,829,1.35665000,133125.21918430,0
1735948020000,98130.69000000,98183.96000000,98130.69000000,98183.95000000,5.05025000,1735948079999,495767.47832100,1116,3.02014000,296444.61543150,0
1735948080000,98183.95000000,98183.96000000,98150.73000000,98150.73000000,2.36350000,1735948139999,232016.13317430,1326,0.15651000,15362.61231890,0
1735948140000,98150.74000000,98151.51000000,98131.99000000,98132.00000000,2.91379000,1735948199999,285983.10838350,686,1.47467000,144740.42180950,0
1735948200000,98131.99000000,98132.51000000,98131.07000000,98132.50000000,2.31652000,1735948259999,227323.87845050,484,1.61792000,158768.71304650,0
1735948260000,98132.51000000,98160.99000000,98132.50000000,98151.51000000,4.70475000,1735948319999,461789.94538840,1022,2.04439000,200649.83399750,0
1735948320000,98151.51000000,98151.51000000,98128.00000000,98129.20000000,7.80323000,1735948379999,765771.71968630,1003,0.77488000,76040.12870230,0
1735948380000,98129.20000000,98129.20000000,98129.19000000,98129.19000000,1.29142000,1735948439999,126726.00181190,214,0.32621000,32010.72633200,0
1735948440000,98129.19000000,98129.20000000,98124.00000000,98127.80000000,2.86788000,1735948499999,281413.38517280,436,1.19190000,116954.90707840,0
1735948500000,98127.79000000,98127.80000000,98116.88000000,98116.88000000,4.15088000,1735948559999,407297.56365170,843,0.64295000,63087.45325010,0
1735948560000,98116.89000000,98116.89000000,98114.89000000,98114.90000000,2.54181000,1735948619999,249393.77298270,398,0.45000000,44152.51682050,0
1735948620000,98114.89000000,98153.68000000,98114.89000000,98153.67000000,6.30018000,1735948679999,618220.04292170,1020,4.94668000,485412.38210650,0
1735948680000,98153.68000000,98153.68000000,98153.67000000,98153.67000000,2.51878000,1735948739999,247227.51868530,217,1.77627000,174347.43717360,0
1735948740000,98153.67000000,98174.18000000,98153.67000000,98174.18000000,4.76400000,1735948799999,467655.15354190,550,2.71606000,266614.36375470,0
1735948800000,98174.17000000,98288.00000000,98174.17000000,98263.45000000,29.84760000,1735948859999,2932728.37147740,3878,18.60096000,1827502.70938870,0
1735948860000,98263.44000000,98268.83000000,98230.61000000,98230.62000000,19.85338000,1735948919999,1950640.03644120,1795,10.83918000,1065035.77676330,0
1735948920000,98230.62000000,98230.62000000,98182.34000000,98182.35000000,10.75982000,1735948979999,1056579.48776290,1924,1.73058000,169919.94905820,0
1735948980000,98182.34000000,98202.91000000,98178.18000000,98202.60000000,13.97268000,1735949039999,1371949.09656500,1368,9.57576000,940191.09983400,0
1735949040000,98202.60000000,98211.11000000,98184.43000000,98209.88000000,6.42555000,1735949099999,630968.01201670,1215,3.08266000,302696.25299210,0
1735949100000,98209.88000000,98219.70000000,98207.84000000,98207.84000000,10.57118000,1735949159999,1038278.30971060,1427,1.08043000,106113.82985390,0
1735949160000,98207.85000000,98207.85000000,98134.04000000,98171.06000000,12.50527000,1735949219999,1227537.06217600,1959,3.52606000,346098.86803270,0
1735949220000,98171.07000000,98171.07000000,98111.11000000,98128.06000000,19.22827000,1735949279999,1887098.74308840,1411,4.35266000,427152.07342580,0
1735949280000,98128.06000000,98132.03000000,98099.46000000,98113.92000000,15.25751000,1735949339999,1497058.78345780,1300,3.46467000,339926.87555320,0
1735949340000,98113.91000000,98113.92000000,98101.71000000,98108.43000000,3.90666000,1735949399999,383281.55748550,511,1.17346000,115127.84999140,0
1735949400000,98108.43000000,98108.44000000,98044.50000000,98063.65000000,15.70201000,1735949459999,1539942.01929900,1503,4.22043000,413865.97343960,0
1735949460000,98063.64000000,98063.65000000,98016.69000000,98058.91000000,17.55504000,1735949519999,1721099.95760710,1634,2.46777000,241916.79547460,0
1735949520000,98059.04000000,98065.64000000,98059.04000000,98065.63000000,2.16719000,1735949579999,212526.46969950,299,0.49353000,48398.15497000,0
1735949580000,98065.63000000,98111.12000000,98065.63000000,98111.12000000,5.36099000,1735949639999,525827.69783280,695,2.71756000,266543.41866880,0
1735949640000,98111.11000000,98111.12000000,98111.11000000,98111.11000000,1.39216000,1735949699999,136586.37338660,179,1.04890000,102908.75376800,0
1735949700000,98111.12000000,98114.46000000,98111.11000000,98114.46000000,3.08351000,1735949759999,302534.24017520,330,1.47466000,144683.91818430,0
1735949760000,98114.46000000,98128.70000000,98114.46000000,98128.70000000,4.85645000,1735949819999,476549.00412810,483,1.38755000,136153.22357890,0
1735949820000,98128.70000000,98140.31000000,98128.69000000,98140.30000000,7.56947000,1735949879999,742840.29496060,536,2.28100000,223845.36404420,0
1735949880000,98140.30000000,98146.18000000,98140.29000000,98146.18000000,3.01480000,1735949939999,295875.74433840,503,2.52779000,248080.19896010,0
1735949940000,98146.18000000,98155.99000000,98146.17000000,98155.98000000,4.33949000,1735949999999,425926.21331710,463,3.71450000,364581.20524220,0
1735950000000,98155.98000000,98155.99000000,98145.43000000,98145.44000000,5.39153000,1735950059999,529199.72558420,676,1.71919000,168748.45891110,0
1735950060000,98145.44000000,98145.44000000,98121.21000000,98121.22000000,3.24600000,1735950119999,318537.72760000,1211,1.33067000,130572.07878650,0
1735950120000,98121.22000000,98145.11000000,98121.21000000,98145.11000000,3.51375000,1735950179999,344797.17739670,431,2.74210000,269077.55949990,0
1735950180000,98145.10000000,98145.11000000,98145.10000000,98145.10000000,1.72558000,1735950239999,169357.22997890,218,0.83209000,81665.56457990,0
1735950240000,98145.10000000,98145.11000000,98145.07000000,98145.07000000,4.83519000,1735950299999,474550.20459980,252,0.43907000,43092.56967460,0
1735950300000,98145.08000000,98145.08000000,98126.61000000,98126.61000000,3.20258000,1735950359999,314284.90270060,768,0.40054000,39308.61233080,0
1735950360000,98126.61000000,98126.62000000,98096.32000000,98096.32000000,9.20249000,1735950419999,902950.17203790,1410,0.36847000,36155.13058920,0
1735950420000,98096.32000000,98096.33000000,98095.05000000,98095.05000000,6.03763000,1735950479999,592265.27899000,459,1.05535000,103525.55843950,0
1735950480000,98095.05000000,98095.06000000,98094.04000000,98094.04000000,7.37665000,1735950539999,723611.96450480,589,1.85339000,181808.03490950,0
1735950540000,98094.04000000,98094.05000000,98094.01000000,98094.02000000,5.02515000,1735950599999,492937.16621780,265,0.55124000,54073.34802820,0
1735950600000,98094.02000000,98094.02000000,98069.87000000,98069.88000000,3.00188000,1735950659999,294436.16152550,1126,0.98716000,96825.46181130,0
1735950660000,98069.87000000,98069.88000000,98053.86000000,98053.87000000,3.36122000,1735950719999,329601.20533510,715,0.55826000,54740.84564470,0
1735950720000,98053.86000000,98062.24000000,98053.86000000,98062.24000000,11.83079000,1735950779999,1160083.57171340,1461,6.38433000,626022.34067290,0
1735950780000,98062.23000000,98062.24000000,98055.15000000,98055.16000000,3.16775000,1735950839999,310623.15817360,623,1.16283000,114024.44314610,0
1735950840000,98055.16000000,98055.16000000,98046.49000000,98046.50000000,3.57637000,1735950899999,350664.32583890,678,0.63853000,62607.11810800,0
1735950900000,98046.49000000,98046.50000000,98001.64000000,98001.89000000,15.50788000,1735950959999,1520020.22142250,1733,3.57951000,350803.71115420,0
1735950960000,98001.90000000,98001.90000000,97956.27000000,97963.75000000,19.56994000,1735951019999,1917685.58533950,2461,0.49082000,48084.88387100,0
1735951020000,97963.75000000,97963.76000000,97952.00000000,97952.00000000,4.94255000,1735951079999,484136.30403760,578,1.38998000,136151.75687330,0
1735951080000,97952.00000000,97952.01000000,97887.20000000,97911.38000000,21.72309000,1735951139999,2127071.69771230,3188,7.00397000,685752.28338850,0
1735951140000,97911.39000000,97941.69000000,97911.39000000,97941.68000000,10.17971000,1735951199999,996918.97411230,1495,6.28351000,615325.74521540,0
1735951200000,97941.68000000,97941.68000000,97922.01000000,97922.01000000,2.78031000,1735951259999,272294.50404820,1055,0.59024000,57806.68475280,0
1735951260000,97922.02000000,97945.14000000,97922.01000000,97945.14000000,7.04603000,1735951319999,690082.31210470,884,6.09979000,597404.95654780,0
1735951320000,97945.13000000,98000.01000000,97945.13000000,98000.01000000,8.66880000,1735951379999,849403.63447810,1464,6.72887000,659299.05941080,0
1735951380000,98000.00000000,98000.01000000,97986.12000000,97986.12000000,3.95418000,1735951439999,387495.11729870,702,1.15657000,113332.84047500,0
1735951440000,97986.13000000,97986.21000000,97986.12000000,97986.21000000,2.92527000,1735951499999,286635.91989990,278,2.28481000,223879.72036230,0
1735951500000,97986.20000000,97999.99000000,97986.20000000,97999.99000000,2.47489000,1735951559999,242527.86925030,619,1.53897000,150808.78818180,0
1735951560000,97999.98000000,97999.99000000,97999.98000000,97999.99000000,1.89480000,1735951619999,185690.36680010,290,0.46961000,46021.77530390,0
1735951620000,97999.98000000,98046.50000000,97999.98000000,98046.50000000,8.61348000,1735951679999,844303.60367380,1751,8.01474000,785617.62911160,0
1735951680000,98046.50000000,98055.56000000,98008.20000000,98008.21000000,5.93820000,1735951739999,582133.46309790,1580,2.70624000,265295.10529060,0
1735951740000,98008.20000000,98008.21000000,97915.91000000,97915.91000000,5.97035000,1735951799999,584894.75490770,3277,0.54658000,53541.35715530,0
1735951800000,97915.91000000,97929.03000000,97915.91000000,97929.02000000,2.84712000,1735951859999,278798.10581040,481,1.47156000,144094.92742140,0
1735951860000,97929.02000000,97951.52000000,97929.02000000,97932.58000000,5.39655000,1735951919999,528517.52156320,1354,3.57060000,349682.29794960,0
1735951920000,97932.57000000,97944.45000000,97922.43000000,97922.43000000,11.18853000,1735951979999,1095789.59530470,1112,1.25911000,123308.92678280,0
1735951980000,97922.44000000,97969.70000000,97902.01000000,97969.70000000,20.08158000,1735952039999,1966389.01143900,2369,6.41882000,628538.22478410,0
1735952040000,97969.69000000,97999.53000000,97969.69000000,97999.53000000,3.40566000,1735952099999,333722.44699290,1136,2.88115000,282326.38514440,0
1735952100000,97999.52000000,98000.00000000,97982.29000000,98000.00000000,5.35493000,1735952159999,524761.51540250,1073,1.53333000,150253.22457120,0
1735952160000,97999.99000000,98000.00000000,97959.49000000,97959.49000000,4.98524000,1735952219999,488489.34592930,1476,0.48108000,47139.85197850,0
1735952220000,97959.50000000,97959.50000000,97950.00000000,97950.01000000,1.80820000,1735952279999,177116.76391390,425,0.19576000,19174.99849170,0
1735952280000,97950.01000000,97950.01000000,97950.00000000,97950.01000000,1.35871000,1735952339999,133085.64701700,207,0.25170000,24654.01751700,0
1735952340000,97950.00000000,97950.01000000,97950.00000000,97950.01000000,4.66362000,1735952399999,456801.61057050,247,3.15705000,309233.07907050,0
1735952400000,97950.01000000,97961.08000000,97929.50000000,97961.08000000,9.11538000,1735952459999,892785.42804390,1421,5.84208000,572179.83931630,0
1735952460000,97961.07000000,97961.08000000,97944.15000000,97944.16000000,4.56158000,1735952519999,446854.38886520,562,2.11608000,207293.13605280,0
1735952520000,97944.15000000,97961.06000000,97936.21000000,97961.06000000,5.34277000,1735952579999,523290.52234260,1000,3.70062000,362442.52013600,0
1735952580000,97961.05000000,98000.00000000,97961.05000000,97999.99000000,7.06083000,1735952639999,691824.97132360,1191,4.88798000,478927.28434200,0
1735952640000,97999.99000000,98005.69000000,97963.54000000,97963.55000000,14.04581000,1735952699999,1376482.18719780,1449,5.73306000,561847.19067020,0
1735952700000,97963.55000000,97963.55000000,97909.43000000,97909.44000000,4.89474000,1735952759999,479407.20133870,1349,0.74528000,73000.51946350,0
1735952760000,97909.43000000,97932.00000000,97909.43000000,97931.99000000,5.68941000,1735952819999,557089.38726690,1014,4.70874000,461064.21883760,0
1735952820000,97932.00000000,97932.00000000,97917.05000000,97931.56000000,5.15316000,1735952879999,504625.27587290,1050,2.81011000,275172.45619520,0
1735952880000,97931.56000000,97931.57000000,97916.00000000,97916.01000000,1.58810000,1735952939999,155522.12052600,694,0.43435000,42535.29482390,0
1735952940000,97916.00000000,97917.21000000,97916.00000000,97917.21000000,2.74556000,1735952999999,268837.08561360,412,1.43473000,140484.33762810,0
1735953000000,97917.21000000,97917.21000000,97904.00000000,97904.00000000,3.32356000,1735953059999,325425.57257620,815,0.79942000,78275.33240790,0
1735953060000,97904.00000000,97904.01000000,97849.00000000,97849.01000000,6.92424000,1735953119999,677731.77095340,2403,1.69123000,165552.61841060,0
1735953120000,97849.00000000,97888.89000000,97828.43000000,97888.88000000,20.62727000,1735953179999,2018239.66071640,1967,6.55481000,641364.10852700,0
1735953180000,97888.88000000,97907.09000000,97888.88000000,97889.38000000,6.53769000,1735953239999,640030.01654970,1204,2.48314000,243081.67816110,0
1735953240000,97889.37000000,97889.38000000,97860.00000000,97888.78000000,6.64732000,1735953299999,650650.54419080,1622,3.76226000,368246.79869850,0
1735953300000,97888.78000000,97888.78000000,97833.33000000,97859.53000000,7.41092000,1735953359999,725214.08440170,1073,2.73959000,268054.70788990,0
1735953360000,97859.52000000,97878.01000000,97848.15000000,97849.53000000,6.47788000,1735953419999,633961.76650980,1287,2.57579000,252080.68177320,0
1735953420000,97849.52000000,97849.53000000,97800.00000000,97800.01000000,5.83952000,1735953479999,571192.66296300,2260,0.63646000,62266.14409800,0
1735953480000,97800.00000000,97833.34000000,97800.00000000,97833.34000000,5.89824000,1735953539999,576914.93323290,1168,4.49760000,439914.64605960,0
1735953540000,97833.34000000,97883.17000000,97833.33000000,97883.17000000,3.37009000,1735953599999,329797.69857550,1410,2.61799000,256193.59306850,0
1735953600000,97883.17000000,97883.17000000,97843.57000000,97843.57000000,6.08694000,1735953659999,595746.50669610,1334,0.18014000,17628.99964020,0
1735953660000,97843.57000000,97843.58000000,97843.57000000,97843.58000000,1.61735000,1735953719999,158247.30293510,202,0.49956000,48878.73882480,0
1735953720000,97843.58000000,97917.22000000,97843.57000000,97917.21000000,9.72100000,1735953779999,951661.24899380,2496,8.25542000,808180.24898100,0
1735953780000,97917.20000000,97937.29000000,97917.20000000,97925.05000000,5.10737000,1735953839999,500137.04022820,1201,3.40040000,332975.74469680,0
1735953840000,97925.05000000,97959.23000000,97925.05000000,97959.22000000,3.81977000,1735953899999,374115.59808620,1344,2.99779000,293611.06931610,0
1735953900000,97959.22000000,97959.23000000,97951.50000000,97959.23000000,5.80349000,1735953959999,568469.20521060,505,5.07034000,496653.66328290,0
1735953960000,97959.22000000,97959.23000000,97944.03000000,97944.04000000,1.81164000,1735954019999,177456.09989910,674,0.36818000,36064.00426140,0
1735954020000,97944.04000000,97944.04000000,97944.03000000,97944.03000000,2.08043000,1735954079999,203765.71362110,200,1.52882000,149738.80723280,0
1735954080000,97944.04000000,97944.04000000,97925.00000000,97937.80000000,3.88401000,1735954139999,380373.70341700,1363,2.17466000,212966.73962620,0
1735954140000,97937.81000000,97961.80000000,97937.80000000,97960.15000000,2.19826000,1735954199999,215332.60061210,651,1.59654000,156388.72018910,0
1735954200000,97960.15000000,97960.15000000,97909.09000000,97911.60000000,7.09369000,1735954259999,694613.78585470,2131,3.65315000,357691.58888650,0
1735954260000,97911.59000000,97925.67000000,97911.59000000,97925.66000000,3.62521000,1735954319999,354953.60371800,592,1.89902000,185939.15857570,0
1735954320000,97925.67000000,97976.02000000,97925.66000000,97976.02000000,8.10250000,1735954379999,793683.28989510,1291,7.72124000,756334.78961420,0
1735954380000,97976.01000000,98000.00000000,97970.18000000,97970.20000000,6.96967000,1735954439999,682932.16502370,2345,2.27604000,223025.20056140,0
1735954440000,97970.20000000,97999.12000000,97969.82000000,97999.11000000,2.31758000,1735954499999,227070.14735780,953,1.62169000,158888.05562050,0
1735954500000,97999.12000000,98019.02000000,97999.11000000,98001.27000000,6.37015000,1735954559999,624303.26004540,1190,4.45230000,436336.10157240,0
1735954560000,98001.28000000,98020.18000000,98001.27000000,98014.25000000,6.32123000,1735954619999,619531.36559670,594,4.91834000,482027.02739160,0
1735954620000,98014.24000000,98019.72000000,98014.24000000,98019.71000000,2.80334000,1735954679999,274772.39457110,383,1.44111000,141249.38048570,0
1735954680000,98019.72000000,98039.33000000,98008.00000000,98008.00000000,2.14266000,1735954739999,210028.58658910,1351,0.98237000,96294.89977240,0
1735954740000,98008.01000000,98040.64000000,98008.00000000,98040.64000000,1.59305000,1735954799999,156150.13670750,1213,1.02068000,100048.73636490,0
1735954800000,98040.64000000,98062.32000000,98040.64000000,98044.51000000,2.96218000,1735954859999,290449.29453950,1425,1.11206000,109040.79239980,0
1735954860000,98044.51000000,98044.52000000,98044.50000000,98044.51000000,3.89510000,1735954919999,381893.20164320,485,3.34194000,327658.90223750,0
1735954920000,98044.50000000,98079.25000000,98043.99000000,98079.24000000,2.91998000,1735954979999,286326.45405770,878,2.55307000,250347.78116870,0
1735954980000,98079.25000000,98095.06000000,98052.05000000,98052.90000000,5.74202000,1735955039999,563121.03819200,2085,2.05861000,201890.26678550,0
1735955040000,98052.90000000,98060.12000000,98052.90000000,98060.11000000,2.59622000,1735955099999,254579.92834820,414,1.51073000,148138.52311300,0
1735955100000,98060.11000000,98060.12000000,98021.05000000,98032.02000000,4.10610000,1735955159999,402555.49062450,1269,2.02726000,198736.04641000,0
1735955160000,98032.01000000,98036.56000000,98030.30000000,98030.31000000,3.09793000,1735955219999,303703.20396400,652,2.28926000,224425.40029620,0
1735955220000,98030.30000000,98066.40000000,98030.30000000,98066.40000000,2.43696000,1735955279999,238921.43863670,1291,2.09687000,205582.28919150,0
1735955280000,98066.40000000,98090.33000000,98066.40000000,98081.87000000,8.39962000,1735955339999,823827.54891820,1137,6.09639000,597917.21894310,0
1735955340000,98081.87000000,98085.97000000,98056.54000000,98056.55000000,2.98503000,1735955399999,292769.01516850,1459,0.93745000,91946.17600490,0
1735955400000,98056.55000000,98056.55000000,98024.50000000,98024.50000000,1.96696000,1735955459999,192849.71974700,1167,0.61557000,60354.04857270,0
1735955460000,98024.51000000,98027.19000000,98024.50000000,98027.19000000,1.72726000,1735955519999,169315.37443130,352,1.13086000,110852.75863130,0
1735955520000,98027.18000000,98064.00000000,98027.18000000,98064.00000000,2.98779000,1735955579999,292937.29550870,1337,2.18354000,214083.96295520,0
1735955580000,98063.99000000,98064.00000000,98035.28000000,98035.28000000,2.02778000,1735955639999,198820.82463200,671,0.53963000,52905.37830180,0
1735955640000,98035.29000000,98035.29000000,98031.18000000,98031.19000000,2.27190000,1735955699999,222725.94721270,327,1.21718000,119326.42175420,0
1735955700000,98031.18000000,98031.19000000,98030.00000000,98030.00000000,6.54440000,1735955759999,641553.36890370,356,4.34931000,426367.88215710,0
1735955760000,98030.00000000,98030.01000000,98030.00000000,98030.01000000,1.96927000,1735955819999,193047.54915960,232,1.10596000,108417.26985960,0
1735955820000,98030.00000000,98062.33000000,98030.00000000,98062.33000000,5.15798000,1735955879999,505682.38009870,953,4.59125000,450119.08628960,0
1735955880000,98062.33000000,98062.33000000,98042.01000000,98042.01000000,4.16490000,1735955939999,408386.39810720,758,1.86430000,182802.17268220,0
1735955940000,98042.01000000,98042.01000000,98040.00000000,98040.00000000,1.41580000,1735955999999,138805.10529880,313,0.72268000,70851.55442680,0
1735956000000,98040.00000000,98042.02000000,98040.00000000,98042.01000000,1.71831000,1735956059999,168463.54500700,420,1.10249000,108088.22634580,0
1735956060000,98042.02000000,98042.02000000,98009.32000000,98009.33000000,6.11623000,1735956119999,599539.57073030,1136,1.38138000,135396.44025190,0
1735956120000,98009.33000000,98009.33000000,98000.00000000,98000.01000000,15.91966000,1735956179999,1560208.59270370,625,14.04673000,1376648.72750090,0
1735956180000,98000.00000000,98025.09000000,98000.00000000,98025.09000000,12.89432000,1735956239999,1263915.69758210,1378,11.37232000,1114724.48895440,0
1735956240000,98025.08000000,98025.09000000,97916.00000000,97916.18000000,18.69338000,1735956299999,1831979.51327170,2043,4.73351000,463920.87551620,0
1735956300000,97916.18000000,97916.19000000,97894.19000000,97894.20000000,3.97005000,1735956359999,388693.81451700,1400,1.02615000,100472.11462460,0
1735956360000,97894.19000000,97894.20000000,97870.03000000,97870.04000000,3.59475000,1735956419999,351875.53014770,1057,0.89977000,88078.16054090,0
1735956420000,97870.04000000,97881.55000000,97858.33000000,97881.54000000,19.27721000,1735956479999,1886716.59795390,1079,11.26386000,1102410.49634100,0
1735956480000,97881.55000000,97881.55000000,97848.48000000,97848.48000000,5.53653000,1735956539999,541827.95904130,954,1.45031000,141938.02877310,0
1735956540000,97848.48000000,97881.40000000,97848.48000000,97881.39000000,10.30745000,1735956599999,1008723.81748640,1056,6.11111000,598029.92289910,0
1735956600000,97881.40000000,97890.98000000,97871.39000000,97890.97000000,10.54688000,1735956659999,1032375.68934130,1014,4.83889000,473641.41340090,0
1735956660000,97890.97000000,97976.95000000,97890.97000000,97976.95000000,7.60428000,1735956719999,744613.29823820,1853,5.96558000,584156.65442360,0
1735956720000,97976.94000000,97981.74000000,97976.94000000,97981.74000000,2.14054000,1735956779999,209727.29604960,403,1.48537000,145534.11049040,0
1735956780000,97981.74000000,97981.74000000,97940.78000000,97940.79000000,5.99264000,1735956839999,587027.74872060,1309,1.86459000,182641.80306730,0
1735956840000,97940.78000000,97940.79000000,97922.75000000,97922.75000000,5.68464000,1735956899999,556671.28205640,576,1.25747000,123143.58782710,0
1735956900000,97922.75000000,97940.78000000,97922.75000000,97940.78000000,4.12385000,1735956959999,403839.37444080,396,3.11343000,304889.54558320,0
1735956960000,97940.78000000,97940.78000000,97913.41000000,97913.42000000,3.66177000,1735957019999,358568.55653110,903,0.99211000,97143.44207220,0
1735957020000,97913.42000000,97913.42000000,97913.41000000,97913.42000000,0.92173000,1735957079999,90249.73057320,183,0.31739000,31076.74037380,0
1735957080000,97913.41000000,97913.42000000,97900.00000000,97900.01000000,3.58941000,1735957139999,351412.43637300,475,1.37511000,134624.21555190,0
1735957140000,97900.01000000,97913.84000000,97900.00000000,97913.84000000,3.75802000,1735957199999,367932.13873590,498,3.23310000,316535.27217160,0
1735957200000,97913.84000000,97913.84000000,97900.00000000,97900.01000000,2.36809000,1735957259999,231842.33213580,530,1.36880000,134006.54573710,0
1735957260000,97900.00000000,97900.01000000,97900.00000000,97900.00000000,1.86343000,1735957319999,182429.80976770,160,1.27677000,124995.79576770,0
1735957320000,97900.01000000,97940.78000000,97900.00000000,97924.65000000,7.18516000,1735957379999,703626.01446170,1554,3.42574000,335440.47124000,0
1735957380000,97924.65000000,97930.00000000,97924.65000000,97930.00000000,1.80257000,1735957439999,176517.77558800,432,1.21614000,119091.74588320,0
1735957440000,97929.99000000,97943.91000000,97929.99000000,97943.91000000,3.59476000,1735957499999,352042.20443200,748,3.16217000,309675.41210180,0
1735957500000,97943.91000000,97944.02000000,97924.66000000,97924.67000000,2.54623000,1735957559999,249366.37318370,668,0.88295000,86471.44363720,0
1735957560000,97924.66000000,97924.67000000,97912.00000000,97913.43000000,1.85354000,1735957619999,181486.35283590,443,0.96224000,94214.93143940,0
1735957620000,97913.42000000,97913.43000000,97913.42000000,97913.42000000,1.49904000,1735957679999,146776.13868190,208,0.55651000,54489.80292930,0
1735957680000,97913.43000000,97913.43000000,97896.00000000,97896.00000000,1.84040000,1735957739999,180180.57596900,684,0.24084000,23578.07393520,0
1735957740000,97896.00000000,97900.68000000,97874.46000000,97900.67000000,3.23895000,1735957799999,317042.77413240,1741,1.59403000,156028.13071060,0
1735957800000,97900.67000000,97900.69000000,97900.67000000,97900.68000000,2.32768000,1735957859999,227881.45803460,205,0.51949000,50858.42748870,0
1735957860000,97900.68000000,97976.00000000,97874.64000000,97975.99000000,11.12029000,1735957919999,1088782.94584710,3755,9.55199000,935259.10008320,0
1735957920000,97976.00000000,97982.47000000,97966.19000000,97966.20000000,3.11367000,1735957979999,305063.83293740,1001,1.34681000,131951.47126770,0
1735957980000,97966.19000000,97971.88000000,97958.63000000,97958.73000000,4.41147000,1735958039999,432187.49700910,818,0.68116000,66730.51488920,0
1735958040000,97958.73000000,97962.82000000,97958.73000000,97962.81000000,1.94928000,1735958099999,190954.16985870,319,1.25605000,123043.54848600,0
1735958100000,97962.82000000,98020.99000000,97962.81000000,98020.99000000,7.89625000,1735958159999,773867.67170550,2075,7.03525000,689484.80585450,0
1735958160000,98020.99000000,98095.41000000,98020.99000000,98080.81000000,16.86066000,1735958219999,1653437.63792050,1962,13.57627000,1331288.72691980,0
1735958220000,98080.80000000,98153.84000000,98080.80000000,98153.84000000,16.10824000,1735958279999,1580587.06313590,4079,14.09874000,1383396.22227950,0
1735958280000,98153.83000000,98184.00000000,98152.20000000,98164.98000000,7.23904000,1735958339999,710609.93302910,1793,4.07736000,400234.19269420,0
1735958340000,98164.97000000,98164.98000000,98140.71000000,98140.71000000,2.52182000,1735958399999,247505.30582600,1060,0.92152000,90439.98868590,0
1735958400000,98140.71000000,98140.72000000,98118.93000000,98136.92000000,5.26505000,1735958459999,516642.45033590,1505,4.32274000,424170.66261190,0
1735958460000,98136.92000000,98136.93000000,98118.92000000,98118.93000000,4.85567000,1735958519999,476448.86219300,525,2.62072000,257142.48593580,0
1735958520000,98118.93000000,98118.93000000,98118.92000000,98118.92000000,0.93865000,1735958579999,92099.32604950,148,0.17915000,17578.00630950,0
1735958580000,98118.92000000,98118.93000000,98111.12000000,98111.12000000,8.08742000,1735958639999,793518.16075850,455,0.34744000,34089.02557320,0
1735958640000,98111.12000000,98141.11000000,98111.12000000,98141.10000000,8.44496000,1735958699999,828636.30642780,1114,7.16408000,702952.74456530,0
1735958700000,98141.11000000,98241.45000000,98141.11000000,98241.44000000,10.31310000,1735958759999,1012853.08183060,2565,8.74765000,859132.60907950,0
1735958760000,98241.45000000,98275.45000000,98232.25000000,98232.26000000,11.14709000,1735958819999,1095116.96477470,2708,7.31347000,718478.34467720,0
1735958820000,98232.26000000,98300.00000000,98232.00000000,98284.97000000,11.72335000,1735958879999,1151886.08737500,2726,10.29173000,1011217.45394960,0
1735958880000,98284.97000000,98284.97000000,98279.31000000,98279.31000000,9.59337000,1735958939999,942833.83430580,488,7.85060000,771553.03775090,0
1735958940000,98279.32000000,98279.32000000,98196.00000000,98215.69000000,12.77965000,1735958999999,1255419.35327230,2276,4.53993000,445822.59510480,0
1735959000000,98215.69000000,98215.69000000,98215.68000000,98215.68000000,2.53779000,1735959059999,249250.77828750,217,0.77403000,76021.89053070,0
1735959060000,98215.69000000,98256.00000000,98215.68000000,98256.00000000,3.07945000,1735959119999,302540.70193880,1365,2.49524000,245139.78121550,0
1735959120000,98256.00000000,98256.00000000,98244.00000000,98244.01000000,1.99167000,1735959179999,195677.00302250,373,0.49402000,48534.62584010,0
1735959180000,98244.01000000,98293.11000000,98244.00000000,98293.10000000,4.55346000,1735959239999,447447.85945890,1917,3.77668000,371114.11279560,0
1735959240000,98293.10000000,98314.15000000,98264.00000000,98264.00000000,2.89343000,1735959299999,284413.59108160,2127,1.19332000,117307.52949360,0
1735959300000,98264.00000000,98264.01000000,98255.90000000,98255.91000000,1.47967000,1735959359999,145391.40111330,571,0.99965000,98223.82842200,0
1735959360000,98255.90000000,98255.91000000,98245.18000000,98245.19000000,4.09740000,1735959419999,402586.12094400,456,0.55502000,54529.99697020,0
1735959420000,98245.19000000,98245.19000000,98245.18000000,98245.19000000,2.94055000,1735959479999,288894.88535730,186,2.13083000,209343.79820770,0
1735959480000,98245.18000000,98274.67000000,98245.18000000,98264.91000000,4.02396000,1735959539999,395399.59290580,1122,1.90309000,186981.06004480,0
1735959540000,98264.90000000,98308.88000000,98264.90000000,98304.51000000,10.76367000,1735959599999,1057901.44289150,1743,8.68105000,853208.78167460,0
1735959600000,98304.51000000,98304.51000000,98262.50000000,98262.51000000,6.21702000,1735959659999,611009.59315070,1331,2.77991000,273178.58221320,0
1735959660000,98262.50000000,98262.51000000,98253.38000000,98253.38000000,2.47501000,1735959719999,243181.57767960,369,0.21027000,20660.05057770,0
1735959720000,98253.38000000,98253.39000000,98248.69000000,98248.69000000,2.54188000,1735959779999,249736.98239980,345,0.49130000,48269.59212560,0
1735959780000,98248.70000000,98248.70000000,98236.00000000,98236.00000000,5.88189000,1735959839999,577872.95185580,742,1.75162000,172088.52969520,0
1735959840000,98236.01000000,98236.01000000,98232.00000000,98232.00000000,1.11653000,1735959899999,109681.66644100,281,0.61648000,60559.84116480,0
1735959900000,98232.00000000,98232.01000000,98232.00000000,98232.01000000,0.82141000,1735959959999,80688.75163870,155,0.45187000,44388.09835870,0
1735959960000,98232.00000000,98238.36000000,98232.00000000,98238.35000000,4.65744000,1735960019999,457519.03297840,434,3.80619000,373894.05467240,0
1735960020000,98238.35000000,98244.72000000,98232.01000000,98244.71000000,9.22864000,1735960079999,906603.07541420,941,1.93754000,190336.26648880,0
1735960080000,98244.71000000,98244.72000000,98196.39000000,98202.37000000,14.09656000,1735960139999,1384619.92505980,1099,1.24688000,122447.36527950,0
1735960140000,98202.37000000,98205.36000000,98119.56000000,98119.57000000,15.99229000,1735960199999,1569901.98589700,2384,2.53921000,249302.53166560,0
1735960200000,98119.56000000,98141.08000000,98111.20000000,98141.07000000,2.76539000,1735960259999,271360.97164220,955,1.72663000,169422.02790520,0
1735960260000,98141.07000000,98185.49000000,98141.07000000,98185.48000000,8.00897000,1735960319999,786119.88260460,1978,7.08336000,695266.57059220,0
1735960320000,98185.49000000,98195.40000000,98185.48000000,98195.40000000,2.01520000,1735960379999,197880.59404090,534,1.31360000,128986.80153620,0
1735960380000,98195.39000000,98205.32000000,98182.01000000,98182.01000000,8.90473000,1735960439999,874351.56776970,1374,3.84246000,377278.33998070,0
1735960440000,98182.02000000,98182.02000000,98168.19000000,98168.66000000,5.16596000,1735960499999,507192.79166850,483,0.38322000,37620.66136290,0
1735960500000,98168.67000000,98168.67000000,98168.66000000,98168.66000000,1.21786000,1735960559999,119555.69203520,224,0.77676000,76253.49610920,0
1735960560000,98168.66000000,98168.67000000,98116.00000000,98135.65000000,9.16342000,1735960619999,899221.47523540,1473,5.33360000,523358.41555350,0
1735960620000,98135.64000000,98135.65000000,98123.00000000,98123.00000000,1.50705000,1735960679999,147885.82800930,456,0.54770000,53744.68187200,0
1735960680000,98123.01000000,98123.01000000,98111.20000000,98111.37000000,3.41312000,1735960739999,334894.61735520,480,0.22779000,22350.25784970,0
1735960740000,98111.37000000,98111.37000000,98111.36000000,98111.36000000,0.79300000,1735960799999,77802.31086470,196,0.23847000,23396.61840390,0
1735960800000,98111.37000000,98111.37000000,98080.00000000,98087.26000000,5.79679000,1735960859999,568610.71090260,1188,3.41554000,335002.14081340,0
1735960860000,98087.26000000,98087.26000000,98072.00000000,98072.00000000,1.86518000,1735960919999,182938.00155120,523,0.44168000,43319.01154110,0
1735960920000,98072.00000000,98072.01000000,98061.63000000,98061.63000000,3.70141000,1735960979999,362983.45032080,323,1.29385000,126887.64452090,0
1735960980000,98061.64000000,98061.64000000,98061.63000000,98061.64000000,0.82546000,1735961039999,80945.95713780,179,0.40380000,39597.29023200,0
1735961040000,98061.63000000,98061.64000000,98061.63000000,98061.64000000,1.61124000,1735961099999,158000.82286520,233,0.21440000,21024.41561600,0
1735961100000,98061.64000000,98061.64000000,98052.97000000,98052.97000000,6.30603000,1735961159999,618365.66991600,919,0.77648000,76136.60700980,0
1735961160000,98052.97000000,98092.00000000,98052.97000000,98091.99000000,6.89322000,1735961219999,675986.89259350,1132,6.56590000,643884.08982310,0
1735961220000,98091.99000000,98091.99000000,98086.80000000,98086.81000000,2.31917000,1735961279999,227481.47716080,479,1.50485000,147605.93602850,0
1735961280000,98086.81000000,98086.81000000,98086.80000000,98086.81000000,3.10792000,1735961339999,304845.93332740,157,0.58714000,57590.68962340,0
1735961340000,98086.80000000,98086.81000000,98086.80000000,98086.80000000,0.73936000,1735961399999,72521.46003560,121,0.35876000,35189.62395560,0
1735961400000,98086.80000000,98092.40000000,98086.80000000,98092.40000000,3.71051000,1735961459999,363963.37311150,480,3.28362000,322090.21528050,0
1735961460000,98092.39000000,98092.39000000,98078.48000000,98078.49000000,2.50566000,1735961519999,245770.66840050,491,0.19962000,19578.42817380,0
1735961520000,98078.49000000,98078.49000000,98078.48000000,98078.48000000,1.50132000,1735961579999,147247.18747340,153,0.38798000,38052.49255020,0
1735961580000,98078.48000000,98098.99000000,98078.48000000,98098.98000000,6.63805000,1735961639999,651062.17215330,664,5.61685000,550899.96204230,0
1735961640000,98098.99000000,98099.00000000,98098.98000000,98098.99000000,1.78138000,1735961699999,174751.56829520,273,0.63521000,62313.45969270,0
1735961700000,98099.00000000,98162.71000000,98099.00000000,98162.70000000,5.68736000,1735961759999,558077.56985490,2022,4.70288000,461458.64368010,0
1735961760000,98162.71000000,98194.07000000,98151.51000000,98194.07000000,8.25249000,1735961819999,810223.43822950,1595,6.36675000,625104.78835110,0
1735961820000,98194.06000000,98194.07000000,98185.59000000,98185.59000000,3.93606000,1735961879999,386482.13384360,288,1.93706000,190199.70605080,0
1735961880000,98185.59000000,98185.60000000,98185.59000000,98185.59000000,4.11817000,1735961939999,404344.98317270,221,3.20024000,314217.48454400,0
1735961940000,98185.59000000,98185.60000000,98185.59000000,98185.60000000,1.32591000,1735961999999,130185.25700830,108,0.13714000,13465.17318400,0
1735962000000,98185.59000000,98185.60000000,98185.59000000,98185.59000000,1.48242000,1735962059999,145552.28701020,194,0.46824000,45974.42534400,0
1735962060000,98185.59000000,98185.60000000,98185.59000000,98185.59000000,2.97677000,1735962119999,292275.92383650,177,0.50922000,49998.07123200,0
1735962120000,98185.60000000,98185.60000000,98185.59000000,98185.59000000,0.79306000,1735962179999,77867.06554800,150,0.15426000,15146.11065600,0
1735962180000,98185.59000000,98217.00000000,98185.59000000,98217.00000000,8.47479000,1735962239999,832162.21346110,1382,7.11887000,699026.66490360,0
1735962240000,98217.00000000,98246.97000000,98217.00000000,98246.96000000,3.52738000,1735962299999,346511.61567880,1117,2.14513000,210713.98854200,0
1735962300000,98246.96000000,98269.39000000,98228.93000000,98228.93000000,5.25410000,1735962359999,516195.12270460,1835,2.16916000,213114.64607900,0
1735962360000,98228.94000000,98228.94000000,98217.00000000,98217.01000000,4.35191000,1735962419999,427463.84229650,641,3.13407000,307842.21140440,0
1735962420000,98217.00000000,98217.01000000,98200.00000000,98200.00000000,5.72264000,1735962479999,562017.63367310,654,2.79505000,274500.13241710,0
1735962480000,98200.00000000,98221.98000000,98196.00000000,98209.30000000,12.75816000,1735962539999,1252864.05908710,1609,11.33129000,1112733.85741820,0
1735962540000,98209.30000000,98221.97000000,98209.30000000,98209.31000000,11.13650000,1735962599999,1093822.35658550,820,4.12406000,405062.02772720,0
1735962600000,98209.30000000,98209.31000000,98207.20000000,98207.20000000,1.96882000,1735962659999,193354.80166210,289,0.99717000,97929.93757770,0
1735962660000,98207.20000000,98216.72000000,98207.20000000,98216.71000000,10.24780000,1735962719999,1006419.33506130,569,5.50547000,540687.38439820,0
1735962720000,98216.72000000,98225.80000000,98216.71000000,98225.80000000,5.32319000,1735962779999,522845.84663410,520,5.08244000,499200.12830160,0
1735962780000,98225.79000000,98263.36000000,98225.79000000,98244.86000000,8.97024000,1735962839999,881327.25364880,1615,3.41717000,335713.48057650,0
1735962840000,98244.87000000,98244.87000000,98225.79000000,98225.79000000,3.64571000,1735962899999,358161.88978130,706,1.05844000,103985.10409950,0
1735962900000,98225.79000000,98230.26000000,98224.00000000,98230.25000000,2.29201000,1735962959999,225132.77728270,425,0.97375000,95645.92686000,0
1735962960000,98230.26000000,98230.26000000,98230.25000000,98230.26000000,1.00587000,1735963019999,98806.86625400,163,0.46865000,46035.61134900,0
1735963020000,98230.25000000,98230.26000000,98230.25000000,98230.25000000,0.75954000,1735963079999,74609.80623280,161,0.21478000,21097.89524280,0
1735963080000,98230.26000000,98230.26000000,98230.25000000,98230.26000000,2.46257000,1735963139999,241898.88184370,167,1.51012000,148339.48023120,0
1735963140000,98230.25000000,98230.26000000,98200.00000000,98200.00000000,2.92896000,1735963199999,287670.85210600,1025,0.13148000,12913.68407370,0
1735963200000,98200.01000000,98200.01000000,98030.00000000,98044.05000000,23.05703000,1735963259999,2261406.42714590,4949,7.66635000,751704.02492560,0
1735963260000,98044.06000000,98044.06000000,98001.17000000,98001.18000000,3.34800000,1735963319999,328207.50645150,1240,0.14108000,13830.35776170,0
1735963320000,98001.18000000,98020.63000000,98000.00000000,98012.26000000,11.63912000,1735963379999,1140667.08747840,1326,2.44867000,239986.91601510,0
1735963380000,98012.26000000,98012.27000000,98000.00000000,98000.01000000,1.93202000,1735963439999,189346.95794240,479,0.89646000,87855.97347880,0
1735963440000,98000.00000000,98000.01000000,97957.02000000,97957.03000000,7.51887000,1735963499999,736709.61439980,1317,0.91369000,89522.76694550,0
1735963500000,97957.02000000,97997.44000000,97957.02000000,97997.44000000,9.96986000,1735963559999,976787.24580280,1732,7.02560000,688337.85180110,0
1735963560000,97998.80000000,98016.57000000,97965.15000000,97965.15000000,5.84629000,1735963619999,572937.55747060,2174,1.12485000,110230.59513400,0
1735963620000,97965.15000000,97965.15000000,97941.38000000,97941.39000000,8.61148000,1735963679999,843526.03141900,1167,0.55665000,54525.53077530,0
1735963680000,97941.39000000,97944.98000000,97941.38000000,97944.97000000,4.71402000,1735963739999,461699.76297780,449,2.24240000,219625.36250970,0
1735963740000,97944.98000000,97971.45000000,97944.97000000,97953.72000000,3.88579000,1735963799999,380639.71787080,1333,3.15186000,308740.52377070,0
1735963800000,97953.72000000,97953.73000000,97953.72000000,97953.72000000,3.38721000,1735963859999,331789.82786120,257,0.79400000,77775.26162000,0
1735963860000,97953.72000000,97953.73000000,97949.95000000,97953.72000000,6.63287000,1735963919999,649699.29749950,587,2.17965000,213498.66626210,0
1735963920000,97953.73000000,97962.93000000,97949.11000000,97949.12000000,5.98055000,1735963979999,585833.99672010,758,2.59690000,254377.09572870,0
1735963980000,97949.11000000,97949.12000000,97918.27000000,97918.28000000,5.07625000,1735964039999,497119.24738650,1557,2.27327000,222610.48366530,0
1735964040000,97918.27000000,97933.46000000,97918.27000000,97933.46000000,4.06529000,1735964099999,398088.99353130,830,3.29219000,322379.65398440,0
1735964100000,97933.46000000,97954.32000000,97931.55000000,97954.32000000,4.19603000,1735964159999,410952.88496770,1470,3.55625000,348296.26455210,0
1735964160000,97954.32000000,97972.00000000,97954.32000000,97971.99000000,4.15297000,1735964219999,406864.46055110,543,2.14331000,209974.07975450,0
1735964220000,97971.99000000,97972.00000000,97948.15000000,97948.15000000,2.74070000,1735964279999,268483.25582110,879,0.79637000,78006.44573800,0
1735964280000,97948.16000000,97948.16000000,97948.15000000,97948.15000000,1.71587000,1735964339999,168066.30086090,174,0.87204000,85414.71344640,0
1735964340000,97948.16000000,97948.16000000,97947.00000000,97947.00000000,1.66228000,1735964399999,162816.68955040,307,0.78746000,77129.80000560,0
1735964400000,97947.01000000,97947.01000000,97944.14000000,97944.15000000,2.81218000,1735964459999,275440.71857280,283,1.54769000,151588.23030410,0
1735964460000,97944.15000000,97953.09000000,97944.15000000,97947.51000000,3.36467000,1735964519999,329554.61493690,700,2.98503000,292369.43361420,0
1735964520000,97947.52000000,97947.52000000,97947.51000000,97947.51000000,1.48027000,1735964579999,144988.76637970,135,0.57520000,56339.41350400,0
1735964580000,97947.51000000,97947.52000000,97947.51000000,97947.51000000,2.35594000,1735964639999,230758.46024850,179,0.35391000,34664.60680320,0
1735964640000,97947.51000000,97947.52000000,97931.99000000,97941.98000000,4.78716000,1735964699999,468864.91811170,945,1.27376000,124747.12719960,0
1735964700000,97941.98000000,97947.51000000,97900.00000000,97900.00000000,10.37211000,1735964759999,1015667.31623230,2085,2.36597000,231707.60401180,0
1735964760000,97900.00000000,97939.40000000,97900.00000000,97939.40000000,4.64054000,1735964819999,454376.57413390,1913,3.54153000,346770.16051940,0
1735964820000,97939.39000000,97947.52000000,97939.39000000,97947.51000000,1.57304000,1735964879999,154072.50904160,451,1.16054000,113669.94572400,0
1735964880000,97947.51000000,97959.41000000,97947.51000000,97948.95000000,3.87025000,1735964939999,379094.92051310,811,1.49741000,146671.15527360,0
1735964940000,97948.87000000,97948.87000000,97948.86000000,97948.87000000,1.02320000,1735964999999,100221.27716650,163,0.36145000,35403.61906150,0
1735965000000,97948.87000000,97948.87000000,97900.00000000,97903.23000000,5.01126000,1735965059999,490712.71119700,1695,1.51460000,148304.99123020,0
1735965060000,97903.22000000,97903.23000000,97900.00000000,97900.01000000,3.70337000,1735965119999,362567.48503080,372,1.24003000,121402.44693210,0
1735965120000,97900.00000000,97900.01000000,97862.87000000,97875.70000000,13.75165000,1735965179999,1346052.89428350,1752,1.61068000,157636.69794360,0
1735965180000,97875.70000000,97895.00000000,97875.70000000,97887.56000000,4.88897000,1735965239999,478561.63693720,607,3.58674000,351085.74038310,0
1735965240000,97887.55000000,97928.41000000,97887.55000000,97928.41000000,6.36984000,1735965299999,623582.24788930,2296,5.91416000,578973.77943840,0
1735965300000,97928.41000000,97929.11000000,97928.40000000,97929.11000000,1.81988000,1735965359999,178218.66382420,245,0.57745000,56548.80781720,0
1735965360000,97929.11000000,97929.11000000,97923.68000000,97923.68000000,4.74656000,1735965419999,464824.34602410,549,0.83461000,81732.19704550,0
1735965420000,97923.69000000,97923.69000000,97923.68000000,97923.69000000,1.17816000,1735965479999,115369.77035830,190,0.75295000,73731.64238550,0
1735965480000,97923.69000000,97935.23000000,97923.68000000,97935.22000000,2.29926000,1735965539999,225165.66546210,309,1.64060000,160662.93647150,0
1735965540000,97935.23000000,97971.99000000,97935.22000000,97971.99000000,7.06278000,1735965599999,691836.96985270,721,6.13378000,600825.27600270,0
1735965600000,97971.99000000,97976.00000000,97971.98000000,97975.99000000,7.37744000,1735965659999,722788.89673250,650,5.07809000,497513.83462250,0
1735965660000,97976.00000000,98012.91000000,97975.99000000,97998.10000000,10.30315000,1735965719999,1009694.00276020,1087,6.76725000,663172.58259890,0
1735965720000,97998.10000000,98000.00000000,97980.00000000,97999.98000000,5.24749000,1735965779999,514193.85102570,1125,0.87905000,86143.28867100,0
1735965780000,97999.98000000,98000.00000000,97999.98000000,98000.00000000,3.58139000,1735965839999,350976.17565240,212,0.90860000,89042.79271660,0
1735965840000,97999.99000000,98000.00000000,97999.99000000,97999.99000000,3.37974000,1735965899999,331214.51382700,187,2.76244000,270719.12000000,0
1735965900000,98000.00000000,98000.00000000,97975.99000000,97975.99000000,2.90683000,1735965959999,284846.45994310,906,0.33611000,32933.12293810,0
1735965960000,97975.99000000,97976.00000000,97950.51000000,97950.52000000,2.33121000,1735966019999,228387.23130530,1239,0.76745000,75187.27269570,0
1735966020000,97950.52000000,97965.70000000,97950.51000000,97965.69000000,6.55268000,1735966079999,641849.84159920,463,6.37156000,624107.39926060,0
1735966080000,97965.69000000,97965.70000000,97958.91000000,97958.91000000,1.00442000,1735966139999,98394.87068400,338,0.35981000,35247.56942660,0
1735966140000,97958.91000000,97958.92000000,97958.91000000,97958.92000000,0.83790000,1735966199999,82079.77496170,141,0.42727000,41854.90774840,0
1735966200000,97958.91000000,97965.39000000,97954.60000000,97954.60000000,6.58870000,1735966259999,645407.70822910,565,5.24292000,513573.61540580,0
1735966260000,97954.60000000,97954.61000000,97954.60000000,97954.60000000,1.48166000,1735966319999,145135.42354890,161,1.09129000,106896.88634690,0
1735966320000,97954.60000000,97954.61000000,97954.60000000,97954.60000000,4.89830000,1735966379999,479811.06091900,205,4.37390000,428443.66867900,0
1735966380000,97954.61000000,97954.61000000,97932.01000000,97932.01000000,2.33126000,1735966439999,228338.50229830,803,0.72058000,70582.16380980,0
1735966440000,97932.01000000,97947.73000000,97932.01000000,97947.72000000,5.67156000,1735966499999,555450.27408000,810,4.71453000,461725.56724070,0
1735966500000,97947.72000000,97953.05000000,97947.72000000,97953.04000000,1.41780000,1735966559999,138876.65801990,430,0.84919000,83179.80983960,0
1735966560000,97953.05000000,97970.53000000,97953.04000000,97970.53000000,1.99295000,1735966619999,195230.19798340,833,1.63217000,159887.44075930,0
1735966620000,97970.53000000,97988.19000000,97969.70000000,97974.52000000,14.37800000,1735966679999,1408784.15131710,1804,9.97044000,976921.69336050,0
1735966680000,97974.51000000,97974.52000000,97974.51000000,97974.51000000,1.22045000,1735966739999,119572.99976600,107,0.90365000,88534.67499800,0
1735966740000,97974.51000000,98001.01000000,97974.51000000,98001.00000000,13.75305000,1735966799999,1347747.88790950,447,9.10270000,892009.14047290,0
1735966800000,98001.00000000,98001.01000000,98001.00000000,98001.00000000,2.39457000,1735966859999,234670.26757900,329,1.30090000,127489.51390900,0
1735966860000,98001.00000000,98005.07000000,98001.00000000,98005.07000000,2.72831000,1735966919999,267377.23681280,446,2.09331000,205146.59162100,0
1735966920000,98005.07000000,98044.06000000,98005.07000000,98025.65000000,7.07465000,1735966979999,693505.39315070,1719,4.96159000,486347.35555870,0
1735966980000,98025.66000000,98025.66000000,98025.65000000,98025.65000000,0.65478000,1735967039999,64185.23715280,155,0.20458000,20054.08952280,0
1735967040000,98025.65000000,98025.66000000,98003.74000000,98003.74000000,2.17016000,1735967099999,212713.47333370,787,0.44435000,43556.08243690,0
1735967100000,98003.74000000,98003.75000000,97988.76000000,97988.76000000,2.04765000,1735967159999,200655.66269810,613,0.31090000,30464.98528360,0
1735967160000,97988.77000000,98020.00000000,97988.76000000,98020.00000000,3.83438000,1735967219999,375767.19875800,1153,3.38448000,331676.78842610,0
1735967220000,98019.99000000,98020.00000000,98010.39000000,98012.29000000,5.88023000,1735967279999,576365.92730120,563,1.38791000,136038.01827320,0
1735967280000,98012.29000000,98031.99000000,98012.28000000,98031.99000000,3.62672000,1735967339999,355498.19285330,921,3.05869000,299819.83923160,0
1735967340000,98031.99000000,98055.56000000,98031.98000000,98033.48000000,7.17113000,1735967399999,703074.92516090,1586,5.33817000,523366.43374330,0
1735967400000,98033.47000000,98033.47000000,98016.00000000,98016.00000000,2.16570000,1735967459999,212292.35779180,950,0.45167000,44275.71836560,0
1735967460000,98016.00000000,98016.00000000,98010.66000000,98010.66000000,0.92449000,1735967519999,90610.15767270,251,0.20737000,20324.47263790,0
1735967520000,98010.66000000,98024.00000000,98010.66000000,98024.00000000,2.54834000,1735967579999,249772.10787940,364,2.20377000,215998.52180990,0
1735967580000,98024.00000000,98024.00000000,98023.99000000,98023.99000000,0.87686000,1735967639999,85953.32241160,109,0.65402000,64109.65648000,0
1735967640000,98023.99000000,98034.38000000,98023.99000000,98034.37000000,1.74670000,1735967699999,171219.95830560,585,1.39861000,137098.65820410,0
1735967700000,98034.38000000,98041.89000000,98034.38000000,98041.89000000,0.99280000,1735967759999,97334.07499470,504,0.57344000,56220.64129130,0
1735967760000,98041.89000000,98075.19000000,98041.88000000,98075.19000000,4.75372000,1735967819999,466145.76492040,972,4.26593000,418310.83497540,0
1735967820000,98075.18000000,98075.19000000,98075.18000000,98075.19000000,1.57928000,1735967879999,154888.18248190,123,1.22115000,119764.51826850,0
1735967880000,98075.18000000,98075.19000000,98075.18000000,98075.19000000,0.38094000,1735967939999,37360.76004600,115,0.09768000,9579.98455920,0
1735967940000,98075.18000000,98092.63000000,98075.18000000,98092.63000000,9.24155000,1735967999999,906463.13972250,1234,8.81341000,864465.93400860,0
1735968000000,98092.62000000,98099.99000000,98092.62000000,98099.98000000,3.12601000,1735968059999,306640.03198190,545,2.73354000,268141.50414170,0
1735968060000,98099.99000000,98111.44000000,98099.98000000,98111.44000000,4.23830000,1735968119999,415785.19599570,481,3.65313000,358379.75648060,0
1735968120000,98111.44000000,98154.08000000,98111.44000000,98154.07000000,12.80682000,1735968179999,1256833.00139830,2511,11.97074000,1174774.06446240,0
1735968180000,98154.08000000,98154.08000000,98117.12000000,98117.12000000,3.24840000,1735968239999,318803.09532710,1193,0.47211000,46337.60835290,0
1735968240000,98117.12000000,98128.58000000,98102.10000000,98128.57000000,5.65621000,1735968299999,554969.63038470,1205,3.32966000,326698.77854660,0
1735968300000,98128.57000000,98157.83000000,98128.57000000,98157.83000000,5.90256000,1735968359999,579314.94597680,1267,5.18631000,509020.89853500,0
1735968360000,98157.83000000,98164.75000000,98157.82000000,98164.75000000,2.80674000,1735968419999,275519.71635220,475,1.91768000,188246.99573550,0
1735968420000,98164.74000000,98164.75000000,98138.59000000,98138.60000000,2.42319000,1735968479999,237836.18799930,792,0.14752000,14477.64611220,0
1735968480000,98138.59000000,98143.45000000,98138.59000000,98143.45000000,3.38402000,1735968539999,332107.10495450,471,2.77427000,272265.18915080,0
1735968540000,98143.44000000,98143.45000000,98143.44000000,98143.44000000,2.48356000,1735968599999,243745.13484620,136,1.29998000,127584.52213100,0
1735968600000,98143.45000000,98143.45000000,98129.00000000,98129.00000000,2.85702000,1735968659999,280389.49282250,842,0.33524000,32900.09595330,0
1735968660000,98129.01000000,98160.93000000,98129.00000000,98159.34000000,6.87352000,1735968719999,674554.57488140,601,3.78524000,371495.23038910,0
1735968720000,98159.33000000,98180.00000000,98159.33000000,98180.00000000,5.35858000,1735968779999,526028.40871020,661,3.49742000,343336.55013800,0
1735968780000,98180.00000000,98180.00000000,98159.08000000,98159.08000000,2.45742000,1735968839999,241241.80428810,607,0.09330000,9158.66987010,0
1735968840000,98159.09000000,98159.09000000,98159.08000000,98159.08000000,3.09009000,1735968899999,303320.41247520,157,2.09580000,205721.82082200,0
1735968900000,98159.09000000,98180.00000000,98159.09000000,98173.98000000,3.08653000,1735968959999,302996.06594910,777,2.47178000,242641.02235020,0
1735968960000,98173.98000000,98173.98000000,98156.63000000,98156.96000000,2.79019000,1735969019999,273901.24102850,427,0.77690000,76266.63690700,0
1735969020000,98156.96000000,98156.97000000,98156.96000000,98156.96000000,2.29077000,1735969079999,224855.02279910,170,0.35399000,34746.58581030,0
1735969080000,98156.96000000,98156.97000000,98132.00000000,98132.00000000,4.12051000,1735969139999,404426.72991390,443,0.24390000,23940.26942060,0
1735969140000,98132.01000000,98132.01000000,98132.00000000,98132.00000000,1.37883000,1735969199999,135307.35254410,200,0.69841000,68536.37710410,0
1735969200000,98132.00000000,98186.70000000,98130.67000000,98186.69000000,15.01726000,1735969259999,1473938.59007030,1428,14.24068000,1397713.01589970,0
1735969260000,98186.69000000,98186.70000000,98186.69000000,98186.69000000,1.02107000,1735969319999,100255.48587760,139,0.23193000,22772.44133100,0
1735969320000,98186.69000000,98186.70000000,98186.69000000,98186.69000000,0.86756000,1735969379999,85182.84638840,153,0.16120000,15827.69604000,0
1735969380000,98186.69000000,98196.51000000,98186.69000000,98196.50000000,1.93129000,1735969439999,189628.53935880,468,1.73341000,170198.95090950,0
1735969440000,98196.50000000,98196.51000000,98186.50000000,98186.51000000,2.42633000,1735969499999,238247.62271910,298,0.19699000,19342.33200490,0
1735969500000,98186.51000000,98186.51000000,98171.22000000,98171.22000000,1.54402000,1735969559999,151598.82791590,476,0.03923000,3851.85678730,0
1735969560000,98170.23000000,98170.23000000,98167.25000000,98167.25000000,0.88710000,1735969619999,87084.90031590,258,0.32741000,32141.28073110,0
1735969620000,98167.26000000,98167.26000000,98167.25000000,98167.25000000,1.15595000,1735969679999,113476.44024310,155,0.76056000,74662.09126560,0
1735969680000,98167.25000000,98167.26000000,98167.25000000,98167.25000000,3.59701000,1735969739999,353108.58266620,220,0.27437000,26934.15112620,0
1735969740000,98167.26000000,98167.26000000,98167.25000000,98167.26000000,0.99049000,1735969799999,97233.68360460,132,0.41521000,40760.02802460,0
1735969800000,98167.25000000,98167.26000000,98164.00000000,98164.00000000,4.68005000,1735969859999,459427.17146100,350,2.58009000,253280.12129090,0
1735969860000,98164.00000000,98164.01000000,98156.95000000,98156.95000000,5.82636000,1735969919999,571920.61110960,521,0.65535000,64330.71067090,0
1735969920000,98156.96000000,98156.96000000,98063.34000000,98074.38000000,27.24711000,1735969979999,2673369.36213170,2487,3.43458000,336993.36023760,0
1735969980000,98074.38000000,98125.31000000,98074.38000000,98121.21000000,14.46949000,1735970039999,1419608.96970650,1420,9.45759000,927823.31299830,0
1735970040000,98121.22000000,98121.22000000,98102.00000000,98102.00000000,6.84659000,1735970099999,671783.43831570,770,5.01083000,491667.40681860,0
1735970100000,98102.01000000,98102.01000000,98091.96000000,98091.96000000,1.70776000,1735970159999,167521.21492210,602,0.27713000,27184.83181290,0
1735970160000,98091.97000000,98147.56000000,98091.96000000,98142.24000000,9.37781000,1735970219999,920224.65716790,1440,6.36281000,624319.68690200,0
1735970220000,98142.24000000,98142.25000000,98132.75000000,98132.75000000,2.39905000,1735970279999,235439.00292650,431,0.47469000,46585.35728840,0
1735970280000,98132.76000000,98132.76000000,98126.20000000,98132.75000000,4.10046000,1735970339999,402370.03972360,343,3.49650000,343102.70741470,0
1735970340000,98132.74000000,98132.75000000,98126.21000000,98126.21000000,0.71288000,1735970399999,69955.97420220,397,0.22840000,22413.21003080,0
1735970400000,98126.21000000,98130.21000000,98126.21000000,98130.20000000,1.56244000,1735970459999,153322.28701340,407,0.24900000,24434.22002730,0
1735970460000,98130.21000000,98130.21000000,98113.67000000,98113.68000000,2.38423000,1735970519999,233959.04268020,748,0.73454000,72079.24697060,0
1735970520000,98113.67000000,98113.68000000,98090.88000000,98090.88000000,3.52371000,1735970579999,345685.24249530,1003,0.33930000,33287.87478310,0
1735970580000,98090.88000000,98101.74000000,98084.00000000,98101.73000000,3.84671000,1735970639999,377320.87363110,1117,2.01986000,198125.76755350,0
1735970640000,98101.73000000,98101.74000000,98101.73000000,98101.73000000,5.70129000,1735970699999,559306.45143330,236,3.92016000,384574.51707840,0
1735970700000,98101.73000000,98101.74000000,98073.51000000,98073.52000000,3.70505000,1735970759999,363394.29837110,1158,1.17384000,115127.77750500,0
1735970760000,98073.51000000,98136.00000000,98073.51000000,98135.98000000,7.62046000,1735970819999,747547.65993710,2020,7.19292000,705603.53253410,0
1735970820000,98135.99000000,98136.42000000,98123.84000000,98123.84000000,3.21281000,1735970879999,315277.66268890,796,1.33310000,130816.55450890,0
1735970880000,98123.85000000,98123.85000000,98118.60000000,98122.96000000,1.26010000,1735970939999,123641.68842030,541,0.67520000,66250.19536230,0
1735970940000,98122.97000000,98122.97000000,98098.96000000,98098.96000000,6.69019000,1735970999999,656401.67631880,552,0.69750000,68437.80999970,0
1735971000000,98098.96000000,98127.93000000,98090.55000000,98127.93000000,9.04529000,1735971059999,887404.48755850,1554,7.18440000,704826.88878090,0
1735971060000,98127.93000000,98140.98000000,98101.74000000,98101.74000000,6.20347000,1735971119999,608747.82420370,1977,2.11464000,207510.05802950,0
1735971120000,98101.74000000,98101.75000000,98092.00000000,98092.01000000,2.53315000,1735971179999,248504.26373520,536,0.32844000,32220.23926780,0
1735971180000,98092.01000000,98092.01000000,98088.00000000,98088.01000000,1.08515000,1735971239999,106440.50804190,370,0.26570000,26062.00601700,0
1735971240000,98088.00000000,98088.01000000,98061.79000000,98063.32000000,4.68204000,1735971299999,459173.03369520,426,0.30687000,30092.70083340,0
1735971300000,98063.32000000,98063.33000000,98056.00000000,98056.01000000,1.18925000,1735971359999,116617.16029670,247,0.32835000,32196.86649030,0
1735971360000,98056.01000000,98067.47000000,98056.00000000,98067.47000000,2.66237000,1735971419999,261067.13970770,605,2.37376000,232765.68067930,0
1735971420000,98067.46000000,98067.47000000,98047.79000000,98047.80000000,4.97458000,1735971479999,487775.80993320,793,1.41783000,139016.16446500,0
1735971480000,98047.80000000,98055.56000000,98047.79000000,98055.55000000,2.97595000,1735971539999,291785.92416200,641,2.26832000,222404.35884190,0
1735971540000,98055.55000000,98061.03000000,98055.55000000,98061.02000000,0.92949000,1735971599999,91143.82032610,436,0.38405000,37659.10773610,0
1735971600000,98061.03000000,98061.03000000,98061.02000000,98061.02000000,3.32809000,1735971659999,326355.90172450,197,0.16727000,16402.66848810,0
1735971660000,98061.02000000,98061.03000000,98048.97000000,98048.98000000,1.98638000,1735971719999,194781.00953690,500,0.18002000,17651.53886150,0
1735971720000,98048.98000000,98060.42000000,98048.97000000,98054.50000000,2.93937000,1735971779999,288210.28284140,597,2.11927000,207795.32541940,0
1735971780000,98054.49000000,98066.65000000,98054.49000000,98066.64000000,4.01142000,1735971839999,393354.71064270,694,2.71273000,266008.81484710,0
1735971840000,98066.64000000,98066.65000000,98061.99000000,98061.99000000,1.01117000,1735971899999,99161.01346590,359,0.18570000,18210.79546200,0
1735971900000,98061.99000000,98090.91000000,98061.99000000,98090.91000000,7.61883000,1735971959999,747164.68056410,820,7.20418000,706497.37546550,0
1735971960000,98090.91000000,98090.91000000,98081.95000000,98081.95000000,7.80945000,1735972019999,766024.03835960,681,0.39699000,38938.88760940,0
1735972020000,98081.95000000,98081.96000000,98073.03000000,98073.04000000,1.50961000,1735972079999,148055.37595790,232,0.33441000,32796.65695320,0
1735972080000,98073.04000000,98073.04000000,98073.03000000,98073.04000000,1.12347000,1735972139999,110182.11498610,178,0.79720000,78183.82748800,0
1735972140000,98073.03000000,98073.04000000,98073.02000000,98073.02000000,1.14660000,1735972199999,112450.53308290,172,0.21773000,21353.44120350,0
1735972200000,98073.03000000,98073.03000000,98063.25000000,98063.25000000,5.38367000,1735972259999,527980.29621780,309,0.29028000,28468.47325380,0
1735972260000,98063.26000000,98063.26000000,98039.91000000,98055.55000000,6.61733000,1735972319999,648824.03393000,1045,0.51231000,50233.67448550,0
1735972320000,98055.55000000,98061.20000000,98055.55000000,98061.19000000,4.33309000,1735972379999,424884.31738110,367,4.01461000,393655.01420310,0
1735972380000,98061.19000000,98061.21000000,98061.19000000,98061.21000000,3.64675000,1735972439999,357604.67549680,807,3.05209000,299291.60825140,0
1735972440000,98061.21000000,98061.21000000,98048.54000000,98048.55000000,3.77684000,1735972499999,370354.50341960,646,0.31673000,31056.82691710,0
1735972500000,98048.55000000,98062.93000000,98048.54000000,98062.92000000,3.16851000,1735972559999,310694.50988920,848,1.56533000,153485.00574490,0
1735972560000,98062.92000000,98073.03000000,98062.92000000,98073.02000000,1.94836000,1735972619999,191072.27328690,477,1.09923000,107799.30862830,0
1735972620000,98073.02000000,98073.03000000,98073.02000000,98073.02000000,1.13877000,1735972679999,111682.61766410,244,0.46787000,45885.42854610,0
1735972680000,98073.02000000,98073.03000000,98073.02000000,98073.03000000,1.31073000,1735972739999,128547.25679430,178,0.72897000,71492.29667910,0
1735972740000,98073.03000000,98073.04000000,98073.02000000,98073.04000000,5.77380000,1735972799999,566254.02748910,279,2.03669000,199744.36247150,0
1735972800000,98073.04000000,98093.56000000,98073.03000000,98091.83000000,7.84911000,1735972859999,769851.50685830,557,5.82287000,571123.98619960,0
1735972860000,98091.84000000,98091.84000000,98075.67000000,98075.68000000,1.08612000,1735972919999,106531.84353060,489,0.06844000,6712.96646240,0
1735972920000,98075.67000000,98075.68000000,98075.67000000,98075.68000000,0.99210000,1735972979999,97300.87784890,152,0.56419000,55333.31789920,0
1735972980000,98075.67000000,98075.68000000,98064.55000000,98064.56000000,2.16103000,1735973039999,211926.65914060,718,0.19382000,19007.42039680,0
1735973040000,98064.56000000,98064.56000000,98055.48000000,98055.49000000,2.55582000,1735973099999,250622.75211770,604,0.17833000,17487.19100110,0
1735973100000,98055.48000000,98055.49000000,98041.67000000,98041.68000000,1.71743000,1735973159999,168387.06529350,630,0.17233000,16896.27345090,0
1735973160000,98041.67000000,98041.68000000,98041.67000000,98041.68000000,0.86957000,1735973219999,85254.10057430,182,0.55924000,54828.82912320,0
1735973220000,98041.67000000,98041.68000000,98041.67000000,98041.67000000,0.59318000,1735973279999,58156.36004410,141,0.22335000,21897.60922800,0
1735973280000,98041.68000000,98057.01000000,98041.67000000,98057.01000000,4.60456000,1735973339999,451445.55801040,612,3.55114000,348166.16351260,0
1735973340000,98057.01000000,98072.36000000,98057.00000000,98072.35000000,3.83386000,1735973399999,375940.60867050,538,3.09552000,303541.20022050,0
1735973400000,98072.35000000,98072.36000000,98072.35000000,98072.36000000,0.95213000,1735973459999,93377.63017690,146,0.35714000,35025.56265040,0
1735973460000,98072.35000000,98100.00000000,98072.35000000,98094.76000000,7.13879000,1735973519999,700261.12051270,1561,4.74879000,465814.22784680,0
1735973520000,98094.77000000,98129.49000000,98094.76000000,98129.49000000,4.06589000,1735973579999,398913.34298660,1162,3.83908000,376663.72518220,0
1735973580000,98129.49000000,98147.56000000,98129.48000000,98147.55000000,2.77191000,1735973639999,272025.37931670,616,2.32303000,227971.26725460,0
1735973640000,98147.55000000,98170.00000000,98147.55000000,98169.99000000,4.48171000,1735973699999,439912.41630900,638,4.28913000,421010.02543940,0
1735973700000,98169.99000000,98209.70000000,98157.57000000,98157.57000000,10.38586000,1735973759999,1019769.34159710,2449,7.85785000,771548.10168230,0
1735973760000,98157.57000000,98157.58000000,98130.43000000,98130.43000000,6.61662000,1735973819999,649383.70499120,2902,0.68139000,66871.07621580,0
1735973820000,98130.44000000,98130.44000000,98127.53000000,98127.53000000,1.96855000,1735973879999,193170.93139530,464,0.41484000,40707.28599880,0
1735973880000,98127.53000000,98127.54000000,98127.53000000,98127.53000000,0.72076000,1735973939999,70726.40024410,135,0.17213000,16890.69346020,0
1735973940000,98127.53000000,98127.54000000,98127.53000000,98127.54000000,1.18841000,1735973999999,116615.74106060,221,0.31333000,30746.30210820,0
1735974000000,98127.53000000,98127.54000000,98127.53000000,98127.53000000,1.26258000,1735974059999,123893.86018070,213,0.33533000,32905.10798820,0
1735974060000,98127.53000000,98127.54000000,98127.53000000,98127.54000000,0.83722000,1735974119999,82154.33501290,202,0.43463000,42649.17271020,0
1735974120000,98127.53000000,98127.54000000,98102.82000000,98108.77000000,9.50465000,1735974179999,932483.70655550,1534,7.59988000,745592.21667410,0
1735974180000,98108.78000000,98130.33000000,98100.32000000,98100.81000000,16.21162000,1735974239999,1590663.06151650,1486,6.34119000,622172.77308620,0
1735974240000,98100.81000000,98100.82000000,98100.79000000,98100.79000000,1.16979000,1735974299999,114757.34555670,236,0.51360000,50384.57837760,0
1735974300000,98100.79000000,98134.20000000,98095.17000000,98134.20000000,8.09405000,1735974359999,794068.23887850,2489,7.21104000,707445.16670700,0
1735974360000,98134.19000000,98147.70000000,98127.28000000,98147.69000000,3.17657000,1735974419999,311738.40080600,868,1.69057000,165906.68969630,0
1735974420000,98147.70000000,98147.70000000,98147.69000000,98147.70000000,1.05673000,1735974479999,103715.61338860,198,0.49349000,48434.90847300,0
1735974480000,98147.69000000,98160.24000000,98147.69000000,98160.23000000,2.17798000,1735974539999,213776.09430930,1061,1.64645000,161601.85861370,0
1735974540000,98160.23000000,98160.24000000,98148.93000000,98156.80000000,3.45840000,1735974599999,339454.70788750,735,1.84226000,180820.09668130,0
1735974600000,98156.80000000,98184.00000000,98156.80000000,98174.34000000,3.39089000,1735974659999,332893.97162010,1943,2.47639000,243106.07821750,0
1735974660000,98174.33000000,98193.30000000,98174.33000000,98193.29000000,2.50835000,1735974719999,246266.67729880,1154,1.94270000,190733.67971630,0
1735974720000,98193.29000000,98197.20000000,98185.92000000,98197.20000000,3.73179000,1735974779999,366416.67482140,814,2.84244000,279091.73094650,0
1735974780000,98197.20000000,98233.44000000,98197.20000000,98215.16000000,8.90480000,1735974839999,874594.86368910,1879,7.37190000,724030.08595040,0
1735974840000,98215.16000000,98228.84000000,98210.98000000,98228.83000000,2.77691000,1735974899999,272736.19101890,891,2.27590000,223530.05696420,0
1735974900000,98228.84000000,98250.07000000,98228.83000000,98250.07000000,5.23466000,1735974959999,514258.33388030,1887,4.32501000,424894.53527740,0
1735974960000,98250.06000000,98350.04000000,98240.17000000,98341.09000000,151.70172000,1735975019999,14913148.50766130,3164,85.46798000,8401116.84746810,0
1735975020000,98341.10000000,98341.10000000,98304.58000000,98304.58000000,5.34473000,1735975079999,525514.50273110,1104,0.87655000,86186.45520200,0
1735975080000,98304.58000000,98304.59000000,98252.24000000,98252.24000000,4.97392000,1735975139999,488849.74288370,1582,0.29982000,29466.16327680,0
1735975140000,98252.25000000,98252.25000000,98214.07000000,98230.26000000,6.93009000,1735975199999,680686.39337800,1385,4.86060000,477396.43024670,0
1735975200000,98230.27000000,98230.27000000,98192.45000000,98192.45000000,15.89111000,1735975259999,1560914.01620380,837,5.03553000,494640.22098240,0
1735975260000,98192.45000000,98192.46000000,98166.66000000,98166.66000000,2.14363000,1735975319999,210461.59659890,713,0.33663000,33049.08565750,0
1735975320000,98166.66000000,98174.50000000,98166.66000000,98174.49000000,3.27392000,1735975379999,321392.36341780,402,2.54183000,249524.45080090,0
1735975380000,98174.49000000,98174.50000000,98163.40000000,98163.40000000,5.14853000,1735975439999,505414.77232950,293,0.53533000,52550.94468660,0
1735975440000,98163.40000000,98163.41000000,98156.00000000,98156.00000000,3.93818000,1735975499999,386581.78785190,425,1.24727000,122435.31646270,0
1735975500000,98156.00000000,98156.01000000,98156.00000000,98156.00000000,0.79740000,1735975559999,78269.59576460,146,0.13646000,13394.36912460,0
1735975560000,98156.01000000,98171.54000000,98156.00000000,98171.54000000,4.80428000,1735975619999,471583.56107310,691,4.24069000,416260.05051010,0
1735975620000,98171.54000000,98210.32000000,98171.53000000,98210.31000000,3.43153000,1735975679999,336941.65302860,1206,2.94548000,289218.77549470,0
1735975680000,98210.31000000,98210.32000000,98210.31000000,98210.31000000,1.80894000,1735975739999,177656.56740250,155,0.92311000,90658.92849520,0
1735975740000,98210.31000000,98210.32000000,98193.71000000,98193.71000000,5.03091000,1735975799999,494040.49345360,770,0.42679000,41909.21649830,0
1735975800000,98193.71000000,98202.91000000,98192.54000000,98202.91000000,3.34939000,1735975859999,328897.27721480,713,2.66245000,261440.02530630,0
1735975860000,98202.91000000,98202.91000000,98193.91000000,98193.92000000,1.59484000,1735975919999,156609.86615930,419,0.39756000,39038.30065430,0
1735975920000,98193.91000000,98193.92000000,98193.91000000,98193.92000000,0.44754000,1735975979999,43945.70383310,125,0.13517000,13272.87216640,0
1735975980000,98193.92000000,98193.92000000,98173.59000000,98179.61000000,12.64508000,1735976039999,1241548.09029090,453,0.50933000,50009.19542820,0
1735976040000,98179.61000000,98179.62000000,98179.61000000,98179.62000000,1.70771000,1735976099999,167662.30678600,226,0.49929000,49020.10246980,0
1735976100000,98179.61000000,98179.62000000,98169.92000000,98169.92000000,10.83871000,1735976159999,1064085.66645260,360,0.35028000,34389.85893690,0
1735976160000,98169.93000000,98174.99000000,98169.92000000,98174.98000000,5.95698000,1735976219999,584804.77694400,578,4.56086000,447741.88726160,0
1735976220000,98174.98000000,98194.86000000,98174.98000000,98194.85000000,4.64764000,1735976279999,456305.75895680,946,3.73488000,366692.75298670,0
1735976280000,98194.85000000,98224.37000000,98194.85000000,98214.80000000,21.29512000,1735976339999,2091375.99426040,1658,17.34522000,1703468.37707460,0
1735976340000,98214.80000000,98218.13000000,98214.80000000,98218.12000000,9.54131000,1735976399999,937115.07055940,583,4.89384000,480660.24386130,0
1735976400000,98218.12000000,98218.13000000,98218.12000000,98218.13000000,1.65605000,1735976459999,162654.12823470,344,1.06087000,104196.66757310,0
1735976460000,98218.12000000,98244.83000000,98218.12000000,98244.83000000,13.56532000,1735976519999,1332570.23729240,765,13.21680000,1298336.36356300,0
1735976520000,98244.82000000,98250.63000000,98244.82000000,98250.63000000,6.33110000,1735976579999,622000.75531110,427,4.85653000,477131.74022570,0
1735976580000,98250.63000000,98250.63000000,98250.62000000,98250.62000000,3.65189000,1735976639999,358800.47577780,202,1.91060000,187717.65367800,0
1735976640000,98250.62000000,98291.04000000,98250.62000000,98291.03000000,8.30532000,1735976699999,816107.93639360,998,6.79709000,667896.94748290,0
1735976700000,98291.03000000,98323.28000000,98291.03000000,98322.22000000,7.28586000,1735976759999,716277.89084900,2473,6.49726000,638742.69824510,0
1735976760000,98322.21000000,98322.22000000,98305.24000000,98305.25000000,4.45038000,1735976819999,437526.16602140,648,0.40430000,39745.82153840,0
1735976820000,98305.24000000,98305.25000000,98279.51000000,98279.51000000,1.82367000,1735976879999,179259.66436250,1133,0.33484000,32913.53355970,0
1735976880000,98279.51000000,98279.51000000,98279.50000000,98279.51000000,1.80519000,1735976939999,177413.17601930,166,0.54143000,53211.47509930,0
1735976940000,98279.51000000,98285.17000000,98279.50000000,98285.17000000,11.85083000,1735976999999,1164697.75278560,552,10.68807000,1050420.35950320,0
1735977000000,98285.17000000,98285.17000000,98285.16000000,98285.16000000,1.72389000,1735977059999,169432.80698820,198,0.25158000,24726.58306860,0
1735977060000,98285.16000000,98285.17000000,98250.00000000,98250.01000000,3.27729000,1735977119999,322064.50010700,1371,0.13742000,13503.54045160,0
1735977120000,98250.00000000,98250.01000000,98225.00000000,98225.00000000,2.55910000,1735977179999,251406.55775900,817,0.79039000,77652.42040410,0
1735977180000,98225.00000000,98241.63000000,98225.00000000,98241.62000000,4.96503000,1735977239999,487716.06351340,797,4.15007000,407658.27024530,0
1735977240000,98241.63000000,98241.63000000,98241.62000000,98241.62000000,2.01486000,1735977299999,197943.11734720,211,0.68740000,67531.29646200,0
1735977300000,98241.62000000,98241.63000000,98223.51000000,98223.51000000,5.27425000,1735977359999,518105.22963270,881,2.35266000,231123.12993730,0
1735977360000,98223.52000000,98245.51000000,98223.51000000,98245.50000000,4.68562000,1735977419999,460263.87632290,564,4.20046000,412605.96960350,0
1735977420000,98245.50000000,98245.51000000,98245.50000000,98245.50000000,1.53094000,1735977479999,150407.97534380,164,0.95738000,94058.28636380,0
1735977480000,98245.50000000,98245.51000000,98245.50000000,98245.51000000,1.56852000,1735977539999,154100.04086920,187,0.92092000,90476.25506920,0
1735977540000,98245.50000000,98271.88000000,98245.50000000,98271.88000000,5.39610000,1735977599999,530169.11063940,839,4.47338000,439512.74531150,0
1735977600000,98271.87000000,98271.88000000,98255.74000000,98255.74000000,3.26484000,1735977659999,320827.35688930,641,0.56583000,55599.06878420,0
1735977660000,98255.74000000,98255.75000000,98255.74000000,98255.75000000,1.90849000,1735977719999,187520.10664150,266,0.94089000,92447.85261750,0
1735977720000,98255.74000000,98306.22000000,98255.74000000,98287.17000000,17.43730000,1735977779999,1713670.60156780,994,14.64321000,1439018.54683950,0
1735977780000,98287.18000000,98287.18000000,98273.34000000,98287.17000000,4.72606000,1735977839999,464470.46595460,683,3.20729000,315200.81075410,0
1735977840000,98287.18000000,98298.98000000,98277.28000000,98277.28000000,3.24070000,1735977899999,318525.93640640,614,1.98354000,194962.23204110,0
1735977900000,98277.29000000,98277.29000000,98252.98000000,98252.99000000,2.51040000,1735977959999,246683.68591420,1077,1.01315000,99551.50018890,0
1735977960000,98252.98000000,98252.99000000,98222.22000000,98222.23000000,2.76720000,1735978019999,271861.83544560,1153,1.00533000,98773.56769190,0
1735978020000,98222.23000000,98231.63000000,98213.84000000,98224.19000000,2.86648000,1735978079999,281553.97592990,659,1.60255000,157407.08606500,0
1735978080000,98224.19000000,98224.20000000,98218.12000000,98218.13000000,2.18612000,1735978139999,214719.97557730,770,1.27191000,124924.87242230,0
1735978140000,98218.13000000,98257.11000000,98218.12000000,98257.11000000,9.83388000,1735978199999,966000.74342040,1402,9.12580000,896442.35303000,0
1735978200000,98257.11000000,98257.11000000,98247.04000000,98247.04000000,2.46747000,1735978259999,242434.10806870,446,0.33772000,33182.59746400,0
1735978260000,98247.04000000,98247.05000000,98247.04000000,98247.05000000,2.08690000,1735978319999,205031.75918850,332,1.14125000,112124.44581250,0
1735978320000,98247.05000000,98247.05000000,98247.04000000,98247.04000000,0.87947000,1735978379999,86405.32704380,174,0.27750000,27263.55637500,0
1735978380000,98247.04000000,98247.05000000,98247.04000000,98247.04000000,1.88302000,1735978439999,185001.14468460,205,0.34238000,33637.82497900,0
1735978440000,98247.04000000,98249.00000000,98247.04000000,98248.99000000,3.29932000,1735978499999,324148.80026670,262,2.80657000,275737.36936470,0
1735978500000,98248.99000000,98249.00000000,98240.00000000,98240.00000000,3.95338000,1735978559999,388397.87446100,530,0.28696000,28193.07828550,0
1735978560000,98240.00000000,98240.01000000,98223.90000000,98224.00000000,2.99194000,1735978619999,293915.21438360,751,0.24957000,24514.82650360,0
1735978620000,98223.99000000,98250.00000000,98223.99000000,98249.99000000,8.81153000,1735978679999,865634.78742410,2176,7.32977000,720059.41957090,0
1735978680000,98250.00000000,98250.00000000,98214.39000000,98214.39000000,1.56120000,1735978739999,153363.56434890,850,0.48209000,47360.92844590,0
1735978740000,98214.39000000,98214.40000000,98201.90000000,98201.91000000,5.33377000,1735978799999,523794.84802070,621,2.33649000,229453.48452470,0
1735978800000,98201.91000000,98201.91000000,98197.93000000,98197.93000000,8.73941000,1735978859999,858220.60173000,538,1.68062000,165039.61648350,0
1735978860000,98197.93000000,98197.94000000,98189.32000000,98189.32000000,2.05473000,1735978919999,201765.35328250,536,0.35998000,35348.73531200,0
1735978920000,98189.33000000,98189.33000000,98160.00000000,98160.00000000,3.79249000,1735978979999,372336.96683560,1114,0.63809000,62645.80804170,0
1735978980000,98160.00000000,98160.01000000,98144.93000000,98144.93000000,3.42825000,1735979039999,336487.05069220,719,0.37890000,37188.36113010,0
1735979040000,98144.94000000,98144.94000000,98132.73000000,98140.01000000,9.40768000,1735979099999,923228.59004510,1290,5.85426000,574496.99216510,0
1735979100000,98140.01000000,98140.02000000,98135.73000000,98135.73000000,1.62854000,1735979159999,159824.27458360,384,0.14629000,14356.87737540,0
1735979160000,98135.73000000,98135.74000000,98112.55000000,98112.55000000,2.44859000,1735979219999,240251.43766640,991,0.19923000,19547.71300830,0
1735979220000,98112.55000000,98115.80000000,98112.55000000,98115.80000000,3.34641000,1735979279999,328331.89219460,536,1.43828000,141114.29218270,0
1735979280000,98115.80000000,98135.73000000,98115.79000000,98135.73000000,3.72032000,1735979339999,365037.53716280,818,3.02662000,296970.59309350,0
1735979340000,98135.73000000,98185.85000000,98135.72000000,98185.85000000,15.04240000,1735979399999,1476515.79167490,1133,14.50839000,1424099.24467790,0
1735979400000,98185.85000000,98185.86000000,98185.84000000,98185.85000000,3.87695000,1735979459999,380661.63236300,433,3.04351000,298829.62006650,0
1735979460000,98185.85000000,98215.34000000,98185.85000000,98208.16000000,3.46018000,1735979519999,339797.74943310,1653,2.46430000,241992.16389360,0
1735979520000,98208.16000000,98219.90000000,98208.16000000,98219.89000000,1.89887000,1735979579999,186489.11121290,601,1.65968000,162997.12914390,0
1735979580000,98219.90000000,98219.90000000,98219.89000000,98219.90000000,1.79210000,1735979639999,176019.87008810,215,0.52191000,51261.94800900,0
1735979640000,98219.90000000,98235.69000000,98219.89000000,98235.69000000,5.24279000,1735979699999,514973.34513720,700,4.46051000,438126.29852840,0
1735979700000,98235.68000000,98270.07000000,98235.68000000,98249.80000000,13.89494000,1735979759999,1365216.31372480,1665,11.77831000,1157233.16204550,0
1735979760000,98249.80000000,98249.80000000,98231.48000000,98231.48000000,1.73452000,1735979819999,170402.08005980,830,0.26208000,25747.04991020,0
1735979820000,98231.49000000,98231.49000000,98194.46000000,98194.46000000,3.95748000,1735979879999,388636.85529400,1288,0.14361000,14103.16190830,0
1735979880000,98194.47000000,98194.47000000,98186.57000000,98186.57000000,3.37337000,1735979939999,331226.08324270,591,2.24634000,220564.49376420,0
1735979940000,98186.58000000,98186.58000000,98152.73000000,98152.73000000,2.29921000,1735979999999,225706.40262300,1117,0.78825000,77372.53739540,0
1735980000000,98152.74000000,98164.16000000,98152.73000000,98164.16000000,5.16359000,1735980059999,506822.23438780,607,4.42466000,434294.14492670,0
1735980060000,98164.16000000,98165.06000000,98164.16000000,98165.06000000,1.87680000,1735980119999,184235.53066680,322,1.69418000,166308.68752180,0
1735980120000,98165.05000000,98165.06000000,98150.93000000,98150.93000000,2.56453000,1735980179999,251734.53974050,857,0.13069000,12827.95885590,0
1735980180000,98150.94000000,98150.94000000,98136.76000000,98136.77000000,3.21513000,1735980239999,315552.69835590,745,0.17549000,17222.74668470,0
1735980240000,98136.76000000,98136.77000000,98136.76000000,98136.76000000,0.89452000,1735980299999,87785.29870010,173,0.41449000,40676.70979730,0
1735980300000,98136.76000000,98136.77000000,98111.11000000,98111.12000000,2.29409000,1735980359999,225106.45574750,1193,0.25775000,25292.29419130,0
1735980360000,98111.12000000,98111.12000000,98111.11000000,98111.11000000,3.79272000,1735980419999,372107.99378660,333,2.46674000,242014.62414880,0
1735980420000,98111.11000000,98111.12000000,98091.71000000,98091.71000000,5.11977000,1735980479999,502239.76439500,907,0.79456000,77947.14886210,0
1735980480000,98091.71000000,98091.72000000,98090.90000000,98090.90000000,1.24085000,1735980539999,121716.64151300,376,0.15651000,15352.26089310,0
1735980540000,98090.91000000,98090.91000000,98080.02000000,98085.08000000,12.83028000,1735980599999,1258495.29299200,504,3.95608000,388038.12890820,0
1735980600000,98085.09000000,98085.10000000,98085.08000000,98085.09000000,3.15045000,1735980659999,309012.17369580,328,1.50165000,147289.47912660,0
1735980660000,98085.10000000,98085.10000000,98038.44000000,98041.62000000,16.51708000,1735980719999,1619639.93449850,1737,3.54887000,347952.27074800,0
1735980720000,98041.61000000,98042.68000000,98035.11000000,98035.11000000,3.86700000,1735980779999,379122.85189500,759,1.72088000,168718.49500690,0
1735980780000,98035.12000000,98035.12000000,98013.42000000,98013.42000000,5.65610000,1735980839999,554454.42953860,715,0.20847000,20435.94125290,0
1735980840000,98013.42000000,98013.43000000,97951.55000000,97958.00000000,33.17996000,1735980899999,3251058.14747420,2170,7.02134000,687841.95151890,0
1735980900000,97958.00000000,97958.01000000,97950.00000000,97958.00000000,7.63488000,1735980959999,747876.95378540,935,4.06054000,397744.61028230,0
1735980960000,97958.00000000,97959.20000000,97949.63000000,97949.64000000,5.07797000,1735981019999,497413.35386570,673,1.76090000,172490.93712580,0
1735981020000,97949.63000000,97949.64000000,97944.44000000,97944.44000000,2.38228000,1735981079999,233343.24866090,467,0.75538000,73989.19906320,0
1735981080000,97944.44000000,97944.45000000,97905.26000000,97906.07000000,5.54533000,1735981139999,543072.79603110,902,0.81291000,79613.40117190,0
1735981140000,97906.08000000,97906.08000000,97906.07000000,97906.07000000,2.52375000,1735981199999,247090.46216010,306,1.79976000,176207.44654080,0
1735981200000,97906.08000000,97906.08000000,97900.00000000,97900.00000000,11.89709000,1735981259999,1164766.47253200,834,2.65660000,260097.22584360,0
1735981260000,97900.00000000,97922.09000000,97900.00000000,97922.08000000,7.64023000,1735981319999,748024.35185010,911,6.69187000,655177.81065920,0
1735981320000,97922.09000000,97978.22000000,97922.09000000,97978.22000000,10.02317000,1735981379999,981835.02035380,1978,5.87700000,575648.61452400,0
1735981380000,97978.21000000,97980.00000000,97955.99000000,97955.99000000,6.71426000,1735981439999,657810.24292910,1023,2.41095000,236204.69015980,0
1735981440000,97956.00000000,97956.00000000,97941.84000000,97946.33000000,2.92047000,1735981499999,286048.08366840,821,1.70439000,166932.34960910,0
1735981500000,97946.33000000,97960.08000000,97946.33000000,97960.08000000,3.44909000,1735981559999,337833.54950210,721,3.12004000,305603.83046220,0
1735981560000,97960.07000000,97964.00000000,97949.66000000,97949.67000000,5.44143000,1735981619999,533035.94536710,625,1.08314000,106098.12477350,0
1735981620000,97949.67000000,97965.45000000,97949.67000000,97965.45000000,3.27328000,1735981679999,320643.66071260,740,2.42449000,237492.99083350,0
1735981680000,97965.45000000,97965.45000000,97833.34000000,97843.04000000,15.39435000,1735981739999,1506920.99864340,1918,1.88668000,184723.71825300,0
1735981740000,97843.03000000,97861.77000000,97843.03000000,97850.00000000,10.73032000,1735981799999,1049992.59083570,1469,6.92234000,677349.11813770,0
1735981800000,97850.00000000,97850.01000000,97850.00000000,97850.01000000,2.47355000,1735981859999,242036.88228340,300,1.47834000,144655.58378340,0
1735981860000,97850.00000000,97861.62000000,97850.00000000,97850.00000000,3.40233000,1735981919999,332940.21575240,690,1.00719000,98557.05184430,0
1735981920000,97850.01000000,97850.60000000,97850.00000000,97850.59000000,2.75839000,1735981979999,269908.76013270,352,1.34794000,131896.06322330,0
1735981980000,97850.60000000,97879.99000000,97850.59000000,97879.98000000,4.92870000,1735982039999,482342.49582010,835,2.62188000,256571.92047810,0
1735982040000,97879.98000000,97880.00000000,97850.00000000,97850.00000000,7.86979000,1735982099999,770169.77683070,1086,1.92559000,188447.33922170,0
1735982100000,97850.00000000,97850.01000000,97713.11000000,97799.22000000,62.55875000,1735982159999,6116881.45676730,5705,16.22087000,1585828.84328890,0
1735982160000,97799.21000000,97918.44000000,97799.21000000,97918.44000000,12.22374000,1735982219999,1196402.09342270,3505,10.21564000,999802.36521950,0
1735982220000,97918.43000000,97950.00000000,97842.55000000,97848.46000000,15.84601000,1735982279999,1551232.98970720,3105,4.05931000,397471.99617500,0
1735982280000,97848.45000000,97888.01000000,97845.83000000,97845.84000000,8.77435000,1735982339999,858671.98445510,2602,4.32840000,423559.48665840,0
1735982340000,97845.83000000,97871.46000000,97845.83000000,97853.75000000,5.37767000,1735982399999,526241.48406740,1347,3.56760000,349103.26092810,0
1735982400000,97853.74000000,97853.75000000,97767.93000000,97767.93000000,10.36603000,1735982459999,1013912.73626440,2783,0.34993000,34237.66347150,0
1735982460000,97767.93000000,97832.11000000,97767.93000000,97832.11000000,5.02114000,1735982519999,491046.12822910,1671,4.26514000,417114.31937720,0
1735982520000,97832.12000000,97871.46000000,97832.12000000,97871.45000000,5.39227000,1735982579999,527660.26923490,1217,4.24219000,415113.60198440,0
1735982580000,97871.45000000,97900.00000000,97871.45000000,97900.00000000,5.46365000,1735982639999,534796.33177110,906,4.50618000,441077.87899150,0
1735982640000,97899.99000000,97907.35000000,97899.99000000,97902.20000000,5.19616000,1735982699999,508721.91755450,476,2.36068000,231112.77119620,0
1735982700000,97902.19000000,97908.97000000,97894.16000000,97908.97000000,8.15515000,1735982759999,798414.43983370,1924,6.51966000,638299.80203900,0
1735982760000,97908.97000000,97912.00000000,97894.46000000,97894.47000000,2.26939000,1735982819999,222189.66638620,920,0.89804000,87925.46516200,0
1735982820000,97894.47000000,97894.47000000,97872.94000000,97872.95000000,3.09100000,1735982879999,302546.88023590,1204,1.86413000,182455.75777100,0
1735982880000,97872.95000000,97873.40000000,97865.20000000,97873.39000000,9.14121000,1735982939999,894625.09920740,1282,8.48024000,829936.25423610,0
1735982940000,97873.40000000,97873.40000000,97873.39000000,97873.39000000,3.82075000,1735982999999,373949.78308700,167,2.82445000,276438.52463000,0
1735983000000,97873.39000000,97873.40000000,97864.84000000,97864.84000000,3.63888000,1735983059999,356126.83995770,481,1.63349000,159863.32442000,0
1735983060000,97864.85000000,97899.07000000,97845.00000000,97878.56000000,44.81208000,1735983119999,4385708.56251350,1619,10.78819000,1055680.71436380,0
1735983120000,97878.55000000,97893.45000000,97878.55000000,97893.45000000,12.96654000,1735983179999,1269206.45467160,2625,12.47891000,1221475.91924500,0
1735983180000,97893.45000000,97898.69000000,97868.00000000,97868.01000000,6.55450000,1735983239999,641593.85328010,1835,2.70983000,265270.32953550,0
1735983240000,97868.00000000,97868.01000000,97848.83000000,97848.84000000,2.65962000,1735983299999,260265.17605140,789,1.20295000,117717.02970460,0
1735983300000,97848.84000000,97848.84000000,97833.33000000,97833.34000000,3.45448000,1735983359999,337980.91400650,926,1.10847000,108454.14379820,0
1735983360000,97833.34000000,97833.34000000,97833.32000000,97833.32000000,4.88014000,1735983419999,477440.36285430,883,3.35654000,328381.50395820,0
1735983420000,97833.33000000,97833.33000000,97803.07000000,97803.08000000,2.69814000,1735983479999,263935.76600460,1681,0.43265000,42323.49500740,0
1735983480000,97803.07000000,97803.07000000,97778.19000000,97778.20000000,7.96456000,1735983539999,778846.00033590,972,1.15569000,113018.97573700,0
1735983540000,97778.20000000,97778.20000000,97777.72000000,97777.73000000,3.14639000,1735983599999,307647.34747040,319,1.57218000,153724.37376920,0
1735983600000,97777.72000000,97833.34000000,97777.72000000,97808.01000000,11.75445000,1735983659999,1149566.47063360,2289,8.02417000,784678.63441830,0
1735983660000,97808.01000000,97808.01000000,97804.33000000,97804.34000000,1.94678000,1735983719999,190404.61911420,353,1.46169000,142960.44727020,0
1735983720000,97804.33000000,97804.34000000,97804.33000000,97804.33000000,1.66621000,1735983779999,162962.56537550,309,1.26862000,124076.54181080,0
1735983780000,97804.34000000,97804.34000000,97804.33000000,97804.34000000,1.69552000,1735983839999,165829.20948760,218,1.18860000,116250.23852400,0
1735983840000,97804.34000000,97804.34000000,97804.33000000,97804.33000000,1.30212000,1735983899999,127352.98190180,206,0.77222000,75526.46743480,0
1735983900000,97804.33000000,97804.34000000,97794.74000000,97794.75000000,1.62076000,1735983959999,158504.96241350,480,0.68276000,66770.74696130,0
1735983960000,97794.74000000,97794.75000000,97744.24000000,97751.88000000,23.54355000,1735984019999,2302058.12133720,1050,0.71823000,70232.10935860,0
1735984020000,97751.88000000,97751.89000000,97532.58000000,97643.88000000,188.30331000,1735984079999,18387912.36993060,7976,100.01514000,9764995.08779770,0
1735984080000,97643.89000000,97688.44000000,97643.88000000,97658.60000000,14.68223000,1735984139999,1433924.30734140,3084,8.04616000,785774.59670120,0
1735984140000,97658.60000000,97658.60000000,97630.38000000,97630.39000000,11.22971000,1735984199999,1096614.56447430,1420,6.74756000,658936.51950780,0
1735984200000,97630.39000000,97638.85000000,97630.00000000,97638.84000000,3.23641000,1735984259999,315981.99050040,943,2.23117000,217837.26755340,0
1735984260000,97638.85000000,97683.99000000,97638.84000000,97673.24000000,14.01525000,1735984319999,1368750.63157690,2261,9.29675000,907919.21392820,0
1735984320000,97673.25000000,97673.25000000,97673.24000000,97673.24000000,2.02296000,1735984379999,197589.06445310,319,0.68627000,67030.22127750,0
1735984380000,97673.25000000,97695.31000000,97673.24000000,97695.31000000,5.91741000,1735984439999,577988.85807880,1015,4.29779000,419794.44464840,0
1735984440000,97695.31000000,97726.71000000,97695.31000000,97726.71000000,7.24822000,1735984499999,708194.67890350,1889,3.99694000,390527.07225990,0
1735984500000,97726.70000000,97726.71000000,97707.52000000,97707.52000000,7.32209000,1735984559999,715517.39797380,938,1.90392000,186041.79460760,0
1735984560000,97707.52000000,97707.53000000,97700.00000000,97700.01000000,2.91860000,1735984619999,285163.43280870,465,0.44323000,43306.23755840,0
1735984620000,97700.01000000,97700.01000000,97678.62000000,97685.44000000,8.57796000,1735984679999,837941.66423270,1363,4.52166000,441674.46009520,0
1735984680000,97685.44000000,97685.45000000,97678.65000000,97678.66000000,2.99377000,1735984739999,292429.30069290,393,1.45302000,141929.09875050,0
1735984740000,97678.65000000,97690.37000000,97678.65000000,97690.37000000,5.40514000,1735984799999,527971.86873990,782,4.36748000,426613.69109990,0
1735984800000,97690.37000000,97690.37000000,97643.30000000,97650.19000000,5.81710000,1735984859999,568136.49344140,1445,0.57422000,56080.91402790,0
1735984860000,97650.19000000,97692.28000000,97650.19000000,97692.28000000,7.25226000,1735984919999,708267.22403950,1683,5.54475000,541506.20129940,0
1735984920000,97692.28000000,97751.88000000,97692.28000000,97731.38000000,6.31045000,1735984979999,616718.41305150,2524,3.90880000,381989.12394480,0
1735984980000,97731.38000000,97731.38000000,97675.80000000,97682.00000000,10.16492000,1735985039999,993030.31405400,1346,3.22313000,314840.93368890,0
1735985040000,97682.00000000,97682.01000000,97682.00000000,97682.01000000,4.14591000,1735985099999,404980.80524780,245,2.46278000,240569.30058780,0
1735985100000,97682.01000000,97682.01000000,97682.00000000,97682.00000000,1.80569000,1735985159999,176383.41794960,226,0.73696000,71987.73408960,0
1735985160000,97682.00000000,97682.01000000,97672.00000000,97672.01000000,5.49203000,1735985219999,536427.04634860,461,4.17702000,407981.28466320,0
1735985220000,97672.00000000,97672.01000000,97651.41000000,97668.17000000,8.75503000,1735985279999,855035.93582440,832,3.43050000,335026.92969450,0
1735985280000,97668.17000000,97668.18000000,97635.41000000,97642.24000000,8.70690000,1735985339999,850161.36419990,1201,3.77349000,368437.15625620,0
1735985340000,97642.25000000,97650.56000000,97642.24000000,97650.56000000,6.80694000,1735985399999,664647.41553360,597,5.73890000,560361.37431740,0
1735985400000,97650.55000000,97653.57000000,97642.00000000,97642.00000000,7.54018000,1735985459999,736298.83964160,772,3.18454000,310962.08726870,0
1735985460000,97642.00000000,97675.61000000,97633.28000000,97675.60000000,10.41916000,1735985519999,1017385.31518980,2253,5.82668000,568981.92219010,0
1735985520000,97675.60000000,97682.01000000,97667.03000000,97667.04000000,2.68450000,1735985579999,262209.66469310,902,1.00726000,98385.43143370,0
1735985580000,97667.04000000,97705.60000000,97667.03000000,97705.60000000,6.81325000,1735985639999,665608.99239060,1597,5.71446000,558254.80908140,0
1735985640000,97705.60000000,97708.94000000,97705.59000000,97708.93000000,3.24240000,1735985699999,316806.10227730,812,2.22580000,217476.58715400,0
1735985700000,97708.93000000,97742.38000000,97708.93000000,97742.38000000,5.98759000,1735985759999,585160.88030700,1518,5.49223000,536747.84308280,0
1735985760000,97742.38000000,97742.38000000,97693.43000000,97693.43000000,7.45311000,1735985819999,728297.81062260,1086,1.62028000,158313.42850190,0
1735985820000,97693.44000000,97693.50000000,97693.43000000,97693.50000000,4.58392000,1735985879999,447819.00309500,328,3.98710000,389513.59138400,0
1735985880000,97693.49000000,97693.50000000,97664.00000000,97664.01000000,10.44606000,1735985939999,1020422.13625060,1414,3.85868000,376936.30650460,0
1735985940000,97664.01000000,97664.01000000,97649.55000000,97649.55000000,6.40356000,1735985999999,625323.05676760,928,1.39813000,136528.07427460,0
1735986000000,97649.55000000,97649.56000000,97645.36000000,97645.37000000,3.16206000,1735986059999,308772.20046830,476,1.64757000,160884.27129550,0
1735986060000,97645.36000000,97650.00000000,97637.01000000,97637.01000000,9.18404000,1735986119999,896770.29824570,1381,2.55162000,249156.24272850,0
1735986120000,97637.02000000,97660.22000000,97637.01000000,97660.00000000,8.16879000,1735986179999,797639.90279530,838,6.44392000,629209.21974190,0
1735986180000,97660.01000000,97660.01000000,97600.00000000,97627.67000000,13.51806000,1735986239999,1319706.48480770,3139,6.32040000,616982.80175400,0
1735986240000,97627.68000000,97663.22000000,97627.68000000,97663.21000000,2.83948000,1735986299999,277246.70887870,1986,2.17901000,212755.33663050,0
1735986300000,97663.22000000,97676.00000000,97663.21000000,97676.00000000,4.06411000,1735986359999,396935.88969650,1062,3.33916000,326129.44328640,0
1735986360000,97676.00000000,97720.00000000,97676.00000000,97720.00000000,5.69128000,1735986419999,556015.39676960,1430,4.81371000,470281.02649020,0
1735986420000,97719.99000000,97762.33000000,97719.99000000,97756.62000000,9.19406000,1735986479999,898668.59275700,2004,7.50723000,733789.65561730,0
1735986480000,97756.62000000,97760.88000000,97736.16000000,97736.17000000,3.57970000,1735986539999,349914.22466920,822,0.88001000,86018.16971090,0
1735986540000,97736.17000000,97745.41000000,97736.16000000,97736.17000000,4.10915000,1735986599999,401618.79453630,955,3.23320000,316005.23510980,0
1735986600000,97736.17000000,97736.17000000,97736.16000000,97736.17000000,1.32789000,1735986659999,129782.87676730,263,0.72649000,71004.35014330,0
1735986660000,97736.17000000,97787.89000000,97736.16000000,97787.88000000,12.96792000,1735986719999,1267846.76207820,1543,3.21646000,314449.70835850,0
1735986720000,97787.88000000,97800.00000000,97780.96000000,97785.00000000,5.96572000,1735986779999,583380.29107980,1667,4.07836000,398816.59703530,0
1735986780000,97784.99000000,97817.22000000,97784.99000000,97805.88000000,5.00935000,1735986839999,489909.51100560,1727,3.49658000,341961.08099480,0
1735986840000,97805.89000000,97828.00000000,97805.01000000,97808.60000000,7.18965000,1735986899999,703281.78771110,1447,5.35179000,523499.73688680,0
1735986900000,97808.59000000,97822.08000000,97803.85000000,97803.85000000,3.20369000,1735986959999,313364.74982550,901,1.30003000,127159.79938500,0
1735986960000,97803.86000000,97803.86000000,97783.37000000,97783.37000000,9.22785000,1735987019999,902431.69933210,1290,1.14406000,111876.09298710,0
1735987020000,97783.38000000,97789.22000000,97783.37000000,97789.22000000,2.60263000,1735987079999,254498.24504460,574,2.28997000,223924.73080380,0
1735987080000,97789.22000000,97823.79000000,97789.21000000,97806.09000000,5.59944000,1735987139999,547678.31743070,2382,3.59167000,351278.43585310,0
1735987140000,97806.10000000,97806.10000000,97806.09000000,97806.09000000,1.94079000,1735987199999,189821.09126120,307,0.98501000,96339.98656100,0
1735987200000,97806.09000000,97806.10000000,97806.09000000,97806.09000000,1.83656000,1735987259999,179626.75953980,289,0.68894000,67382.53453400,0
1735987260000,97806.09000000,97806.11000000,97806.09000000,97806.11000000,4.55400000,1735987319999,445408.99702750,696,2.90167000,283801.05342570,0
1735987320000,97806.10000000,97847.36000000,97806.10000000,97832.01000000,5.26737000,1735987379999,515271.44839680,1951,3.49088000,341474.40497470,0
1735987380000,97832.01000000,97844.14000000,97832.00000000,97844.14000000,3.65087000,1735987439999,357173.06744320,530,2.88296000,282046.87798150,0
1735987440000,97844.14000000,97848.49000000,97824.65000000,97824.65000000,7.76885000,1735987499999,760073.87683340,1695,0.76079000,74429.96556440,0
1735987500000,97824.66000000,97837.21000000,97824.65000000,97828.52000000,6.18906000,1735987559999,605506.73585570,1277,3.68283000,360308.44888310,0
1735987560000,97828.52000000,97828.52000000,97820.49000000,97820.49000000,2.71061000,1735987619999,265164.57173770,693,0.51027000,49916.39815420,0
1735987620000,97820.49000000,97820.50000000,97820.49000000,97820.49000000,0.71151000,1735987679999,69600.25981800,171,0.29781000,29131.92310500,0
1735987680000,97820.50000000,97842.40000000,97820.49000000,97842.39000000,5.76209000,1735987739999,563726.51275600,1120,4.95713000,484969.42498540,0
1735987740000,97842.39000000,97848.49000000,97839.85000000,97848.49000000,5.65931000,1735987799999,553720.31920340,722,1.31951000,129103.95858670,0
1735987800000,97848.49000000,97859.60000000,97826.47000000,97826.47000000,11.63107000,1735987859999,1137977.37745280,1010,4.30623000,421337.61438890,0
1735987860000,97826.47000000,97826.48000000,97816.08000000,97816.09000000,3.29952000,1735987919999,322757.85086460,767,1.34878000,131933.20761500,0
1735987920000,97816.08000000,97824.70000000,97816.08000000,97821.39000000,3.02860000,1735987979999,296258.36137480,647,1.90910000,186745.69102460,0
1735987980000,97821.40000000,97828.32000000,97821.39000000,97828.32000000,2.29098000,1735988039999,224107.73692190,497,1.99497000,195151.62726800,0
1735988040000,97828.31000000,97828.47000000,97826.10000000,97826.10000000,2.98827000,1735988099999,292337.63808530,622,0.40870000,39982.46223710,0
1735988100000,97826.10000000,97826.11000000,97806.10000000,97806.10000000,2.77474000,1735988159999,271411.41434320,1072,0.47610000,46565.67152670,0
1735988160000,97806.10000000,97806.11000000,97806.10000000,97806.11000000,1.52924000,1735988219999,149569.01169980,154,1.13358000,110871.05017380,0
1735988220000,97806.10000000,97806.11000000,97789.31000000,97789.32000000,6.38678000,1735988279999,624628.06454240,1040,1.38593000,135543.36701720,0
1735988280000,97789.32000000,97789.32000000,97789.31000000,97789.31000000,1.88025000,1735988339999,183868.35952080,218,0.93933000,91856.44195560,0
1735988340000,97789.32000000,97789.32000000,97789.31000000,97789.32000000,1.38930000,1735988399999,135858.69290630,181,0.45233000,44233.04311560,0
1735988400000,97789.32000000,97789.32000000,97789.31000000,97789.32000000,2.14862000,1735988459999,210112.08084100,278,1.35888000,132883.95116160,0
1735988460000,97789.31000000,97789.32000000,97789.31000000,97789.31000000,2.30721000,1735988519999,225620.48629490,277,1.23698000,120963.43305360,0
1735988520000,97789.32000000,97789.32000000,97782.27000000,97782.28000000,1.56211000,1735988579999,152755.20854650,526,0.24274000,23737.25857200,0
1735988580000,97782.27000000,97782.28000000,97759.97000000,97771.50000000,3.98020000,1735988639999,389145.97108400,540,1.63121000,159473.31370190,0
1735988640000,97771.50000000,97771.51000000,97771.50000000,97771.50000000,2.75504000,1735988699999,269364.41288330,200,1.95233000,190882.25211830,0
1735988700000,97771.50000000,97771.51000000,97771.50000000,97771.51000000,0.78085000,1735988759999,76344.87936620,179,0.35912000,35111.70467120,0
1735988760000,97771.50000000,97777.77000000,97771.50000000,97771.50000000,6.17215000,1735988819999,603469.25102390,655,4.67547000,457128.90117710,0
1735988820000,97771.51000000,97771.51000000,97712.00000000,97712.01000000,6.87829000,1735988879999,672344.34693580,1639,0.61259000,59889.58186460,0
1735988880000,97712.00000000,97750.01000000,97711.54000000,97750.01000000,10.86350000,1735988939999,1061557.09516610,1359,6.16206000,602170.71228050,0
1735988940000,97750.00000000,97756.40000000,97711.54000000,97733.91000000,11.57047000,1735988999999,1130922.79706430,1331,3.58585000,350486.92022300,0
1735989000000,97733.91000000,97769.80000000,97733.90000000,97769.80000000,2.49909000,1735989059999,244276.71994730,1674,1.79055000,175023.40231300,0
1735989060000,97769.79000000,97772.51000000,97730.33000000,97730.33000000,6.60811000,1735989119999,645996.17225800,894,0.71781000,70171.46771920,0
1735989120000,97730.33000000,97730.34000000,97730.33000000,97730.33000000,0.94131000,1735989179999,91994.53901190,167,0.20796000,20324.00150640,0
1735989180000,97730.34000000,97745.51000000,97730.33000000,97745.51000000,3.21762000,1735989239999,314463.32406240,714,1.96682000,192221.35412700,0
1735989240000,97745.51000000,97771.75000000,97745.50000000,97771.74000000,1.85413000,1735989299999,181260.52520370,1059,1.36154000,133105.74399500,0
1735989300000,97771.74000000,97771.75000000,97751.04000000,97751.05000000,3.86334000,1735989359999,377706.63728290,739,0.48971000,47876.86409500,0
1735989360000,97751.04000000,97751.05000000,97729.99000000,97735.54000000,13.68343000,1735989419999,1337383.87858270,821,2.17679000,212744.97967880,0
1735989420000,97735.55000000,97768.00000000,97735.54000000,97767.99000000,2.89897000,1735989479999,283380.66663740,1058,2.17715000,212813.48447630,0
1735989480000,97768.00000000,97768.00000000,97767.99000000,97767.99000000,2.46537000,1735989539999,241034.29048920,205,2.09829000,205145.61672000,0
1735989540000,97767.99000000,97777.54000000,97767.99000000,97777.53000000,1.66962000,1735989599999,163241.41381730,492,1.36900000,133849.05304520,0
1735989600000,97777.54000000,97777.54000000,97760.88000000,97760.89000000,2.59848000,1735989659999,254067.94152800,503,0.44875000,43877.57676220,0
1735989660000,97760.88000000,97760.89000000,97757.02000000,97757.02000000,2.22302000,1735989719999,217316.37984240,429,1.47364000,144058.91883820,0
1735989720000,97757.02000000,97768.90000000,97757.02000000,97768.90000000,8.37891000,1735989779999,819129.66367220,716,7.85709000,768116.43342110,0
1735989780000,97768.89000000,97774.68000000,97768.89000000,97774.68000000,4.12707000,1735989839999,403522.35877310,373,3.76039000,367670.37871110,0
1735989840000,97774.68000000,97781.02000000,97774.67000000,97774.81000000,6.43407000,1735989899999,629114.89443170,394,3.04837000,298059.62243070,0
1735989900000,97774.82000000,97774.82000000,97723.98000000,97723.99000000,17.89492000,1735989959999,1749386.11071260,853,1.13741000,111177.75462350,0
1735989960000,97723.99000000,97723.99000000,97723.98000000,97723.99000000,1.27541000,1735990019999,124638.15054880,251,0.92170000,90072.20158300,0
1735990020000,97723.99000000,97723.99000000,97723.98000000,97723.99000000,2.24916000,1735990079999,219796.88699680,215,2.01400000,196816.11586000,0
1735990080000,97723.99000000,97758.89000000,97723.98000000,97758.88000000,4.20669000,1735990139999,411154.72618030,1020,3.70900000,362509.13647320,0
1735990140000,97758.89000000,97758.89000000,97758.88000000,97758.89000000,1.12932000,1735990199999,110401.06420260,183,0.58410000,57100.96764900,0
1735990200000,97758.89000000,97758.89000000,97758.88000000,97758.88000000,0.71634000,1735990259999,70028.59840990,183,0.23107000,22589.14671230,0
1735990260000,97758.88000000,97791.09000000,97758.88000000,97774.42000000,25.17499000,1735990319999,2461479.07277600,617,24.66554000,2411675.30927510,0
1735990320000,97774.42000000,97774.42000000,97774.41000000,97774.42000000,0.80050000,1735990379999,78268.41748640,153,0.22814000,22306.25617880,0
1735990380000,97774.41000000,97774.42000000,97774.41000000,97774.42000000,0.72848000,1735990439999,71226.70753570,143,0.53389000,52200.78509380,0
1735990440000,97774.42000000,97774.42000000,97774.41000000,97774.42000000,1.48889000,1735990499999,145575.35189680,251,1.05919000,103561.68791980,0
1735990500000,97774.42000000,97774.42000000,97774.41000000,97774.42000000,1.56707000,1735990559999,153219.35526490,186,1.05862000,103505.95650040,0
1735990560000,97774.42000000,97774.42000000,97774.41000000,97774.42000000,1.10746000,1735990619999,108281.25452210,211,0.64235000,62805.39868700,0
1735990620000,97774.42000000,97791.71000000,97774.41000000,97791.71000000,3.10741000,1735990679999,303841.28101790,898,2.35958000,230718.87779210,0
1735990680000,97791.71000000,97791.71000000,97791.70000000,97791.71000000,2.33080000,1735990739999,227932.90251730,163,0.81573000,79771.63159830,0
1735990740000,97791.71000000,97809.44000000,97791.70000000,97809.43000000,2.75068000,1735990799999,269005.73821490,1004,2.28230000,223199.05759500,0
1735990800000,97809.44000000,97820.38000000,97809.43000000,97820.38000000,1.98108000,1735990859999,193781.30481860,594,1.42510000,139397.23492870,0
1735990860000,97820.37000000,97820.38000000,97820.37000000,97820.37000000,2.65683000,1735990919999,259892.10067890,186,0.70518000,68980.97556840,0
1735990920000,97820.37000000,97830.00000000,97820.37000000,97830.00000000,1.85315000,1735990979999,181279.57347290,757,1.62301000,158766.88247480,0
1735990980000,97830.00000000,97849.10000000,97829.99000000,97839.76000000,6.79769000,1735991039999,665097.09067850,551,5.40882000,529207.61279030,0
1735991040000,97839.75000000,97839.76000000,97839.75000000,97839.75000000,1.40391000,1735991099999,137358.20576780,222,0.23453000,22946.35891280,0
1735991100000,97839.76000000,97867.80000000,97839.75000000,97841.63000000,12.22673000,1735991159999,1196398.62246290,1064,8.76082000,857245.14871530,0
1735991160000,97841.64000000,97841.64000000,97832.00000000,97832.01000000,3.41671000,1735991219999,334284.39446670,855,1.62626000,159111.05469960,0
1735991220000,97832.00000000,97832.01000000,97832.00000000,97832.01000000,1.16597000,1735991279999,114069.18456460,193,0.75246000,73614.67424460,0
1735991280000,97832.01000000,97832.01000000,97832.00000000,97832.00000000,0.95475000,1735991339999,93405.10469860,169,0.26986000,26400.94621860,0
1735991340000,97832.00000000,97832.01000000,97832.00000000,97832.01000000,1.41465000,1735991399999,138398.04507300,225,0.62730000,61370.01987300,0
1735991400000,97832.01000000,97844.35000000,97832.00000000,97844.34000000,4.47858000,1735991459999,438157.05649280,617,3.68055000,360083.50808830,0
1735991460000,97844.34000000,97897.86000000,97844.34000000,97879.47000000,8.67043000,1735991519999,848681.52833180,1991,6.20458000,607301.73887010,0
1735991520000,97879.48000000,97911.00000000,97852.46000000,97911.00000000,7.57081000,1735991579999,741047.55295680,2071,6.02392000,589648.27777300,0
1735991580000,97911.00000000,97913.26000000,97867.18000000,97908.07000000,11.14723000,1735991639999,1091282.07692540,3015,7.69167000,752981.86385530,0
1735991640000,97908.08000000,97923.07000000,97908.07000000,97917.01000000,5.40442000,1735991699999,529186.58358730,1310,3.50824000,343513.13804080,0
1735991700000,97917.00000000,97917.01000000,97884.00000000,97903.07000000,5.23087000,1735991759999,512070.23797320,1165,2.31242000,226361.81005170,0
1735991760000,97903.07000000,97912.87000000,97903.06000000,97903.78000000,6.40880000,1735991819999,627452.26540340,399,4.93790000,483445.71478460,0
1735991820000,97903.79000000,97903.79000000,97874.21000000,97874.21000000,5.94234000,1735991879999,581689.14709720,1619,1.64156000,160693.99807060,0
1735991880000,97874.21000000,97883.38000000,97868.17000000,97883.38000000,6.01652000,1735991939999,588832.47475840,1007,2.64135000,258508.22579050,0
1735991940000,97883.38000000,97903.01000000,97883.37000000,97889.39000000,5.36061000,1735991999999,524792.76702190,1211,3.27050000,320169.90961190,0
1735992000000,97889.40000000,97889.40000000,97883.25000000,97888.20000000,4.19262000,1735992059999,410393.36957020,698,2.95293000,289045.20891920,0
1735992060000,97888.21000000,97888.21000000,97864.78000000,97864.79000000,13.22071000,1735992119999,1294062.90684550,874,1.60535000,157127.40065800,0
1735992120000,97864.78000000,97882.76000000,97855.69000000,97882.76000000,4.49548000,1735992179999,439955.09623510,1530,3.16143000,309400.41063920,0
1735992180000,97882.76000000,97905.35000000,97882.75000000,97905.35000000,3.96466000,1735992239999,388138.14440890,916,1.80888000,177078.24827210,0
1735992240000,97905.35000000,97905.35000000,97905.34000000,97905.34000000,5.38769000,1735992299999,527483.66738540,262,4.61208000,451547.30662800,0
1735992300000,97905.34000000,97905.35000000,97905.34000000,97905.35000000,1.86241000,1735992359999,182339.89108100,207,0.68116000,66689.20820600,0
1735992360000,97905.34000000,97927.57000000,97868.89000000,97868.89000000,7.33536000,1735992419999,718154.17733600,1741,2.03938000,199668.81269150,0
1735992420000,97868.89000000,97868.90000000,97855.12000000,97855.12000000,6.27245000,1735992479999,613864.73747870,802,0.66156000,64745.59726370,0
1735992480000,97855.13000000,97855.13000000,97853.09000000,97853.10000000,3.81274000,1735992539999,373088.86697100,464,0.62612000,61267.78792520,0
1735992540000,97853.09000000,97853.10000000,97847.42000000,97847.42000000,2.91837000,1735992599999,285562.24120970,592,0.31309000,30636.00461980,0
1735992600000,97847.43000000,97847.43000000,97817.66000000,97817.67000000,4.66285000,1735992659999,456184.18607060,1171,0.35111000,34351.14058430,0
1735992660000,97817.67000000,97817.67000000,97806.60000000,97806.60000000,2.29743000,1735992719999,224714.01408730,685,0.42905000,41964.97032390,0
1735992720000,97806.61000000,97816.40000000,97804.00000000,97804.00000000,4.67501000,1735992779999,457262.64095830,595,2.89416000,283072.94216930,0
1735992780000,97804.01000000,97804.01000000,97804.00000000,97804.01000000,0.79023000,1735992839999,77287.65738110,165,0.24611000,24070.54490110,0
1735992840000,97804.01000000,97840.00000000,97804.00000000,97840.00000000,6.67001000,1735992899999,652475.86609050,1464,6.09951000,596667.57859070,0
1735992900000,97840.00000000,97840.26000000,97804.02000000,97804.03000000,6.82404000,1735992959999,667567.33404170,1166,1.54364000,150999.15541410,0
1735992960000,97804.02000000,97816.38000000,97804.02000000,97816.38000000,4.41510000,1735993019999,431815.99202500,744,2.18194000,213403.91188570,0
1735993020000,97816.38000000,97850.01000000,97800.00000000,97800.01000000,13.50996000,1735993079999,1321687.42178950,2291,7.13730000,698241.49212860,0
1735993080000,97800.01000000,97810.98000000,97800.01000000,97810.98000000,2.16129000,1735993139999,211394.96400380,501,0.92336000,90311.83911330,0
1735993140000,97810.98000000,97841.16000000,97810.97000000,97841.16000000,3.46476000,1735993199999,338941.56223440,1378,2.56546000,250967.23326850,0
1735993200000,97841.16000000,97880.00000000,97841.15000000,97880.00000000,7.41322000,1735993259999,725435.90686220,2264,6.99578000,684589.30603170,0
1735993260000,97880.00000000,97880.02000000,97879.99000000,97880.02000000,1.82210000,1735993319999,178347.17106930,229,1.03981000,101776.61922080,0
1735993320000,97880.01000000,97935.71000000,97880.01000000,97927.66000000,6.30515000,1735993379999,617359.38100340,3669,4.39352000,430154.91478550,0
1735993380000,97927.66000000,97935.78000000,97927.65000000,97935.78000000,4.50909000,1735993439999,441575.98034550,784,2.95893000,289771.92871810,0
1735993440000,97935.77000000,97950.00000000,97935.77000000,97949.99000000,7.65814000,1735993499999,750069.27834870,2008,4.98491000,488235.47470010,0
1735993500000,97950.00000000,97995.63000000,97943.68000000,97979.87000000,8.03909000,1735993559999,787540.35580980,2981,4.54084000,444869.72070070,0
1735993560000,97979.86000000,98000.00000000,97979.86000000,97999.99000000,2.96160000,1735993619999,290226.28286950,948,2.39881000,235073.53283480,0
1735993620000,98000.00000000,98016.97000000,97959.35000000,97959.35000000,27.74991000,1735993679999,2719276.72232420,4403,11.62595000,1139229.69251400,0
1735993680000,97959.35000000,97959.35000000,97929.86000000,97929.86000000,8.63897000,1735993739999,846140.82978290,1334,0.91153000,89276.22737080,0
1735993740000,97929.86000000,97929.87000000,97921.89000000,97921.89000000,8.49741000,1735993799999,832105.14536560,964,2.48438000,243276.36610190,0
1735993800000,97921.90000000,97935.18000000,97880.01000000,97880.01000000,10.57336000,1735993859999,1035190.79364650,2645,4.54143000,444658.57507070,0
1735993860000,97880.01000000,97905.99000000,97873.88000000,97905.99000000,9.41160000,1735993919999,921205.30027780,1754,5.85108000,572704.13125460,0
1735993920000,97905.98000000,97941.26000000,97905.98000000,97934.51000000,6.33117000,1735993979999,620019.04808610,2387,4.43530000,434343.00158530,0
1735993980000,97934.52000000,97935.75000000,97934.51000000,97935.75000000,1.67643000,1735994039999,164180.86283580,330,0.93129000,91205.60636860,0
1735994040000,97935.75000000,97935.75000000,97904.90000000,97917.09000000,4.61728000,1735994099999,452093.93629360,1493,1.63909000,160482.80075610,0
1735994100000,97917.09000000,97917.09000000,97876.93000000,97893.53000000,8.60576000,1735994159999,842403.03777630,1493,5.40178000,528723.75449090,0
1735994160000,97893.53000000,97898.08000000,97893.53000000,97898.08000000,2.16798000,1735994219999,212237.76039850,345,1.24799000,122173.27066220,0
1735994220000,97898.08000000,97969.69000000,97898.08000000,97969.69000000,7.89589000,1735994279999,773290.44439610,2362,7.38695000,723442.85542630,0
1735994280000,97969.69000000,97993.49000000,97969.69000000,97993.48000000,6.03382000,1735994339999,591215.78884620,594,5.59873000,548590.02060170,0
1735994340000,97993.49000000,97993.49000000,97920.40000000,97931.23000000,9.03803000,1735994399999,885398.09316730,1062,1.20544000,118107.16437810,0
1735994400000,97931.23000000,97931.24000000,97912.28000000,97914.69000000,3.54022000,1735994459999,346679.56425030,487,0.34929000,34204.59589060,0
1735994460000,97914.69000000,97927.64000000,97914.68000000,97927.49000000,6.34635000,1735994519999,621455.24413470,522,4.06669000,398214.15469290,0
1735994520000,97927.48000000,97927.49000000,97907.23000000,97907.24000000,4.45038000,1735994579999,435782.38347830,732,0.91659000,89752.80880970,0
1735994580000,97907.23000000,97907.24000000,97868.71000000,97868.77000000,7.38799000,1735994639999,723171.13669980,640,0.53674000,52536.86305420,0
1735994640000,97868.78000000,97868.78000000,97867.43000000,97867.43000000,1.26776000,1735994699999,124074.08772040,362,0.50893000,49808.35820540,0
1735994700000,97867.43000000,97867.44000000,97824.95000000,97824.95000000,9.47717000,1735994759999,927276.96075240,1301,0.54160000,52987.69033730,0
1735994760000,97824.95000000,97840.05000000,97818.44000000,97819.31000000,6.05739000,1735994819999,592586.34745660,1112,3.35515000,328231.96205850,0
1735994820000,97819.32000000,97819.32000000,97810.00000000,97810.01000000,2.89507000,1735994879999,283188.04832470,533,0.79876000,78133.98786160,0
1735994880000,97810.01000000,97810.01000000,97801.49000000,97805.67000000,5.03272000,1735994939999,492226.08113250,661,2.29806000,224759.31119950,0
1735994940000,97805.68000000,97857.90000000,97805.67000000,97857.89000000,8.42772000,1735994999999,824466.42719750,2494,7.54326000,737933.98196800,0
1735995000000,97857.90000000,97867.44000000,97857.89000000,97858.62000000,2.21818000,1735995059999,217078.81385960,993,0.74257000,72669.26936580,0
1735995060000,97858.62000000,97864.50000000,97858.61000000,97864.49000000,1.55470000,1735995119999,152146.89253640,649,0.81320000,79580.73454720,0
1735995120000,97864.49000000,97864.50000000,97864.49000000,97864.49000000,4.98960000,1735995179999,488304.66913440,309,0.98304000,96204.71808000,0
1735995180000,97864.49000000,97864.50000000,97860.00000000,97860.01000000,2.39935000,1735995239999,234808.39586940,469,0.38699000,37872.01064940,0
1735995240000,97860.01000000,97860.01000000,97860.00000000,97860.01000000,0.97928000,1735995299999,95832.34292850,205,0.21285000,20829.50312850,0
1735995300000,97860.01000000,97868.22000000,97860.00000000,97868.22000000,2.09236000,1735995359999,204767.75525350,573,1.79845000,176003.64535930,0
1735995360000,97868.22000000,97897.98000000,97868.21000000,97897.98000000,7.92959000,1735995419999,776233.44440910,1940,7.44550000,728846.40503150,0
1735995420000,97897.97000000,97897.98000000,97888.12000000,97888.12000000,1.89826000,1735995479999,185829.08070440,444,0.44343000,43409.82446940,0
1735995480000,97888.12000000,97888.13000000,97888.12000000,97888.13000000,3.31686000,1735995539999,324681.20479390,294,1.50907000,147720.04033910,0
1735995540000,97888.13000000,97888.13000000,97888.12000000,97888.12000000,1.65680000,1735995599999,162181.03967930,256,0.24633000,24112.78306290,0
1735995600000,97888.12000000,97900.28000000,97888.12000000,97888.13000000,5.17225000,1735995659999,506345.78798580,1191,2.53981000,248635.36188710,0
1735995660000,97888.13000000,97888.13000000,97888.12000000,97888.12000000,3.13468000,1735995719999,306847.95635500,333,2.43534000,238390.87851420,0
1735995720000,97888.13000000,97904.39000000,97888.12000000,97888.12000000,5.23789000,1735995779999,512765.32985080,1532,2.57276000,251856.14681350,0
1735995780000,97888.12000000,97888.13000000,97885.31000000,97885.32000000,2.28601000,1735995839999,223770.73126640,497,0.77313000,75679.66028890,0
1735995840000,97885.32000000,97889.41000000,97878.78000000,97889.41000000,3.53478000,1735995899999,345990.51786430,857,2.09488000,205049.64359130,0
1735995900000,97889.41000000,97900.00000000,97889.40000000,97899.99000000,2.63498000,1735995959999,257957.26536030,592,1.22077000,119510.53854450,0
1735995960000,97899.99000000,97899.99000000,97891.50000000,97897.38000000,3.50381000,1735996019999,342999.64647000,476,2.91191000,285056.44737310,0
1735996020000,97897.38000000,97908.00000000,97897.38000000,97907.99000000,1.26682000,1735996079999,124024.26148940,659,0.83208000,81461.31919680,0
1735996080000,97907.99000000,97931.99000000,97907.99000000,97931.99000000,4.57846000,1735996139999,448316.39562480,1085,3.80981000,373043.79459540,0
1735996140000,97932.00000000,97946.73000000,97931.99000000,97946.73000000,3.03138000,1735996199999,296877.10282770,1067,2.53018000,247792.55310340,0
1735996200000,97946.73000000,97963.24000000,97944.75000000,97944.76000000,4.59180000,1735996259999,449797.87118050,1398,1.37502000,134689.49292240,0
1735996260000,97944.75000000,97955.52000000,97944.39000000,97955.52000000,5.79168000,1735996319999,567272.77009200,613,4.00451000,392228.97659900,0
1735996320000,97955.52000000,97967.35000000,97916.54000000,97926.24000000,14.69304000,1735996379999,1439267.69134540,1518,4.59276000,449843.44327240,0
1735996380000,97926.24000000,97926.24000000,97860.00000000,97886.15000000,14.80524000,1735996439999,1449268.38698340,1970,5.83350000,571042.74957560,0
1735996440000,97886.16000000,97928.79000000,97886.15000000,97896.00000000,7.32261000,1735996499999,716895.45713660,2590,5.39292000,527964.32597960,0
1735996500000,97896.01000000,97928.48000000,97891.50000000,97891.51000000,19.06115000,1735996559999,1866269.07492070,2103,12.72763000,1246149.89166690,0
1735996560000,97891.51000000,97891.51000000,97810.41000000,97810.42000000,21.06061000,1735996619999,2060857.07954280,2645,1.33226000,130365.59838600,0
1735996620000,97810.41000000,97819.24000000,97770.74000000,97795.22000000,13.64004000,1735996679999,1333995.10670070,2541,3.48459000,340782.60341680,0
1735996680000,97795.23000000,97830.01000000,97795.22000000,97830.01000000,4.73369000,1735996739999,463022.73266230,1325,3.41668000,334187.94656960,0
1735996740000,97830.01000000,97831.09000000,97819.00000000,97831.08000000,3.73206000,1735996799999,365087.85841300,816,1.33031000,130135.92581430,0
1735996800000,97831.09000000,97844.00000000,97831.08000000,97844.00000000,4.47523000,1735996859999,437856.64064950,615,2.45786000,240470.18057140,0
1735996860000,97843.99000000,97844.00000000,97831.14000000,97831.94000000,2.69585000,1735996919999,263759.11581730,573,0.56521000,55297.20881490,0
1735996920000,97831.95000000,97831.95000000,97800.75000000,97800.75000000,7.94213000,1735996979999,776849.24033120,1351,2.84727000,278485.23015310,0
1735996980000,97800.75000000,97804.51000000,97800.75000000,97804.50000000,3.02578000,1735997039999,295924.72993400,381,1.43181000,140032.35019400,0
1735997040000,97804.50000000,97817.59000000,97800.75000000,97817.58000000,6.55331000,1735997099999,640950.35755400,675,3.87279000,378782.97629600,0
1735997100000,97817.58000000,97844.00000000,97817.58000000,97826.17000000,4.47286000,1735997159999,437609.57208500,884,2.26788000,221873.25069560,0
1735997160000,97826.18000000,97826.18000000,97818.56000000,97818.57000000,4.40204000,1735997219999,430610.05658530,407,2.95900000,289451.78713740,0
1735997220000,97818.57000000,97818.57000000,97811.00000000,97811.01000000,1.95986000,1735997279999,191705.47274900,700,0.68547000,67051.22190290,0
1735997280000,97811.00000000,97860.00000000,97811.00000000,97859.99000000,4.88858000,1735997339999,478293.06201680,1792,4.34509000,425111.00868950,0
1735997340000,97860.00000000,97860.00000000,97845.96000000,97849.51000000,1.50919000,1735997399999,147676.16965960,561,0.47129000,46114.27240790,0
1735997400000,97849.51000000,97864.35000000,97846.63000000,97846.64000000,5.38249000,1735997459999,526692.80532460,1116,2.56975000,251452.71507640,0
1735997460000,97846.64000000,97846.64000000,97846.63000000,97846.64000000,2.01375000,1735997519999,197038.65465690,273,0.34944000,34191.52988160,0
1735997520000,97846.63000000,97846.64000000,97800.75000000,97800.76000000,6.18792000,1735997579999,605400.49195640,1111,1.53873000,150553.36857670,0
1735997580000,97800.76000000,97815.32000000,97800.75000000,97815.31000000,3.00685000,1735997639999,294076.47937290,517,1.92204000,187980.14789640,0
1735997640000,97815.32000000,97815.32000000,97800.76000000,97800.76000000,3.31474000,1735997699999,324187.53045390,652,1.99393000,195009.66151610,0
1735997700000,97800.76000000,97800.77000000,97755.12000000,97755.12000000,10.33929000,1735997759999,1011104.42264600,2185,0.76591000,74902.17629110,0
1735997760000,97755.12000000,97769.72000000,97750.00000000,97751.98000000,4.85343000,1735997819999,474453.99262450,1585,3.12091000,305079.55930670,0
1735997820000,97751.97000000,97795.25000000,97751.97000000,97789.69000000,42.79563000,1735997879999,4184180.44850370,1572,35.47697000,3468531.45878030,0
1735997880000,97789.68000000,97812.79000000,97789.68000000,97793.75000000,6.35056000,1735997939999,621079.00592880,1177,2.70607000,264638.41721640,0
1735997940000,97793.74000000,97793.75000000,97789.68000000,97789.69000000,2.16645000,1735997999999,211862.59549670,358,0.58124000,56841.20182560,0
1735998000000,97789.68000000,97835.50000000,97773.75000000,97825.20000000,11.70330000,1735998059999,1144571.45925390,2953,7.50055000,733532.55370110,0
1735998060000,97825.20000000,97831.94000000,97763.97000000,97810.38000000,21.42306000,1735998119999,2095321.50506130,2308,4.24679000,415284.33316630,0
1735998120000,97810.38000000,97834.57000000,97810.38000000,97834.56000000,5.31696000,1735998179999,520070.63891130,1146,1.32493000,129606.05377280,0
1735998180000,97834.56000000,97872.93000000,97834.56000000,97872.92000000,6.34114000,1735998239999,620531.54452400,1251,1.58710000,155307.35769100,0
1735998240000,97872.93000000,97876.32000000,97859.24000000,97876.31000000,4.91740000,1735998299999,481254.25267410,772,3.46327000,338939.56628020,0
1735998300000,97876.32000000,97942.66000000,97876.32000000,97942.65000000,13.63151000,1735998359999,1334654.93968340,2129,11.81494000,1156776.29128290,0
1735998360000,97942.65000000,97954.03000000,97933.20000000,97935.51000000,5.41338000,1735998419999,530203.91159320,1416,2.20802000,216262.03861130,0
1735998420000,97935.52000000,97946.17000000,97935.51000000,97946.16000000,2.98153000,1735998479999,292011.87870630,512,2.16521000,212061.13074900,0
1735998480000,97946.16000000,97946.17000000,97946.15000000,97946.16000000,2.59169000,1735998539999,253846.07524260,325,1.17311000,114901.61992470,0
1735998540000,97946.15000000,97969.70000000,97946.15000000,97969.69000000,11.22853000,1735998599999,1099905.73589450,1206,10.54268000,1032722.52860140,0
1735998600000,97969.69000000,97969.70000000,97951.86000000,97951.86000000,5.58190000,1735998659999,546794.30154920,1125,1.08039000,105829.77386780,0
1735998660000,97951.87000000,97951.87000000,97951.63000000,97951.63000000,2.53981000,1735998719999,248778.69110470,372,0.92292000,90401.58035540,0
1735998720000,97951.64000000,97967.74000000,97949.54000000,97956.55000000,18.83008000,1735998779999,1844590.07255530,1593,9.25585000,906657.92808560,0
1735998780000,97956.55000000,98060.00000000,97956.55000000,98059.94000000,14.92466000,1735998839999,1462745.68931920,4199,14.15737000,1387550.76234010,0
1735998840000,98059.95000000,98059.95000000,98015.57000000,98019.32000000,13.37601000,1735998899999,1311327.66904390,3114,7.63775000,748735.22546790,0
1735998900000,98019.33000000,98068.46000000,98019.32000000,98068.46000000,10.96716000,1735998959999,1075341.68051990,2375,8.45751000,829267.09046240,0
1735998960000,98068.46000000,98068.46000000,98028.55000000,98037.70000000,13.91471000,1735999019999,1364319.78205080,1748,4.84500000,475076.02387800,0
1735999020000,98037.69000000,98038.11000000,97995.54000000,97995.55000000,15.85228000,1735999079999,1553964.71291140,1487,10.99691000,1078041.01550860,0
1735999080000,97995.55000000,97995.55000000,97972.01000000,97973.05000000,7.83276000,1735999139999,767499.34902180,1113,3.09057000,302829.77328700,0
1735999140000,97973.04000000,97973.05000000,97973.04000000,97973.05000000,1.68375000,1735999199999,164962.11934370,291,1.32437000,129752.56822850,0
1735999200000,97973.05000000,97980.00000000,97973.04000000,97979.99000000,4.73655000,1735999259999,464078.72329230,989,1.92492000,188597.25936310,0
1735999260000,97979.99000000,97980.00000000,97940.97000000,97940.99000000,7.03787000,1735999319999,689432.26798100,1532,1.64129000,160786.44097820,0
1735999320000,97940.99000000,97960.77000000,97923.61000000,97960.76000000,6.67164000,1735999379999,653377.97487190,2788,2.57429000,252121.91790640,0
1735999380000,97960.77000000,97960.77000000,97934.76000000,97934.77000000,3.87722000,1735999439999,379763.93793110,1348,0.52346000,51271.49677810,0
1735999440000,97934.77000000,97941.43000000,97934.76000000,97941.42000000,3.17674000,1735999499999,311126.25204150,690,1.35418000,132625.15975390,0
1735999500000,97941.42000000,97941.43000000,97936.85000000,97936.85000000,3.78232000,1735999559999,370437.16283100,679,1.70624000,167108.57444050,0
1735999560000,97936.86000000,97936.86000000,97927.06000000,97927.06000000,2.08240000,1735999619999,203936.63146890,634,0.47120000,46147.32781290,0
1735999620000,97927.07000000,97927.07000000,97895.00000000,97895.01000000,4.68195000,1735999679999,458393.60931790,1480,1.56493000,153215.39997040,0
1735999680000,97895.01000000,97909.85000000,97895.00000000,97909.85000000,4.60649000,1735999739999,450979.72380190,1134,4.04719000,396222.49929900,0
1735999740000,97909.84000000,97925.67000000,97909.84000000,97925.67000000,5.87555000,1735999799999,575302.86491900,1710,4.79315000,469323.21586990,0
1735999800000,97925.66000000,97925.67000000,97913.69000000,97913.70000000,6.15759000,1735999859999,602976.70431620,797,0.96792000,94783.68354260,0
1735999860000,97913.69000000,97916.12000000,97913.69000000,97916.11000000,4.29671000,1735999919999,420714.02199160,672,2.18233000,213682.97790340,0
1735999920000,97916.12000000,97916.12000000,97916.11000000,97916.12000000,3.17344000,1735999979999,310730.92069350,323,2.05751000,201463.39606120,0
1735999980000,97916.11000000,97916.12000000,97868.00000000,97868.00000000,5.65292000,1736000039999,553387.80819720,1889,0.52628000,51516.01655500,0
1736000040000,97868.01000000,97879.99000000,97858.14000000,97867.13000000,6.16739000,1736000099999,603595.72215400,1915,3.43528000,336197.05663710,0
1736000100000,97867.13000000,97878.54000000,97853.88000000,97853.89000000,9.61168000,1736000159999,940745.57860260,1246,5.19952000,508913.05114210,0
1736000160000,97853.89000000,97864.72000000,97853.88000000,97864.72000000,2.33348000,1736000219999,228353.26259940,622,1.45739000,142616.19996990,0
1736000220000,97864.72000000,97864.72000000,97850.34000000,97850.40000000,5.33655000,1736000279999,522190.42586200,961,3.21086000,314184.71451640,0
1736000280000,97850.40000000,97850.40000000,97828.38000000,97828.39000000,5.11273000,1736000339999,500233.58710240,1738,1.82634000,178697.06695310,0
1736000340000,97828.39000000,97855.84000000,97828.38000000,97855.83000000,10.52962000,1736000399999,1030243.27544400,1466,7.37026000,721121.68059630,0
1736000400000,97855.83000000,97913.32000000,97855.83000000,97913.32000000,7.20228000,1736000459999,705017.97177680,3310,5.58704000,546891.55535610,0
1736000460000,97913.32000000,97925.65000000,97913.31000000,97920.18000000,4.78885000,1736000519999,468942.70545640,1307,0.77719000,76102.08382900,0
1736000520000,97920.17000000,97920.18000000,97903.75000000,97904.31000000,3.64086000,1736000579999,356475.42661380,1122,1.45128000,142089.32521530,0
1736000580000,97904.32000000,97928.00000000,97904.31000000,97928.00000000,5.53651000,1736000639999,542113.09133350,1462,4.56820000,447304.66398680,0
1736000640000,97928.00000000,97960.00000000,97928.00000000,97959.98000000,5.58011000,1736000699999,546540.77681290,1984,3.96509000,388346.86953210,0
1736000700000,97959.99000000,98004.30000000,97959.98000000,98004.30000000,10.37084000,1736000759999,1016204.12696100,3127,6.18979000,606515.78231820,0
1736000760000,98004.29000000,98004.30000000,97945.15000000,97948.01000000,18.38004000,1736000819999,1800695.21540940,1632,3.32756000,326070.86164990,0
1736000820000,97948.01000000,98013.32000000,97948.00000000,98013.32000000,7.05363000,1736000879999,691113.65572210,1774,6.36691000,623819.68182310,0
1736000880000,98013.31000000,98013.32000000,98001.60000000,98001.61000000,2.10215000,1736000939999,206035.09667600,620,0.57963000,56811.30469440,0
1736000940000,98001.60000000,98001.61000000,98000.00000000,98000.00000000,3.28879000,1736000999999,322302.52831980,418,0.65167000,63863.93827670,0
1736001000000,98000.01000000,98000.01000000,98000.00000000,98000.01000000,4.81044000,1736001059999,471423.12217560,355,0.21756000,21320.88217560,0
1736001060000,98000.00000000,98000.01000000,97940.64000000,97950.01000000,12.02224000,1736001119999,1177843.69579230,2095,4.45544000,436391.64083830,0
1736001120000,97950.01000000,97985.99000000,97950.00000000,97985.98000000,1.52720000,1736001179999,149611.18085080,934,1.26731000,124151.85248500,0
1736001180000,97985.98000000,97997.78000000,97972.77000000,97972.77000000,9.34441000,1736001239999,915587.27211160,1444,6.35634000,622778.06939510,0
1736001240000,97972.78000000,97995.65000000,97972.77000000,97995.64000000,3.13968000,1736001299999,307625.99599430,816,1.23773000,121272.49933710,0
1736001300000,97995.64000000,98053.51000000,97995.64000000,98053.51000000,16.23677000,1736001359999,1591405.36684530,1605,15.88522000,1556944.15035530,0
1736001360000,98053.50000000,98080.15000000,98040.93000000,98080.14000000,12.68444000,1736001419999,1243768.97536350,1628,10.56147000,1035598.48098840,0
1736001420000,98080.15000000,98080.15000000,98050.02000000,98050.02000000,5.25481000,1736001479999,515287.49297180,1327,1.94191000,190413.84721680,0
1736001480000,98050.02000000,98054.07000000,98039.20000000,98054.06000000,3.66303000,1736001539999,359149.45887430,1078,2.11387000,207257.11643750,0
1736001540000,98054.06000000,98054.07000000,98031.11000000,98046.35000000,4.86790000,1736001599999,477271.50764950,1791,1.32793000,130185.90777260,0
1736001600000,98046.34000000,98046.47000000,98046.34000000,98046.46000000,2.60177000,1736001659999,255094.33598540,344,1.36235000,133573.60151100,0
1736001660000,98046.46000000,98064.05000000,98036.95000000,98064.05000000,4.42769000,1736001719999,434127.06913850,1700,0.95626000,93758.41404810,0
1736001720000,98064.05000000,98064.05000000,98050.00000000,98050.01000000,8.09044000,1736001779999,793361.03969790,732,0.69545000,68198.13292870,0
1736001780000,98050.01000000,98050.01000000,98036.36000000,98036.36000000,4.37008000,1736001839999,428473.97566430,616,0.57976000,56842.95312560,0
1736001840000,98036.36000000,98059.99000000,98036.36000000,98059.98000000,5.32466000,1736001899999,522038.03632390,882,3.82904000,375404.83457860,0
1736001900000,98059.99000000,98059.99000000,98050.17000000,98054.38000000,2.88874000,1736001959999,283250.65533200,678,0.74359000,72910.63346810,0
1736001960000,98054.38000000,98054.38000000,98054.37000000,98054.38000000,1.58803000,1736002019999,155713.28779920,287,0.66081000,64795.31484780,0
1736002020000,98054.38000000,98054.38000000,98033.88000000,98033.89000000,5.48330000,1736002079999,537612.40995520,993,1.03099000,101079.55051900,0
1736002080000,98033.88000000,98033.89000000,97999.89000000,97999.90000000,4.47846000,1736002139999,438939.22848840,1567,0.86686000,84956.63961660,0
1736002140000,97999.90000000,97999.91000000,97999.90000000,97999.91000000,1.81898000,1736002199999,178259.86513820,383,0.70362000,68954.69667420,0
1736002200000,97999.90000000,98032.31000000,97999.90000000,98008.14000000,4.84647000,1736002259999,475022.20328550,1477,2.42566000,237732.81152930,0
1736002260000,98008.14000000,98008.14000000,98002.00000000,98002.01000000,1.54742000,1736002319999,151651.60476920,485,0.64557000,63267.15759570,0
1736002320000,98002.00000000,98002.01000000,98002.00000000,98002.01000000,5.01403000,1736002379999,491384.97959410,382,1.15341000,113036.49835410,0
1736002380000,98002.00000000,98044.00000000,98002.00000000,98043.99000000,5.57416000,1736002439999,546338.28272130,1361,4.22221000,413821.52284010,0
1736002440000,98043.99000000,98049.62000000,98043.99000000,98049.61000000,2.23310000,1736002499999,218946.79964040,536,1.35854000,133200.22689380,0
1736002500000,98049.62000000,98057.54000000,98049.62000000,98050.55000000,7.47130000,1736002559999,732613.27992250,1089,0.71809000,70411.87765890,0
1736002560000,98050.54000000,98050.55000000,98050.54000000,98050.55000000,2.71208000,1736002619999,265920.91777910,711,0.92559000,90754.60857450,0
1736002620000,98050.54000000,98050.55000000,98030.30000000,98030.30000000,7.55551000,1736002679999,740760.69755630,914,0.38878000,38112.53645270,0
1736002680000,98030.30000000,98030.31000000,98030.30000000,98030.31000000,1.77491000,1736002739999,173994.96543590,344,0.56629000,55513.58424990,0
1736002740000,98030.30000000,98035.05000000,98030.30000000,98035.04000000,3.24465000,1736002799999,318079.59097410,431,2.75518000,270095.37359150,0
1736002800000,98035.05000000,98044.72000000,98035.05000000,98044.71000000,2.04030000,1736002859999,200034.44758170,758,1.24212000,121779.58879090,0
1736002860000,98044.71000000,98044.72000000,98040.73000000,98040.74000000,4.46887000,1736002919999,438144.96632440,687,0.27233000,26699.77548700,0
1736002920000,98040.73000000,98040.74000000,98000.00000000,98012.92000000,8.44694000,1736002979999,827903.60654280,2102,3.07999000,301848.25745620,0
1736002980000,98012.92000000,98012.93000000,98012.92000000,98012.92000000,2.36401000,1736003039999,231703.52706400,288,0.40548000,39742.28285640,0
1736003040000,98012.93000000,98012.93000000,98006.59000000,98006.59000000,6.20727000,1736003099999,608377.34991570,914,0.47775000,46823.92927800,0
1736003100000,98006.59000000,98006.60000000,97976.12000000,97976.12000000,10.07468000,1736003159999,987264.58706900,2261,0.75634000,74107.24476410,0
1736003160000,97976.12000000,97991.33000000,97976.12000000,97991.32000000,5.99592000,1736003219999,587462.14409820,1107,1.49541000,146517.51247700,0
1736003220000,97991.32000000,97991.33000000,97973.62000000,97973.63000000,6.22751000,1736003279999,610162.38903490,1424,0.66356000,65014.61001610,0
1736003280000,97973.63000000,97982.61000000,97973.62000000,97982.60000000,5.88650000,1736003339999,576759.73651590,861,1.84928000,181185.27271170,0
1736003340000,97982.60000000,97982.61000000,97956.52000000,97961.00000000,6.76365000,1736003399999,662664.07839390,1408,0.56795000,55641.67138720,0
1736003400000,97960.99000000,97961.00000000,97928.87000000,97928.88000000,7.54966000,1736003459999,739478.76069830,1605,1.16672000,114284.77991760,0
1736003460000,97928.87000000,97958.67000000,97925.60000000,97958.67000000,4.76727000,1736003519999,466865.24879040,1494,2.70888000,265293.01784450,0
1736003520000,97958.67000000,97968.64000000,97958.66000000,97968.64000000,2.27378000,1736003579999,222750.33557790,881,1.95194000,191221.40836310,0
1736003580000,97968.63000000,98019.99000000,97968.63000000,98019.98000000,7.40602000,1736003639999,725790.44130100,2920,5.66332000,554997.66414590,0
1736003640000,98019.98000000,98019.99000000,97997.81000000,97997.81000000,7.63144000,1736003699999,747941.57440720,962,0.43586000,42717.75310670,0
1736003700000,97997.81000000,98013.06000000,97997.81000000,98013.06000000,1.96790000,1736003759999,192862.28747450,737,1.03071000,101012.51552440,0
1736003760000,98013.06000000,98030.31000000,98013.05000000,98030.31000000,6.01526000,1736003819999,589599.33929770,1118,4.98892000,489002.82931520,0
1736003820000,98030.31000000,98030.31000000,98027.99000000,98028.00000000,1.84800000,1736003879999,181158.35279770,418,0.38554000,37793.89596990,0
1736003880000,98028.00000000,98136.24000000,98028.00000000,98107.56000000,18.80254000,1736003939999,1844421.66963650,5252,15.79960000,1549786.12556420,0
1736003940000,98107.56000000,98151.52000000,98107.56000000,98151.52000000,6.83098000,1736003999999,670279.16722790,2035,5.58231000,547756.92987500,0
1736004000000,98151.52000000,98152.02000000,98135.35000000,98135.67000000,3.90071000,1736004059999,382847.09111290,870,0.55405000,54379.01887270,0
1736004060000,98135.66000000,98140.98000000,98124.48000000,98140.97000000,5.17107000,1736004119999,507423.39928610,1320,2.74022000,268885.82173080,0
1736004120000,98140.98000000,98140.98000000,98140.69000000,98140.69000000,3.92545000,1736004179999,385246.78691180,437,2.54010000,249287.37218620,0
1736004180000,98140.70000000,98140.70000000,98124.56000000,98124.56000000,4.01626000,1736004239999,394130.66110900,801,0.71485000,70152.22131810,0
1736004240000,98124.56000000,98124.57000000,98104.75000000,98119.02000000,3.35254000,1736004299999,328934.18891710,914,1.39273000,136644.60280620,0
1736004300000,98119.03000000,98119.03000000,98006.68000000,98006.68000000,9.91284000,1736004359999,972062.25289940,3946,3.20302000,314087.16273570,0
1736004360000,98006.69000000,98006.69000000,97888.00000000,97890.28000000,12.51393000,1736004419999,1225447.75458060,5588,3.88518000,380391.18160420,0
1736004420000,97890.28000000,97890.28000000,97751.00000000,97756.00000000,29.79933000,1736004479999,2914145.47081970,5616,13.00394000,1271316.65311330,0
1736004480000,97755.99000000,97756.00000000,97625.60000000,97742.79000000,40.52157000,1736004539999,3958312.22253630,7101,15.54219000,1518228.47389430,0
1736004540000,97742.79000000,97832.07000000,97742.78000000,97832.06000000,25.72727000,1736004599999,2515635.87192700,3231,23.61860000,2309430.11165810,0
1736004600000,97832.07000000,97832.07000000,97602.16000000,97640.00000000,28.92911000,1736004659999,2826593.64986250,6758,5.17626000,505623.49177510,0
1736004660000,97640.00000000,97760.99000000,97640.00000000,97711.36000000,15.32716000,1736004719999,1497494.46904770,5254,5.35179000,522864.70207180,0
1736004720000,97711.37000000,97726.72000000,97634.31000000,97644.86000000,23.04459000,1736004779999,2250955.32271300,4847,9.22369000,900883.54885290,0
1736004780000,97644.87000000,97757.58000000,97644.86000000,97753.19000000,8.74249000,1736004839999,854186.97554940,3307,3.52777000,344657.45741930,0
1736004840000,97753.19000000,97791.51000000,97643.63000000,97643.63000000,8.03469000,1736004899999,785301.07444320,4200,2.13357000,208576.09694800,0
1736004900000,97643.63000000,97696.96000000,97582.00000000,97607.55000000,29.15652000,1736004959999,2846488.44854930,6116,16.68991000,1629485.35359660,0
1736004960000,97607.55000000,97662.71000000,97607.54000000,97651.52000000,12.84785000,1736005019999,1254415.96806900,4033,7.40040000,722503.73260320,0
1736005020000,97651.52000000,97651.53000000,97568.34000000,97568.35000000,19.99114000,1736005079999,1951005.51741320,4496,4.25337000,415078.60164690,0
1736005080000,97568.35000000,97660.00000000,97568.34000000,97659.99000000,13.69946000,1736005139999,1337271.36513430,4166,8.54511000,834097.60705670,0
1736005140000,97660.00000000,97705.72000000,97636.36000000,97636.37000000,11.23977000,1736005199999,1097874.55402730,4315,2.80245000,273740.60252280,0
1736005200000,97636.37000000,97661.43000000,97600.00000000,97600.00000000,66.21894000,1736005259999,6463167.43545200,3512,2.77532000,270928.46779070,0
1736005260000,97600.00000000,97672.82000000,97600.00000000,97649.18000000,10.86312000,1736005319999,1060590.48975610,2776,6.32741000,617760.56148310,0
1736005320000,97649.18000000,97649.19000000,97576.34000000,97590.49000000,13.61526000,1736005379999,1328775.42009730,3813,6.78676000,662310.20504650,0
1736005380000,97590.49000000,97660.19000000,97577.34000000,97653.90000000,14.57186000,1736005439999,1422555.76442310,3974,8.75184000,854380.73428240,0
1736005440000,97653.91000000,97653.91000000,97622.88000000,97637.63000000,7.12512000,1736005499999,695630.02231220,1756,1.93997000,189399.23865010,0
1736005500000,97637.63000000,97720.00000000,97637.62000000,97670.70000000,17.39951000,1736005559999,1699533.28252490,5110,9.73218000,950595.32307100,0
1736005560000,97670.71000000,97706.67000000,97670.70000000,97696.97000000,10.27803000,1736005619999,1004113.81330460,3532,5.62208000,549230.76735010,0
1736005620000,97696.97000000,97720.00000000,97690.22000000,97699.60000000,15.70936000,1736005679999,1534946.64553230,2343,6.10881000,596888.63648700,0
1736005680000,97699.61000000,97699.61000000,97590.83000000,97590.83000000,13.56654000,1736005739999,1324751.99858120,3993,2.62933000,256760.48053320,0
1736005740000,97590.83000000,97633.26000000,97583.84000000,97633.25000000,18.49316000,1736005799999,1804832.86435130,2108,4.74650000,463238.34666140,0
1736005800000,97633.25000000,97633.26000000,97514.79000000,97589.86000000,20.03280000,1736005859999,1954467.28736180,5375,6.35045000,619538.77273350,0
1736005860000,97589.86000000,97673.43000000,97589.86000000,97659.75000000,9.23993000,1736005919999,902289.32668050,3195,5.01555000,489720.60997920,0
1736005920000,97659.75000000,97673.93000000,97643.16000000,97673.93000000,4.95849000,1736005979999,484228.71962890,2173,2.18861000,213735.08665520,0
1736005980000,97673.95000000,97693.90000000,97666.66000000,97693.90000000,15.04791000,1736006039999,1470007.20150660,1854,4.36132000,426034.87132830,0
1736006040000,97693.89000000,97737.50000000,97692.00000000,97720.36000000,31.75666000,1736006099999,3103232.49135050,1664,29.68128000,2900419.47560720,0
1736006100000,97720.36000000,97733.78000000,97666.33000000,97666.34000000,6.72960000,1736006159999,657554.16286800,1684,2.27510000,222324.34222530,0
1736006160000,97666.34000000,97676.00000000,97628.00000000,97676.00000000,6.12546000,1736006219999,598122.54483050,2585,2.96565000,289556.36601890,0
1736006220000,97676.00000000,97722.48000000,97651.74000000,97669.78000000,10.79000000,1736006279999,1053993.44215260,2851,2.63957000,257830.32608510,0
1736006280000,97669.79000000,97688.00000000,97666.68000000,97666.68000000,4.49803000,1736006339999,439337.84808830,1497,1.89415000,185001.75708190,0
1736006340000,97666.69000000,97696.00000000,97657.94000000,97657.94000000,7.34222000,1736006399999,717164.72923650,1473,3.82337000,373456.11303130,0
1736006400000,97657.95000000,97723.03000000,97650.00000000,97723.02000000,13.30932000,1736006459999,1299987.10206020,2446,10.94027000,1068566.02882610,0
1736006460000,97723.03000000,97750.00000000,97723.02000000,97750.00000000,21.05622000,1736006519999,2058211.20458590,1565,20.37963000,1992083.38822680,0
1736006520000,97749.99000000,97778.47000000,97731.20000000,97731.20000000,21.03582000,1736006579999,2056334.25830740,2264,16.66797000,1629345.52302360,0
1736006580000,97731.21000000,97747.85000000,97705.05000000,97739.84000000,7.50152000,1736006639999,733124.99592550,2196,2.88297000,281730.54090260,0
1736006640000,97739.85000000,97774.64000000,97739.84000000,97774.63000000,3.93245000,1736006699999,384421.22871210,1654,2.80155000,273864.94530880,0
1736006700000,97774.63000000,97774.64000000,97729.24000000,97729.38000000,2.58673000,1736006759999,252873.04058050,1808,0.31169000,30471.30650540,0
1736006760000,97729.38000000,97729.38000000,97650.40000000,97666.61000000,7.85195000,1736006819999,766975.50724630,4016,4.28764000,418768.82067130,0
1736006820000,97666.61000000,97683.13000000,97623.99000000,97634.85000000,5.79230000,1736006879999,565626.09688040,2973,1.54971000,151332.85945640,0
1736006880000,97634.86000000,97679.22000000,97634.86000000,97662.56000000,7.48561000,1736006939999,730954.23341460,1702,5.80641000,566946.54119580,0
1736006940000,97662.56000000,97700.00000000,97648.54000000,97700.00000000,7.65221000,1736006999999,747465.75247740,1481,2.11064000,206189.07326520,0
1736007000000,97700.00000000,97727.28000000,97699.99000000,97715.84000000,5.66090000,1736007059999,553143.46756860,1757,3.21955000,314583.95405270,0
1736007060000,97715.84000000,97774.64000000,97715.83000000,97774.64000000,13.60739000,1736007119999,1329972.84650290,1549,12.15450000,1187976.70816710,0
1736007120000,97774.63000000,97800.00000000,97760.97000000,97787.88000000,8.48526000,1736007179999,829702.56797080,1757,3.03464000,296710.36355600,0
1736007180000,97787.88000000,97787.89000000,97787.88000000,97787.89000000,1.47108000,1736007239999,143853.80351400,202,0.90036000,88044.30464040,0
1736007240000,97787.89000000,97787.89000000,97780.28000000,97780.29000000,2.38230000,1736007299999,232956.10069820,595,0.45116000,44117.00586910,0
1736007300000,97780.29000000,97807.22000000,97780.29000000,97807.21000000,2.90997000,1736007359999,284586.52086170,1079,2.67930000,262027.51497920,0
1736007360000,97807.21000000,97818.19000000,97807.21000000,97818.19000000,3.22996000,1736007419999,315922.61346360,1009,2.58338000,252679.52932340,0
1736007420000,97818.19000000,97874.68000000,97816.04000000,97854.60000000,8.69965000,1736007479999,851159.32354820,3161,5.15513000,504361.26762880,0
1736007480000,97854.60000000,97854.61000000,97757.57000000,97761.76000000,8.45206000,1736007539999,826782.35506110,3479,0.41803000,40886.20776500,0
1736007540000,97761.76000000,97761.77000000,97755.34000000,97755.34000000,3.30588000,1736007599999,323168.20053260,451,0.22139000,21642.09245190,0
1736007600000,97755.34000000,97769.77000000,97715.11000000,97715.12000000,4.81291000,1736007659999,470434.82693840,2122,1.45004000,141732.10338640,0
1736007660000,97715.11000000,97767.71000000,97715.11000000,97767.70000000,3.89562000,1736007719999,380739.47711790,1466,2.79444000,273105.71012070,0
1736007720000,97767.71000000,97767.71000000,97739.24000000,97767.69000000,6.45747000,1736007779999,631265.05675740,1410,4.48419000,438355.59188590,0
1736007780000,97767.70000000,97827.49000000,97767.69000000,97823.99000000,3.59965000,1736007839999,352071.57284220,1577,2.36808000,231601.69125010,0
1736007840000,97823.99000000,97824.00000000,97778.56000000,97778.56000000,14.09960000,1736007899999,1378915.58246360,1429,0.26842000,26250.06164190,0
1736007900000,97778.57000000,97790.42000000,97778.56000000,97785.85000000,1.62292000,1736007959999,158695.60964070,535,1.13603000,111085.47013810,0
1736007960000,97785.85000000,97804.00000000,97708.31000000,97708.48000000,5.67758000,1736008019999,555018.27546510,3335,1.31866000,128935.53979940,0
1736008020000,97708.48000000,97752.00000000,97708.48000000,97743.92000000,3.58756000,1736008079999,350610.66997800,1053,3.17942000,310717.38993410,0
1736008080000,97743.92000000,97743.93000000,97703.40000000,97718.82000000,3.72697000,1736008139999,364205.25439530,1887,0.86529000,84550.14521720,0
1736008140000,97718.82000000,97718.82000000,97703.11000000,97703.12000000,1.44286000,1736008199999,140985.74409230,752,0.39707000,38798.96823980,0
1736008200000,97703.11000000,97703.11000000,97647.90000000,97684.88000000,6.14621000,1736008259999,600288.56894160,2627,1.11751000,109144.93304400,0
1736008260000,97684.87000000,97684.88000000,97657.96000000,97662.85000000,12.66248000,1736008319999,1236738.28415790,1392,8.89781000,869054.89879090,0
1736008320000,97662.85000000,97702.38000000,97662.85000000,97674.51000000,7.59989000,1736008379999,742355.76543700,2354,1.86046000,181732.86712060,0
1736008380000,97674.50000000,97681.50000000,97625.64000000,97634.09000000,7.67985000,1736008439999,749953.18248840,2007,1.38146000,134885.84622320,0
1736008440000,97634.10000000,97636.88000000,97550.00000000,97552.00000000,119.54478000,1736008499999,11664955.82663850,3546,16.74016000,1633538.39197120,0
1736008500000,97552.00000000,97606.07000000,97549.99000000,97593.11000000,99.52427000,1736008559999,9710876.92429900,5783,28.10865000,2742591.28376200,0
1736008560000,97593.12000000,97611.91000000,97579.63000000,97611.91000000,10.52511000,1736008619999,1027151.25954660,2689,7.09804000,692696.89573520,0
1736008620000,97611.91000000,97684.45000000,97611.90000000,97684.45000000,8.56478000,1736008679999,836268.22885470,2312,7.65266000,747217.02848120,0
1736008680000,97684.45000000,97687.80000000,97673.00000000,97673.01000000,5.86583000,1736008739999,572986.92617880,1381,1.76463000,172370.59111490,0
1736008740000,97673.01000000,97687.84000000,97673.00000000,97687.84000000,2.50611000,1736008799999,244783.26522080,480,1.56801000,153156.21431690,0
1736008800000,97687.83000000,97688.35000000,97676.86000000,97677.19000000,10.66243000,1736008859999,1041498.87421610,1438,8.47065000,827400.66019000,0
1736008860000,97677.19000000,97691.64000000,97677.18000000,97691.64000000,8.31040000,1736008919999,811800.43208970,1273,5.89706000,576054.57388390,0
1736008920000,97691.64000000,97691.64000000,97676.61000000,97676.61000000,2.82302000,1736008979999,275770.40062560,906,1.03499000,101107.43468740,0
1736008980000,97676.61000000,97676.62000000,97630.19000000,97636.70000000,7.30569000,1736009039999,713374.75066990,1917,1.68791000,164799.89276320,0
1736009040000,97636.71000000,97636.71000000,97628.40000000,97636.42000000,2.14566000,1736009099999,209489.82853350,657,0.59065000,57667.76906160,0
1736009100000,97636.41000000,97676.00000000,97636.41000000,97649.77000000,4.55926000,1736009159999,445232.07752410,2516,2.92314000,285449.82507600,0
1736009160000,97649.76000000,97649.77000000,97622.66000000,97645.24000000,8.65906000,1736009219999,845421.85734010,1200,2.28509000,223100.84251790,0
1736009220000,97645.24000000,97645.25000000,97645.24000000,97645.24000000,3.04134000,1736009279999,296972.37634670,262,0.21251000,20750.59207750,0
1736009280000,97645.24000000,97688.49000000,97636.36000000,97688.49000000,6.25816000,1736009339999,611157.09386960,2296,2.39263000,233679.75454990,0
1736009340000,97688.48000000,97688.49000000,97680.26000000,97680.26000000,5.03562000,1736009399999,491916.06346600,442,1.29318000,126328.71058500,0
1736009400000,97680.27000000,97707.77000000,97680.26000000,97707.76000000,5.53772000,1736009459999,541022.22343550,799,2.76506000,270134.26225690,0
1736009460000,97707.77000000,97708.90000000,97687.19000000,97687.19000000,4.97054000,1736009519999,485634.18108710,1027,0.46609000,45536.42451150,0
1736009520000,97687.20000000,97705.24000000,97687.19000000,97705.23000000,2.10925000,1736009579999,206059.95161580,1061,1.65884000,162057.17700900,0
1736009580000,97705.24000000,97724.83000000,97705.23000000,97724.83000000,4.06357000,1736009639999,397090.93791400,978,3.25037000,317624.29261790,0
1736009640000,97724.84000000,97726.71000000,97724.83000000,97726.71000000,1.72391000,1736009699999,168470.55921740,486,0.95549000,93375.78143320,0
1736009700000,97726.70000000,97729.14000000,97707.47000000,97707.48000000,4.95924000,1736009759999,484631.58495130,1273,0.45045000,44019.87892400,0
1736009760000,97707.47000000,97707.48000000,97700.77000000,97700.77000000,1.82190000,1736009819999,178008.11324190,471,0.77218000,75444.12142600,0
1736009820000,97700.77000000,97707.48000000,97700.77000000,97707.47000000,1.64168000,1736009879999,160402.77190480,380,1.02398000,100048.94373810,0
1736009880000,97707.47000000,97707.48000000,97704.59000000,97704.59000000,1.34394000,1736009939999,131311.67552810,360,0.25082000,24506.28119280,0
1736009940000,97704.60000000,97704.60000000,97704.59000000,97704.60000000,2.19559000,1736009999999,214519.22603180,237,0.52737000,51526.47490200,0
1736010000000,97704.60000000,97729.00000000,97704.59000000,97728.99000000,4.49109000,1736010059999,438830.58662480,1069,3.59045000,350823.58382200,0
1736010060000,97728.99000000,97729.00000000,97687.77000000,97687.78000000,5.54569000,1736010119999,541895.47527000,1814,0.32263000,31523.62341770,0
1736010120000,97687.78000000,97705.98000000,97687.77000000,97705.97000000,1.35798000,1736010179999,132663.06831800,837,0.77356000,75570.92503500,0
1736010180000,97705.97000000,97733.71000000,97705.97000000,97733.71000000,2.21639000,1736010239999,216599.31712780,1043,1.88239000,183958.74681990,0
1736010240000,97733.71000000,97761.49000000,97719.86000000,97721.69000000,6.88683000,1736010299999,673153.13750940,2579,3.58215000,350139.68607250,0
1736010300000,97721.68000000,97759.97000000,97721.68000000,97759.96000000,2.50974000,1736010359999,245312.96510810,1436,2.15867000,210998.34464580,0
1736010360000,97759.96000000,97801.27000000,97759.96000000,97793.31000000,8.52185000,1736010419999,833325.38449860,2117,4.38859000,429099.98067080,0
1736010420000,97793.31000000,97793.31000000,97764.04000000,97792.40000000,6.38930000,1736010479999,624697.06647350,1623,4.50634000,440575.44275240,0
1736010480000,97792.40000000,97798.08000000,97789.03000000,97798.08000000,1.82184000,1736010539999,178165.93469310,578,1.02215000,99961.46443020,0
1736010540000,97798.07000000,97798.08000000,97775.34000000,97775.34000000,4.42255000,1736010599999,432483.21876960,920,0.19333000,18907.11301030,0
1736010600000,97775.34000000,97775.34000000,97750.00000000,97771.18000000,4.74101000,1736010659999,463464.33475350,1234,3.23326000,316064.03497290,0
1736010660000,97771.17000000,97771.19000000,97768.35000000,97768.35000000,1.62841000,1736010719999,159209.80374450,403,0.29124000,28474.56967580,0
1736010720000,97768.35000000,97771.18000000,97768.35000000,97771.18000000,1.47775000,1736010779999,144478.26450620,299,0.34910000,34130.98083110,0
1736010780000,97771.17000000,97771.18000000,97755.63000000,97755.64000000,2.43089000,1736010839999,237648.27899400,634,0.17336000,16947.14329130,0
1736010840000,97755.64000000,97774.70000000,97755.63000000,97774.69000000,2.19605000,1736010899999,214706.51601520,871,1.00165000,97928.03450740,0
1736010900000,97774.69000000,97803.94000000,97774.69000000,97800.09000000,1.73332000,1736010959999,169511.78974850,966,0.84938000,83063.15144610,0
1736010960000,97800.09000000,97800.09000000,97779.87000000,97787.87000000,6.49252000,1736011019999,634940.36496180,1579,0.58848000,57545.11087910,0
1736011020000,97787.87000000,97797.47000000,97779.87000000,97797.47000000,1.15629000,1736011079999,113068.99606880,575,0.77534000,75817.32766960,0
1736011080000,97797.46000000,97797.47000000,97797.46000000,97797.47000000,1.20295000,1736011139999,117645.45719640,214,0.26894000,26301.65158180,0
1736011140000,97797.47000000,97815.63000000,97797.46000000,97815.63000000,1.44950000,1736011199999,141772.02379320,603,1.22011000,119335.21432630,0
1736011200000,97815.62000000,97815.63000000,97808.81000000,97815.62000000,3.61088000,1736011259999,353193.60984170,701,1.23087000,120394.72248390,0
1736011260000,97815.63000000,97815.63000000,97800.00000000,97800.00000000,2.31414000,1736011319999,226345.42090600,630,0.14240000,13927.47107240,0
1736011320000,97800.01000000,97800.01000000,97800.00000000,97800.01000000,3.92279000,1736011379999,383648.89368090,207,3.16809000,309839.23368090,0
1736011380000,97800.00000000,97800.01000000,97800.00000000,97800.00000000,1.08942000,1736011439999,106545.28058290,185,0.45829000,44820.76658290,0
1736011440000,97800.00000000,97826.81000000,97800.00000000,97826.80000000,8.92402000,1736011499999,872950.85119280,675,2.85722000,279462.96445200,0
1736011500000,97826.81000000,97826.81000000,97809.10000000,97809.10000000,3.17510000,1736011559999,310585.78026160,759,0.98092000,95948.23385940,0
1736011560000,97809.11000000,97809.11000000,97794.88000000,97794.88000000,6.17528000,1736011619999,603959.87972190,523,0.70122000,68582.80086920,0
1736011620000,97794.88000000,97811.31000000,97794.88000000,97811.31000000,2.11625000,1736011679999,206967.63204430,443,1.01164000,98938.87247910,0
1736011680000,97811.31000000,97811.31000000,97809.10000000,97809.11000000,1.74398000,1736011739999,170580.85210090,372,0.27336000,26737.68179360,0
1736011740000,97809.10000000,97809.11000000,97780.28000000,97780.29000000,3.83179000,1736011799999,374728.81912820,1130,0.52583000,51429.65875960,0
1736011800000,97780.28000000,97780.29000000,97752.02000000,97769.49000000,7.41409000,1736011859999,724827.17791440,1732,3.97602000,388692.42919620,0
1736011860000,97769.49000000,97819.57000000,97754.35000000,97819.56000000,8.21216000,1736011919999,803019.72401570,1839,6.83160000,668041.32165170,0
1736011920000,97819.57000000,97819.57000000,97819.56000000,97819.56000000,2.47638000,1736011979999,242238.40863170,152,0.66389000,64941.43432730,0
1736011980000,97819.56000000,97879.51000000,97819.56000000,97853.83000000,9.11916000,1736012039999,892334.72059220,2273,6.84869000,670129.95790760,0
1736012040000,97853.82000000,97890.94000000,97853.82000000,97890.94000000,5.09649000,1736012099999,498839.32693910,1232,4.77800000,467666.55200830,0
1736012100000,97890.94000000,97900.00000000,97886.60000000,97886.60000000,3.59680000,1736012159999,352101.51871520,989,1.82208000,178367.36210540,0
1736012160000,97886.61000000,97909.10000000,97886.60000000,97909.09000000,4.84287000,1736012219999,474110.12483680,899,4.49146000,439709.02117790,0
1736012220000,97909.10000000,97909.10000000,97909.09000000,97909.09000000,2.51216000,1736012279999,245963.32291040,137,2.33760000,228872.31216000,0
1736012280000,97909.10000000,97909.10000000,97873.49000000,97873.49000000,6.36380000,1736012339999,623039.67961970,1080,0.55482000,54320.59929520,0
1736012340000,97873.50000000,97874.04000000,97865.74000000,97874.03000000,1.42990000,1736012399999,139946.48357730,551,0.45499000,44530.14084540,0
1736012400000,97874.03000000,97874.04000000,97869.94000000,97869.95000000,1.54550000,1736012459999,151263.67577530,313,0.38216000,37403.28901470,0
1736012460000,97869.95000000,97869.95000000,97846.00000000,97846.01000000,3.02126000,1736012519999,295637.68099240,855,0.20257000,19821.00060890,0
1736012520000,97846.00000000,97864.72000000,97846.00000000,97864.71000000,3.61929000,1736012579999,354152.59337680,484,2.11348000,206806.30910610,0
1736012580000,97864.71000000,97877.01000000,97864.71000000,97877.01000000,4.45347000,1736012639999,435877.60224910,544,2.52107000,246740.47875570,0
1736012640000,97877.00000000,97877.01000000,97877.00000000,97877.01000000,3.64321000,1736012699999,356586.49709600,191,3.19260000,312482.14212600,0
1736012700000,97877.00000000,97918.19000000,97865.89000000,97918.19000000,4.23938000,1736012759999,414960.88596250,1450,2.27044000,222245.72540400,0
1736012760000,97918.18000000,97918.19000000,97913.69000000,97913.69000000,3.36522000,1736012819999,329515.70393740,419,1.81332000,177556.68890670,0
1736012820000,97913.69000000,97913.70000000,97913.69000000,97913.69000000,0.73860000,1736012879999,72319.05380440,170,0.23704000,23209.46344800,0
1736012880000,97913.70000000,97919.30000000,97913.69000000,97919.30000000,2.27786000,1736012939999,223035.06993240,424,0.51815000,50734.56326860,0
1736012940000,97919.30000000,97952.00000000,97919.29000000,97931.75000000,6.22970000,1736012999999,610143.43042830,1941,3.11230000,304812.07222650,0
1736013000000,97931.74000000,97931.75000000,97924.69000000,97924.70000000,1.61132000,1736013059999,157788.30402410,402,0.34649000,33929.93646230,0
1736013060000,97924.69000000,97924.70000000,97924.69000000,97924.70000000,0.66453000,1736013119999,65073.89743550,153,0.31898000,31236.02080600,0
1736013120000,97924.70000000,97934.49000000,97924.69000000,97929.58000000,1.93053000,1736013179999,189058.15686070,606,0.92149000,90240.36305450,0
1736013180000,97929.58000000,97955.21000000,97929.58000000,97955.21000000,4.89779000,1736013239999,479681.20627020,861,4.40227000,431150.90101280,0
1736013240000,97955.21000000,97955.21000000,97937.87000000,97937.87000000,3.51899000,1736013299999,344654.03138090,972,0.42104000,41236.59981990,0
1736013300000,97937.87000000,97956.29000000,97937.87000000,97956.28000000,6.73612000,1736013359999,659747.03941300,676,4.72637000,462915.04289270,0
1736013360000,97956.28000000,97999.26000000,97929.04000000,97999.21000000,14.45823000,1736013419999,1416234.75333880,2398,9.74257000,954296.86425040,0
1736013420000,97999.21000000,98049.99000000,97999.20000000,98037.25000000,11.51776000,1736013479999,1128950.50848170,2825,8.84638000,867069.85202660,0
1736013480000,98037.26000000,98037.26000000,98011.15000000,98011.15000000,8.22295000,1736013539999,806048.93999190,1452,4.72518000,463178.74357070,0
1736013540000,98011.15000000,98021.25000000,98011.14000000,98016.26000000,8.11593000,1736013599999,795463.41316150,378,7.35545000,720927.05025830,0
1736013600000,98016.26000000,98045.32000000,97993.11000000,97993.20000000,7.52703000,1736013659999,737789.38720330,2341,4.16471000,408225.67992420,0
1736013660000,97993.21000000,98001.37000000,97965.46000000,97965.47000000,4.65960000,1736013719999,456589.80104290,1617,0.42340000,41491.22990010,0
1736013720000,97965.46000000,97981.33000000,97965.46000000,97979.47000000,3.50713000,1736013779999,343623.39542470,564,1.86134000,182369.77028620,0
1736013780000,97979.47000000,97979.48000000,97968.85000000,97979.46000000,3.31758000,1736013839999,325051.99976380,768,0.89321000,87515.14932390,0
1736013840000,97979.46000000,98010.89000000,97975.45000000,98002.09000000,4.18954000,1736013899999,410538.50202560,1630,2.45810000,240867.59874930,0
1736013900000,98002.08000000,98002.08000000,97974.27000000,97974.27000000,2.66908000,1736013959999,261523.32463300,1011,0.31312000,30679.45091890,0
1736013960000,97974.28000000,97981.82000000,97962.67000000,97981.81000000,3.81832000,1736014019999,374084.24969630,925,1.75505000,171935.81444720,0
1736014020000,97981.82000000,98021.41000000,97975.85000000,98015.48000000,14.94914000,1736014079999,1464890.46094180,1310,12.33852000,1209033.70063030,0
1736014080000,98015.47000000,98040.98000000,98015.47000000,98040.98000000,1.64081000,1736014139999,160852.14559090,720,1.23871000,121432.35175580,0
1736014140000,98040.97000000,98040.98000000,98040.97000000,98040.97000000,1.90325000,1736014199999,186596.49133590,182,1.51834000,148859.54157320,0
1736014200000,98040.97000000,98040.98000000,98022.20000000,98031.79000000,5.55855000,1736014259999,544913.42656350,946,1.09367000,107205.81958410,0
1736014260000,98031.79000000,98031.80000000,98031.79000000,98031.79000000,2.00633000,1736014319999,196684.12177910,112,0.05484000,5376.06391200,0
1736014320000,98031.79000000,98084.16000000,98022.49000000,98084.15000000,7.88516000,1736014379999,773096.36597570,1618,6.01784000,590025.94594940,0
1736014380000,98084.16000000,98084.16000000,98065.12000000,98065.13000000,2.08558000,1736014439999,204545.07672780,749,0.43235000,42401.14180490,0
1736014440000,98065.13000000,98065.13000000,98065.12000000,98065.12000000,1.34349000,1736014499999,131749.51059980,167,0.25310000,24820.28440300,0
1736014500000,98065.13000000,98088.66000000,98065.12000000,98065.12000000,8.47094000,1736014559999,830854.95439290,1377,6.00533000,589026.55552750,0
1736014560000,98065.12000000,98072.12000000,98042.19000000,98072.11000000,6.13801000,1736014619999,601863.25021050,982,0.66455000,65168.35010640,0
1736014620000,98072.12000000,98114.03000000,98067.33000000,98111.99000000,8.03896000,1736014679999,788509.18495720,1596,6.68554000,655767.15819820,0
1736014680000,98111.99000000,98117.45000000,98111.99000000,98117.44000000,2.91190000,1736014739999,285700.94234740,370,2.06265000,202377.51997250,0
1736014740000,98117.44000000,98117.45000000,98092.00000000,98111.96000000,5.48456000,1736014799999,538034.43718850,1376,3.89050000,381638.32643820,0
1736014800000,98111.97000000,98111.97000000,98070.60000000,98070.61000000,2.79591000,1736014859999,274258.63935430,1715,0.36367000,35673.70970740,0
1736014860000,98070.60000000,98072.71000000,98066.74000000,98072.70000000,2.26688000,1736014919999,222309.23927140,645,1.85481000,181897.76213340,0
1736014920000,98072.70000000,98072.71000000,98056.19000000,98056.20000000,2.53826000,1736014979999,248920.65895380,1141,0.14308000,14031.21608590,0
1736014980000,98056.20000000,98111.31000000,98056.18000000,98107.09000000,12.82805000,1736015039999,1258173.02751310,1162,10.23270000,1003587.83311850,0
1736015040000,98107.09000000,98107.10000000,98086.30000000,98087.88000000,5.53605000,1736015099999,543047.19280580,797,0.85248000,83622.46802520,0
1736015100000,98087.89000000,98087.89000000,98087.88000000,98087.89000000,0.65115000,1736015159999,63869.92444740,140,0.13854000,13589.09628060,0
1736015160000,98087.88000000,98115.94000000,98087.88000000,98115.94000000,2.83222000,1736015219999,277838.05764950,869,2.57378000,252483.65415000,0
1736015220000,98115.93000000,98139.13000000,98115.93000000,98119.11000000,6.71899000,1736015279999,659301.15854510,996,4.02092000,394534.30014550,0
1736015280000,98119.11000000,98119.12000000,98096.75000000,98097.14000000,2.60968000,1736015339999,256042.37794380,880,0.10100000,9909.25888670,0
1736015340000,98097.13000000,98097.14000000,98057.27000000,98057.28000000,5.34437000,1736015399999,524176.74000700,912,0.32618000,31987.53871020,0
1736015400000,98057.27000000,98067.23000000,98009.52000000,98009.53000000,3.74659000,1736015459999,367347.77852450,1894,0.70413000,69046.31313980,0
1736015460000,98009.52000000,98015.16000000,97976.74000000,98015.16000000,5.85162000,1736015519999,573406.11007640,1643,2.87086000,281311.73659200,0
1736015520000,98015.16000000,98027.92000000,98015.15000000,98016.31000000,3.00229000,1736015579999,294297.42389060,909,1.26514000,124010.13623640,0
1736015580000,98016.31000000,98030.31000000,98016.31000000,98030.31000000,2.02808000,1736015639999,198795.37412910,568,1.49935000,146967.00187050,0
1736015640000,98030.31000000,98079.31000000,98030.30000000,98067.81000000,3.68762000,1736015699999,361599.67280950,1481,1.96481000,192644.82042600,0
1736015700000,98067.82000000,98098.39000000,98063.93000000,98098.38000000,2.58938000,1736015759999,253988.22849860,877,2.27323000,222980.93746690,0
1736015760000,98098.39000000,98098.39000000,98064.70000000,98064.70000000,2.69941000,1736015819999,264774.65866720,732,0.36539000,35833.23903060,0
1736015820000,98064.70000000,98085.51000000,98064.70000000,98085.51000000,2.88522000,1736015879999,282976.10806440,478,2.46784000,242038.31900240,0
1736015880000,98085.51000000,98085.51000000,98052.48000000,98052.48000000,2.89927000,1736015939999,284349.95918790,972,0.38288000,37552.38792940,0
1736015940000,98052.49000000,98064.30000000,98052.48000000,98064.30000000,1.15149000,1736015999999,112918.29452400,274,0.36163000,35462.09820600,0
1736016000000,98064.29000000,98079.19000000,98064.29000000,98079.18000000,1.54522000,1736016059999,151537.37492400,354,0.92298000,90514.55305760,0
1736016060000,98079.18000000,98079.19000000,98079.18000000,98079.19000000,1.64183000,1736016119999,161029.34360880,133,0.35094000,34419.91093860,0
1736016120000,98079.19000000,98079.19000000,98070.65000000,98070.66000000,2.58929000,1736016179999,253954.52541940,405,0.42574000,41755.85109770,0
1736016180000,98070.66000000,98070.66000000,98060.60000000,98060.60000000,1.59960000,1736016239999,156865.09628740,583,0.39584000,38817.62046380,0
1736016240000,98060.61000000,98060.61000000,98046.38000000,98046.40000000,1.07712000,1736016299999,105613.62493060,752,0.35344000,34655.32935620,0
1736016300000,98046.40000000,98064.01000000,98031.50000000,98031.51000000,9.38057000,1736016359999,919739.46767600,1696,7.63505000,748597.88456980,0
1736016360000,98031.51000000,98031.51000000,98002.01000000,98002.02000000,5.21181000,1736016419999,510809.18561480,1140,0.20911000,20495.79633260,0
1736016420000,98002.01000000,98002.02000000,97940.26000000,97940.27000000,4.59849000,1736016479999,450495.08909230,2139,0.22493000,22032.76353200,0
1736016480000,97940.26000000,97940.27000000,97909.85000000,97909.85000000,9.26044000,1736016539999,906774.38986170,1015,0.21172000,20732.20204460,0
1736016540000,97909.86000000,97922.44000000,97909.85000000,97921.34000000,3.06684000,1736016599999,300292.17192560,729,1.47632000,144550.75345040,0
1736016600000,97921.33000000,97956.57000000,97921.33000000,97956.22000000,5.47294000,1736016659999,536018.01070860,518,4.87265000,477216.24818210,0
1736016660000,97956.22000000,97956.22000000,97956.21000000,97956.22000000,1.10435000,1736016719999,108177.94885560,141,0.83421000,81716.05828620,0
1736016720000,97956.21000000,97956.22000000,97956.21000000,97956.21000000,1.10959000,1736016779999,108691.23908990,150,0.80360000,78717.61839200,0
1736016780000,97956.22000000,97956.22000000,97956.21000000,97956.21000000,0.82755000,1736016839999,81063.66579800,176,0.42125000,41264.05767500,0
1736016840000,97956.21000000,97962.50000000,97956.21000000,97962.49000000,1.19531000,1736016899999,117090.59289630,313,0.77984000,76391.23137360,0
1736016900000,97962.49000000,97962.50000000,97962.49000000,97962.49000000,2.48572000,1736016959999,243507.32424170,187,0.35989000,35255.72412500,0
1736016960000,97962.49000000,97962.50000000,97962.49000000,97962.50000000,2.67533000,1736017019999,262081.99071940,207,0.23477000,22998.65612500,0
1736017020000,97962.49000000,97962.50000000,97946.46000000,97946.47000000,5.19367000,1736017079999,508741.67957010,702,0.25623000,25097.85666070,0
1736017080000,97946.47000000,97946.47000000,97946.46000000,97946.47000000,0.83340000,1736017139999,81628.58220390,175,0.24399000,23897.95921530,0
1736017140000,97946.46000000,97961.56000000,97946.46000000,97961.56000000,3.58141000,1736017199999,350824.03961740,428,3.23043000,316444.25399370,0
1736017200000,97961.56000000,97985.04000000,97961.56000000,97985.04000000,4.31343000,1736017259999,422606.75354500,879,4.14558000,406161.73596400,0
1736017260000,97985.04000000,97985.04000000,97985.03000000,97985.03000000,1.68468000,1736017319999,165073.42752350,216,0.71831000,70383.63408240,0
1736017320000,97985.03000000,97985.04000000,97969.69000000,97969.70000000,3.24550000,1736017379999,317997.16525840,740,0.43919000,43027.40093950,0
1736017380000,97969.70000000,97969.70000000,97946.46000000,97946.61000000,4.79898000,1736017439999,470092.57126780,671,0.09678000,9481.28205760,0
1736017440000,97946.61000000,97951.25000000,97931.23000000,97951.24000000,4.87254000,1736017499999,477211.21462400,1123,2.84177000,278311.89949740,0
1736017500000,97951.25000000,97967.30000000,97951.24000000,97961.25000000,2.18045000,1736017559999,213602.58096130,545,0.80051000,78415.68845590,0
1736017560000,97961.25000000,97967.32000000,97961.25000000,97967.32000000,2.18515000,1736017619999,214069.95368470,367,1.91000000,187114.91360440,0
1736017620000,97967.31000000,98015.43000000,97967.31000000,98015.42000000,6.35828000,1736017679999,623014.15961200,2486,5.89122000,577248.14426040,0
1736017680000,98015.42000000,98046.39000000,98015.42000000,98031.66000000,2.71037000,1736017739999,265699.37329570,1236,1.75310000,171849.07303960,0
1736017740000,98031.66000000,98069.99000000,98031.66000000,98069.98000000,4.42186000,1736017799999,433592.61985340,1204,3.96789000,389075.72623920,0
1736017800000,98069.99000000,98069.99000000,98065.34000000,98065.35000000,2.51383000,1736017859999,246529.28213530,404,0.24613000,24137.56360830,0
1736017860000,98065.34000000,98065.35000000,98065.34000000,98065.35000000,1.36846000,1736017919999,134198.49775360,142,0.25772000,25273.40200200,0
1736017920000,98065.35000000,98065.35000000,98042.00000000,98043.11000000,2.72108000,1736017979999,266829.08555070,748,0.32317000,31690.85716750,0
1736017980000,98043.11000000,98071.50000000,98036.00000000,98071.50000000,7.73904000,1736018039999,758771.12543640,1688,7.03625000,689859.40419170,0
1736018040000,98071.50000000,98123.44000000,98057.42000000,98123.44000000,16.55377000,1736018099999,1623872.77519410,2565,14.96653000,1468181.21429160,0
1736018100000,98123.43000000,98210.02000000,98123.43000000,98210.02000000,24.73960000,1736018159999,2429094.76564260,3955,15.49780000,1521679.95039930,0
1736018160000,98210.23000000,98350.00000000,98210.22000000,98281.77000000,45.51080000,1736018219999,4473391.17371440,5763,33.72473000,3314606.11835740,0
1736018220000,98281.77000000,98349.62000000,98274.36000000,98340.56000000,7.73231000,1736018279999,760160.43934220,2626,5.22570000,513712.96722290,0
1736018280000,98340.56000000,98340.56000000,98235.01000000,98242.84000000,16.47844000,1736018339999,1619686.34988570,3512,8.18703000,804717.52818560,0
1736018340000,98242.84000000,98251.76000000,98194.66000000,98194.66000000,4.72447000,1736018399999,464068.08163720,1800,0.31952000,31384.52078570,0
1736018400000,98194.66000000,98245.93000000,98194.66000000,98244.01000000,13.66793000,1736018459999,1342643.25731290,1105,9.51164000,934343.57163170,0
1736018460000,98244.01000000,98244.01000000,98170.76000000,98200.00000000,10.57794000,1736018519999,1038730.23212180,2304,5.78672000,568207.70725830,0
1736018520000,98200.00000000,98200.01000000,98172.72000000,98172.73000000,6.04381000,1736018579999,593469.43241760,978,1.82538000,179247.13463160,0
1736018580000,98172.72000000,98203.27000000,98154.18000000,98154.19000000,4.66655000,1736018639999,458171.04870360,2199,1.11049000,109032.34559140,0
1736018640000,98154.18000000,98164.00000000,98154.18000000,98163.99000000,2.04187000,1736018699999,200422.50086610,461,1.48185000,145450.91526610,0
1736018700000,98164.00000000,98186.30000000,98163.99000000,98186.29000000,1.04595000,1736018759999,102687.25446790,538,0.75812000,74429.47098320,0
1736018760000,98186.30000000,98186.30000000,98167.17000000,98167.17000000,2.13001000,1736018819999,209114.70062510,814,0.14017000,13760.38356780,0
1736018820000,98167.18000000,98188.00000000,98167.17000000,98167.17000000,2.93241000,1736018879999,287896.61663850,1326,1.40189000,137624.82884420,0
1736018880000,98167.17000000,98167.18000000,98167.17000000,98167.17000000,2.74261000,1736018939999,269234.27697470,334,1.48610000,145886.24619800,0
1736018940000,98167.18000000,98167.18000000,98167.17000000,98167.17000000,2.37146000,1736018999999,232799.52342010,220,0.64519000,63336.48286420,0
1736019000000,98167.17000000,98192.23000000,98167.17000000,98192.23000000,1.71391000,1736019059999,168279.91965350,823,0.83815000,82287.51285690,0
1736019060000,98192.23000000,98204.00000000,98192.22000000,98203.99000000,0.94768000,1736019119999,93064.61436410,598,0.52210000,51271.19170440,0
1736019120000,98204.00000000,98240.87000000,98204.00000000,98230.11000000,3.19577000,1736019179999,313903.82034830,1497,2.09213000,205491.77319780,0
1736019180000,98230.10000000,98230.11000000,98222.96000000,98222.96000000,2.36668000,1736019239999,232473.78816970,427,0.24959000,24516.30253530,0
1736019240000,98222.97000000,98252.37000000,98222.96000000,98252.37000000,6.39366000,1736019299999,628055.10059960,979,5.70809000,560702.53280470,0
1736019300000,98252.36000000,98264.24000000,98250.62000000,98250.63000000,3.88638000,1736019359999,381884.25324080,842,0.83263000,81811.43427780,0
1736019360000,98250.62000000,98250.63000000,98227.73000000,98227.74000000,6.60862000,1736019419999,649275.68954960,720,0.24740000,24301.84533760,0
1736019420000,98227.74000000,98227.74000000,98222.46000000,98222.86000000,2.36605000,1736019479999,232411.43087190,559,0.29161000,28644.19068160,0
1736019480000,98222.86000000,98222.86000000,98186.34000000,98186.34000000,2.37434000,1736019539999,233164.64622380,1319,0.16758000,16456.32112950,0
1736019540000,98186.35000000,98186.35000000,98170.21000000,98176.17000000,2.60822000,1736019599999,256063.87192910,950,0.60769000,59657.98161460,0
1736019600000,98176.16000000,98176.16000000,98151.96000000,98151.96000000,4.62060000,1736019659999,453541.49000830,1358,0.54939000,53926.36968060,0
1736019660000,98151.96000000,98151.96000000,98119.58000000,98129.66000000,5.45188000,1736019719999,535026.15688770,1912,1.98096000,194405.61730630,0
1736019720000,98129.66000000,98149.99000000,98129.65000000,98149.99000000,3.20281000,1736019779999,314297.84269950,652,1.56233000,153315.66288930,0
1736019780000,98149.98000000,98149.99000000,98136.08000000,98136.09000000,4.30875000,1736019839999,422897.07287540,523,0.64766000,63566.63824340,0
1736019840000,98136.09000000,98140.98000000,98136.08000000,98140.97000000,1.42073000,1736019899999,139428.65390690,281,0.60807000,59673.99058900,0
1736019900000,98140.98000000,98149.99000000,98140.96000000,98140.97000000,2.81360000,1736019959999,276140.85684990,870,0.49916000,48988.49309490,0
1736019960000,98140.97000000,98140.97000000,98140.96000000,98140.97000000,1.21851000,1736020019999,119585.74282850,265,0.16589000,16280.60551330,0
1736020020000,98140.96000000,98140.97000000,98093.66000000,98121.82000000,27.75896000,1736020079999,2723538.39411280,857,2.32216000,227811.68268220,0
1736020080000,98121.81000000,98121.82000000,98113.64000000,98113.65000000,3.59549000,1736020139999,352794.05729400,536,0.20613000,20225.31025110,0
1736020140000,98113.64000000,98113.65000000,98113.64000000,98113.64000000,0.95378000,1736020199999,93578.82918690,196,0.16277000,15969.95881050,0
1736020200000,98113.64000000,98126.12000000,98113.64000000,98126.12000000,2.34775000,1736020259999,230353.22684280,350,1.92905000,189272.10740730,0
1736020260000,98126.11000000,98155.47000000,98126.11000000,98155.46000000,4.43188000,1736020319999,434930.16071490,1473,2.33134000,228788.13800030,0
1736020320000,98155.46000000,98175.45000000,98155.46000000,98175.44000000,2.18281000,1736020379999,214275.00557350,733,1.46395000,143702.58582360,0
1736020380000,98175.44000000,98200.00000000,98175.44000000,98193.04000000,4.19615000,1736020439999,412002.64693920,937,3.49696000,343347.93192280,0
1736020440000,98193.04000000,98200.00000000,98181.71000000,98181.72000000,3.76700000,1736020499999,369904.63483720,716,0.48856000,47974.56303820,0
1736020500000,98181.72000000,98200.00000000,98181.71000000,98199.99000000,1.19061000,1736020559999,116904.46259250,395,0.96749000,94997.61567130,0
1736020560000,98199.99000000,98200.00000000,98199.99000000,98200.00000000,0.92483000,1736020619999,90818.29786180,183,0.11101000,10901.18200000,0
1736020620000,98199.99000000,98200.00000000,98190.54000000,98190.54000000,3.19747000,1736020679999,313984.10941670,738,0.17875000,17551.90075270,0
1736020680000,98190.54000000,98190.55000000,98187.82000000,98187.82000000,1.79340000,1736020739999,176092.91854190,402,0.07852000,7709.81221040,0
1736020740000,98187.82000000,98187.83000000,98166.25000000,98166.26000000,3.56978000,1736020799999,350443.44172820,1011,1.16860000,114717.19608770,0
1736020800000,98166.26000000,98490.00000000,98166.25000000,98385.31000000,82.18776000,1736020859999,8085275.44912790,10806,59.74723000,5876561.89070010,0
1736020860000,98385.30000000,98385.31000000,98325.65000000,98330.36000000,5.95025000,1736020919999,585169.64709680,2369,1.64794000,162044.89876130,0
1736020920000,98330.36000000,98330.36000000,98303.03000000,98328.01000000,4.51041000,1736020979999,443479.96067270,1023,0.83672000,82261.26503810,0
1736020980000,98328.01000000,98328.02000000,98283.10000000,98283.10000000,4.86048000,1736021039999,477798.14477530,1082,1.06130000,104315.67218840,0
1736021040000,98283.11000000,98292.93000000,98267.80000000,98267.81000000,3.72360000,1736021099999,365951.75449890,1252,0.72477000,71231.56049840,0
1736021100000,98267.80000000,98292.92000000,98267.80000000,98292.91000000,3.55498000,1736021159999,349388.92734460,722,3.07595000,302303.93923880,0
1736021160000,98292.92000000,98327.72000000,98279.59000000,98327.71000000,5.03573000,1736021219999,494994.68528840,1642,3.14736000,309372.41921890,0
1736021220000,98327.72000000,98327.72000000,98308.00000000,98308.00000000,2.51055000,1736021279999,246839.25021370,660,0.52138000,51263.29757300,0
1736021280000,98308.01000000,98308.01000000,98287.95000000,98287.95000000,3.51042000,1736021339999,345055.42852280,859,1.69958000,167048.48086660,0
1736021340000,98287.96000000,98304.09000000,98287.95000000,98304.08000000,2.10499000,1736021399999,206899.96565670,369,1.22648000,120551.15181600,0
1736021400000,98304.09000000,98312.93000000,98304.08000000,98311.07000000,1.95345000,1736021459999,192035.86111080,496,1.22530000,120454.18633630,0
1736021460000,98311.07000000,98311.07000000,98273.59000000,98279.90000000,5.88253000,1736021519999,578201.98323820,1010,1.67892000,165005.28075620,0
1736021520000,98279.91000000,98292.51000000,98279.90000000,98292.51000000,3.16215000,1736021579999,310785.03377390,486,2.91568000,286561.39020250,0
1736021580000,98292.51000000,98292.51000000,98292.50000000,98292.50000000,0.78749000,1736021639999,77404.36458870,205,0.37637000,36994.35198870,0
1736021640000,98292.51000000,98292.51000000,98292.50000000,98292.50000000,1.10424000,1736021699999,108538.51675690,228,0.65569000,64449.41588190,0
1736021700000,98292.50000000,98292.51000000,98292.50000000,98292.51000000,1.58180000,1736021759999,155479.08758280,188,1.10828000,108935.62298280,0
1736021760000,98292.50000000,98292.51000000,98251.99000000,98251.99000000,4.82410000,1736021819999,474101.95259320,1183,0.19615000,19276.05523090,0
1736021820000,98251.99000000,98295.19000000,98251.99000000,98295.19000000,3.36109000,1736021879999,330253.42702060,912,2.06857000,203259.81487390,0
1736021880000,98295.18000000,98295.19000000,98295.18000000,98295.19000000,0.87864000,1736021939999,86366.08169660,165,0.47414000,46605.68138660,0
1736021940000,98295.19000000,98337.99000000,98295.18000000,98337.98000000,4.74101000,1736021999999,466130.90573610,1390,2.68033000,263529.82298580,0
1736022000000,98337.99000000,98363.64000000,98337.98000000,98358.17000000,6.10248000,1736022059999,600194.47131460,1355,2.65368000,260985.82759480,0
1736022060000,98358.18000000,98407.20000000,98358.17000000,98389.03000000,7.60077000,1736022119999,747788.12707710,1887,3.73763000,367671.59477180,0
1736022120000,98389.03000000,98389.03000000,98381.80000000,98381.80000000,1.73032000,1736022179999,170237.98455470,329,0.37599000,36991.25686590,0
1736022180000,98381.81000000,98416.15000000,98381.80000000,98406.69000000,3.50936000,1736022239999,345345.05668090,1142,1.47823000,145461.50017520,0
1736022240000,98406.69000000,98406.70000000,98380.57000000,98380.57000000,2.40965000,1736022299999,237090.98374080,1061,0.65027000,63981.52808290,0
1736022300000,98380.57000000,98409.21000000,98380.57000000,98409.21000000,3.92178000,1736022359999,385838.34685470,762,2.77790000,273300.57456150,0
1736022360000,98409.20000000,98409.21000000,98409.20000000,98409.20000000,1.56123000,1736022419999,153639.39771700,166,0.24010000,23628.05132100,0
1736022420000,98409.21000000,98418.08000000,98409.20000000,98418.07000000,1.22859000,1736022479999,120911.54690080,528,1.04191000,102539.45238140,0
1736022480000,98418.08000000,98442.10000000,98418.07000000,98442.10000000,4.51674000,1736022539999,444583.91761380,510,3.52386000,346847.09998770,0
1736022540000,98442.10000000,98466.21000000,98442.09000000,98456.37000000,4.43526000,1736022599999,436687.80698690,973,2.42719000,238973.31252520,0
1736022600000,98456.37000000,98456.37000000,98418.40000000,98422.30000000,15.23736000,1736022659999,1499994.40851610,840,2.90661000,286132.33679940,0
1736022660000,98422.29000000,98427.00000000,98404.00000000,98426.99000000,7.17684000,1736022719999,706291.19573820,1240,5.38018000,529475.69404870,0
1736022720000,98426.99000000,98442.01000000,98416.43000000,98416.44000000,10.59002000,1736022779999,1042429.82377820,1042,2.03861000,200665.10493250,0
1736022780000,98416.43000000,98426.06000000,98400.00000000,98426.05000000,10.33377000,1736022839999,1016974.57209570,1531,7.04559000,693368.81364020,0
1736022840000,98426.06000000,98464.13000000,98423.12000000,98464.12000000,7.94832000,1736022899999,782353.16772240,977,1.74627000,171898.45828660,0
1736022900000,98464.13000000,98490.00000000,98464.12000000,98489.92000000,11.80036000,1736022959999,1162096.18514100,1355,8.51541000,838586.47146400,0
1736022960000,98489.92000000,98523.17000000,98484.42000000,98523.09000000,17.66453000,1736023019999,1739932.20324270,2242,15.28667000,1505736.36792400,0
1736023020000,98523.09000000,98523.10000000,98491.84000000,98491.85000000,5.39704000,1736023079999,531644.83178450,1301,0.45737000,45053.58389890,0
1736023080000,98491.85000000,98491.85000000,98469.81000000,98469.81000000,5.11979000,1736023139999,504245.89137740,959,1.95273000,192327.56362430,0
1736023140000,98469.82000000,98484.15000000,98468.00000000,98478.61000000,1.26513000,1736023199999,124589.23310190,703,0.57289000,56417.36810760,0
1736023200000,98478.61000000,98550.00000000,98478.61000000,98550.00000000,4.12413000,1736023259999,406271.35074040,1895,3.68732000,363241.38315580,0
1736023260000,98550.00000000,98613.27000000,98550.00000000,98613.27000000,31.21520000,1736023319999,3077271.34526850,4779,24.28915000,2394496.94918960,0
1736023320000,98613.27000000,98613.27000000,98580.20000000,98580.21000000,7.17304000,1736023379999,707302.76568010,1328,1.89265000,186631.37722790,0
1736023380000,98580.21000000,98671.02000000,98580.20000000,98604.02000000,22.11665000,1736023439999,2181324.97667560,4629,13.91715000,1372635.58456270,0
1736023440000,98604.03000000,98604.03000000,98543.98000000,98543.99000000,12.81460000,1736023499999,1263130.17492140,2459,2.79816000,275794.40258700,0
1736023500000,98543.98000000,98551.76000000,98538.66000000,98548.30000000,3.51411000,1736023559999,346301.03370050,978,1.59128000,156813.87031490,0
1736023560000,98548.30000000,98596.88000000,98548.29000000,98582.04000000,9.01494000,1736023619999,888762.40629100,2218,2.88095000,283997.63523610,0
1736023620000,98582.04000000,98603.07000000,98552.20000000,98552.21000000,5.57770000,1736023679999,549857.68102030,2050,2.28195000,224960.62959290,0
1736023680000,98552.20000000,98562.06000000,98550.00000000,98551.98000000,2.31107000,1736023739999,227771.21511490,793,0.86600000,85346.53953270,0
1736023740000,98551.98000000,98577.48000000,98551.98000000,98574.01000000,4.35621000,1736023799999,429358.11441550,816,3.84533000,378999.20307080,0
1736023800000,98574.01000000,98574.02000000,98526.30000000,98538.26000000,8.51715000,1736023859999,839322.30742290,1084,1.46972000,144812.46933920,0
1736023860000,98538.25000000,98538.26000000,98528.71000000,98528.72000000,5.52060000,1736023919999,543965.31073970,651,0.12744000,12557.32046500,0
1736023920000,98528.71000000,98567.99000000,98521.98000000,98567.98000000,5.63001000,1736023979999,554788.59319810,1224,3.55681000,350489.08830830,0
1736023980000,98567.98000000,98567.99000000,98548.58000000,98557.45000000,10.93229000,1736024039999,1077446.28384660,858,5.69013000,560756.37713260,0
1736024040000,98557.46000000,98610.40000000,98557.46000000,98602.01000000,6.20448000,1736024099999,611738.24177570,1590,3.34270000,329561.20952700,0
1736024100000,98602.01000000,98602.02000000,98602.01000000,98602.01000000,1.48788000,1736024159999,146707.96766460,220,0.90258000,88996.21121160,0
1736024160000,98602.02000000,98626.97000000,98594.49000000,98594.49000000,12.96694000,1736024219999,1278643.52413510,1765,9.14721000,901962.09233960,0
1736024220000,98594.38000000,98606.07000000,98590.01000000,98606.07000000,4.15566000,1736024279999,409755.16105450,567,1.98027000,195250.34210180,0
1736024280000,98606.07000000,98606.07000000,98599.01000000,98599.01000000,3.19527000,1736024339999,315059.58274910,390,0.23352000,23024.85947430,0
1736024340000,98599.01000000,98599.02000000,98599.01000000,98599.02000000,5.09179000,1736024399999,502045.47914090,240,2.60130000,256485.63072600,0
1736024400000,98599.02000000,98710.50000000,98599.02000000,98686.32000000,25.10892000,1736024459999,2477683.18067500,4632,16.70672000,1648476.50307290,0
1736024460000,98686.32000000,98686.32000000,98617.65000000,98620.04000000,7.62577000,1736024519999,752270.75492830,2335,2.08227000,205361.00198030,0
1736024520000,98620.04000000,98690.65000000,98620.03000000,98690.64000000,4.73296000,1736024579999,466900.72437590,1654,3.85645000,380433.07409770,0
1736024580000,98690.64000000,98690.65000000,98661.58000000,98685.27000000,7.28441000,1736024639999,718833.71433660,1404,3.14369000,310212.90489500,0
1736024640000,98685.27000000,98727.99000000,98680.53000000,98716.53000000,12.61308000,1736024699999,1244992.18449700,1402,7.05538000,696398.96985060,0
1736024700000,98716.53000000,98778.43000000,98707.47000000,98741.51000000,30.81765000,1736024759999,3042824.96335660,3314,28.46850000,2810855.50305710,0
1736024760000,98741.51000000,98741.52000000,98614.77000000,98614.77000000,12.02067000,1736024819999,1186297.42082520,3660,1.99024000,196441.65121160,0
1736024820000,98614.77000000,98666.67000000,98614.77000000,98640.00000000,5.67053000,1736024879999,559386.34935100,1660,2.81805000,277986.19328410,0
1736024880000,98639.88000000,98639.88000000,98565.29000000,98585.86000000,6.40476000,1736024939999,631455.38040390,2546,0.85806000,84600.79020560,0
1736024940000,98585.87000000,98585.87000000,98565.28000000,98565.28000000,3.89447000,1736024999999,383880.28068430,626,0.25868000,25499.54380800,0
1736025000000,98565.28000000,98569.62000000,98555.35000000,98555.35000000,5.81047000,1736025059999,572702.13501790,1450,1.06625000,105090.62849060,0
1736025060000,98555.36000000,98614.20000000,98545.45000000,98582.00000000,8.39044000,1736025119999,827117.05795890,1981,5.56155000,548256.98042060,0
1736025120000,98582.00000000,98582.01000000,98563.96000000,98563.97000000,6.41361000,1736025179999,632221.69077310,870,1.47385000,145282.51444880,0
1736025180000,98563.96000000,98573.49000000,98542.85000000,98542.85000000,3.93693000,1736025239999,387997.08518310,1333,1.09592000,108011.21450780,0
1736025240000,98542.85000000,98554.56000000,98539.98000000,98548.49000000,6.18667000,1736025299999,609658.22644790,762,1.07702000,106131.34551350,0
1736025300000,98548.50000000,98548.50000000,98504.18000000,98515.16000000,13.20678000,1736025359999,1301158.32529520,1953,0.75198000,74084.57505160,0
1736025360000,98515.16000000,98568.04000000,98514.18000000,98568.03000000,4.04501000,1736025419999,398589.37601720,1518,2.26247000,222938.02753250,0
1736025420000,98568.04000000,98626.32000000,98549.39000000,98626.32000000,3.96903000,1736025479999,391268.82355250,2128,2.45507000,242027.34153030,0
1736025480000,98626.31000000,98663.46000000,98607.47000000,98607.47000000,15.44428000,1736025539999,1523459.71090560,2303,7.42849000,732809.20465510,0
1736025540000,98607.47000000,98607.47000000,98540.36000000,98564.54000000,12.76916000,1736025599999,1258577.93561320,2214,6.38867000,629650.72051760,0
1736025600000,98564.55000000,98625.15000000,98534.86000000,98567.47000000,34.92201000,1736025659999,3442459.66561460,3739,21.51905000,2121201.59988040,0
1736025660000,98567.48000000,98575.53000000,98545.06000000,98569.87000000,15.03656000,1736025719999,1481991.75568040,1714,9.36162000,922694.59882260,0
1736025720000,98569.88000000,98600.00000000,98569.86000000,98584.94000000,12.79729000,1736025779999,1261551.22806650,1261,11.59768000,1143291.35582490,0
1736025780000,98584.94000000,98586.19000000,98563.09000000,98586.19000000,12.08619000,1736025839999,1191461.44064140,1218,10.10168000,995824.16194910,0
1736025840000,98586.18000000,98586.19000000,98573.09000000,98575.81000000,9.81214000,1736025899999,967263.36689690,662,7.15393000,705217.99171680,0
1736025900000,98575.81000000,98586.27000000,98570.00000000,98575.76000000,3.01608000,1736025959999,297314.75343870,856,1.99187000,196352.57996990,0
1736025960000,98575.75000000,98585.61000000,98544.32000000,98555.43000000,28.54642000,1736026019999,2813725.47844890,1226,6.94238000,684279.73509380,0
1736026020000,98555.42000000,98555.43000000,98502.77000000,98552.09000000,20.68762000,1736026079999,2038243.40381880,1951,10.92408000,1076394.77898080,0
1736026080000,98552.09000000,98576.36000000,98552.09000000,98562.26000000,12.41447000,1736026139999,1223641.25280180,1249,10.45272000,1030276.46087550,0
1736026140000,98562.25000000,98562.26000000,98532.81000000,98532.81000000,15.05161000,1736026199999,1483222.83693830,1058,12.14349000,1196648.72449770,0
1736026200000,98532.81000000,98532.82000000,98451.24000000,98451.25000000,31.48114000,1736026259999,3100406.46264780,2457,13.37985000,1317760.40530130,0
1736026260000,98451.25000000,98460.40000000,98412.02000000,98443.23000000,17.28825000,1736026319999,1701738.38552300,2385,12.48295000,1228743.05114960,0
1736026320000,98443.23000000,98482.29000000,98443.23000000,98482.29000000,13.99997000,1736026379999,1378553.27166920,1606,12.81832000,1262195.10201600,0
1736026380000,98482.28000000,98493.50000000,98456.44000000,98493.50000000,18.40330000,1736026439999,1812267.27214990,1814,11.94250000,1176039.04109430,0
1736026440000,98493.50000000,98493.50000000,98483.24000000,98483.24000000,2.02177000,1736026499999,199118.19372460,502,0.40523000,39911.90658930,0
1736026500000,98483.25000000,98515.16000000,98483.24000000,98505.36000000,4.99523000,1736026559999,492053.00716780,1366,1.90364000,187498.09265440,0
1736026560000,98505.35000000,98505.36000000,98470.95000000,98470.96000000,2.38991000,1736026619999,235380.33667760,1155,0.17173000,16912.90541160,0
1736026620000,98470.95000000,98496.90000000,98470.95000000,98496.90000000,3.00222000,1736026679999,295656.15713610,914,2.68462000,264376.62533300,0
1736026680000,98496.90000000,98496.90000000,98496.89000000,98496.89000000,3.76409000,1736026739999,370751.15999430,349,0.13142000,12944.46259800,0
1736026740000,98496.89000000,98496.89000000,98465.05000000,98465.05000000,1.79309000,1736026799999,176580.39009070,886,0.09862000,9711.81134560,0
1736026800000,98465.05000000,98465.06000000,98444.44000000,98444.45000000,2.20363000,1736026859999,216971.31102200,993,0.88011000,86658.51714840,0
1736026860000,98444.44000000,98444.44000000,98393.80000000,98393.81000000,3.74800000,1736026919999,368830.94678050,1602,0.23447000,23073.29445020,0
1736026920000,98393.80000000,98400.02000000,98393.80000000,98400.01000000,4.18578000,1736026979999,411877.51525240,361,0.83023000,81691.36262840,0
1736026980000,98400.01000000,98400.02000000,98363.63000000,98363.63000000,2.79319000,1736027039999,274788.21504980,1830,0.56094000,55178.93449220,0
1736027040000,98363.64000000,98384.53000000,98363.63000000,98384.52000000,6.25067000,1736027099999,614884.77528310,1189,4.07811000,401151.52898400,0
1736027100000,98384.53000000,98384.53000000,98346.74000000,98349.33000000,9.74709000,1736027159999,958756.12739830,1500,0.39823000,39169.03639670,0
1736027160000,98349.33000000,98361.61000000,98344.00000000,98344.00000000,3.08623000,1736027219999,303535.01900130,928,1.41719000,139386.21572090,0
1736027220000,98344.01000000,98366.83000000,98344.00000000,98366.82000000,3.30310000,1736027279999,324882.54333920,734,2.46839000,242783.59951720,0
1736027280000,98366.82000000,98366.83000000,98356.99000000,98356.99000000,1.59043000,1736027339999,156442.19399770,612,0.33332000,32786.81916400,0
1736027340000,98357.00000000,98378.79000000,98356.99000000,98378.79000000,2.91294000,1736027399999,286519.46024980,556,2.52188000,248051.48634690,0
1736027400000,98378.78000000,98407.92000000,98378.78000000,98384.34000000,2.80335000,1736027459999,275838.34854460,2065,1.34988000,132818.85845590,0
1736027460000,98384.35000000,98384.35000000,98372.98000000,98380.15000000,2.35604000,1736027519999,231783.25422410,480,0.52870000,52011.76999340,0
1736027520000,98380.16000000,98381.49000000,98380.15000000,98381.46000000,8.88169000,1736027579999,873793.63700740,267,0.11880000,11687.67250240,0
1736027580000,98381.46000000,98381.46000000,98372.64000000,98372.66000000,8.57827000,1736027639999,843873.71780560,571,7.57264000,744941.00330110,0
1736027640000,98372.66000000,98378.44000000,98372.66000000,98378.43000000,1.95663000,1736027699999,192482.85994110,339,1.45969000,143594.76233340,0
1736027700000,98378.43000000,98378.44000000,98351.18000000,98351.18000000,1.65880000,1736027759999,163167.16152990,1122,0.16452000,16181.78859520,0
1736027760000,98351.19000000,98351.19000000,98351.18000000,98351.19000000,0.70057000,1736027819999,68901.88743390,194,0.12613000,12405.03559470,0
1736027820000,98351.19000000,98373.98000000,98351.18000000,98364.34000000,5.51369000,1736027879999,542357.78249510,811,4.70107000,462420.05800900,0
1736027880000,98364.34000000,98364.35000000,98352.59000000,98352.60000000,2.37269000,1736027939999,233379.63525030,397,0.38105000,37477.30863750,0
1736027940000,98352.59000000,98362.43000000,98352.59000000,98362.43000000,1.87815000,1736027999999,184725.36320140,593,1.38100000,135828.23042320,0
1736028000000,98362.43000000,98406.27000000,98362.43000000,98396.22000000,4.14712000,1736028059999,408031.66220030,2128,2.87675000,283030.14544780,0
1736028060000,98396.23000000,98396.23000000,98356.86000000,98356.86000000,4.86510000,1736028119999,478634.75390650,1180,0.28601000,28134.26310280,0
1736028120000,98356.86000000,98356.87000000,98350.70000000,98350.71000000,0.95842000,1736028179999,94266.49490360,378,0.05951000,5853.15992250,0
1736028180000,98350.70000000,98350.71000000,98347.03000000,98347.03000000,0.86588000,1736028239999,85158.85237030,445,0.06100000,5999.19611600,0
1736028240000,98347.03000000,98347.04000000,98339.38000000,98339.38000000,1.41194000,1736028299999,138857.79290900,551,0.22371000,22000.76474160,0
1736028300000,98339.39000000,98376.00000000,98339.38000000,98376.00000000,3.63120000,1736028359999,357137.29261720,1543,3.26908000,321517.66964270,0
1736028360000,98375.99000000,98376.00000000,98344.39000000,98344.39000000,3.25878000,1736028419999,320511.95788560,1261,0.13495000,13273.20874530,0
1736028420000,98344.39000000,98344.40000000,98341.95000000,98341.95000000,2.64341000,1736028479999,259963.25617210,401,1.44000000,141615.89727280,0
1736028480000,98341.96000000,98341.96000000,98334.30000000,98334.30000000,8.34510000,1736028539999,820667.32253540,346,0.14505000,14264.29168800,0
1736028540000,98334.30000000,98342.01000000,98334.30000000,98342.00000000,4.14591000,1736028599999,407708.88936480,346,1.19345000,117359.08683940,0
1736028600000,98342.00000000,98342.01000000,98342.00000000,98342.01000000,1.06127000,1736028659999,104367.41491360,157,0.05736000,5640.89769360,0
1736028660000,98342.00000000,98342.01000000,98342.00000000,98342.00000000,2.17931000,1736028719999,214317.70512080,186,0.11008000,10825.48846080,0
1736028720000,98342.01000000,98373.16000000,98342.00000000,98373.16000000,6.10468000,1736028779999,600393.85158490,736,5.34947000,526107.15724590,0
1736028780000,98373.16000000,98380.00000000,98365.12000000,98365.13000000,4.59094000,1736028839999,451635.33433950,803,0.48120000,47339.52861980,0
1736028840000,98365.12000000,98365.13000000,98340.54000000,98340.54000000,3.16058000,1736028899999,310847.74094410,795,0.44459000,43729.43807570,0
1736028900000,98340.54000000,98340.55000000,98340.54000000,98340.55000000,1.15251000,1736028959999,113338.45960880,155,0.38534000,37894.54753700,0
1736028960000,98340.55000000,98340.55000000,98340.54000000,98340.55000000,0.96430000,1736029019999,94829.78369720,161,0.09752000,9590.17043600,0
1736029020000,98340.55000000,98340.55000000,98339.51000000,98339.51000000,6.98969000,1736029079999,687369.33977410,343,0.15331000,15076.46974610,0
1736029080000,98339.52000000,98339.52000000,98335.20000000,98335.21000000,3.79031000,1736029139999,372733.41220780,308,0.12990000,12774.09973680,0
1736029140000,98335.20000000,98335.21000000,98334.93000000,98334.94000000,9.48003000,1736029199999,932220.48108970,311,0.11131000,10945.66482760,0
1736029200000,98334.94000000,98334.94000000,98334.91000000,98334.91000000,7.91607000,1736029259999,778426.15967850,226,0.27165000,26712.68617770,0
1736029260000,98334.91000000,98334.92000000,98329.98000000,98329.98000000,2.37041000,1736029319999,233089.34622910,482,0.20691000,20345.88935880,0
1736029320000,98329.99000000,98329.99000000,98308.33000000,98308.33000000,19.27147000,1736029379999,1894765.22116330,737,0.19709000,19377.86446710,0
1736029380000,98308.33000000,98308.34000000,98285.71000000,98285.71000000,2.86907000,1736029439999,282023.17084320,1069,0.46457000,45667.69413950,0
1736029440000,98285.71000000,98287.81000000,98266.33000000,98285.00000000,21.70429000,1736029499999,2133124.26483810,1482,5.70823000,560937.96556120,0
1736029500000,98284.99000000,98285.00000000,98284.99000000,98284.99000000,3.10635000,1736029559999,305307.59291790,167,1.42314000,139873.31490000,0
1736029560000,98284.99000000,98285.00000000,98275.58000000,98275.58000000,3.22845000,1736029619999,317302.71136760,308,1.43760000,141293.16999360,0
1736029620000,98275.58000000,98275.59000000,98275.58000000,98275.58000000,0.70640000,1736029679999,69421.87066950,151,0.09575000,9409.88774250,0
1736029680000,98275.58000000,98275.59000000,98274.37000000,98274.37000000,5.48385000,1736029739999,538928.36539090,374,0.05865000,5763.85707570,0
1736029740000,98274.38000000,98274.38000000,98268.00000000,98268.00000000,2.97333000,1736029799999,292189.36288480,259,0.45873000,45078.65583510,0
1736029800000,98268.01000000,98268.01000000,98266.90000000,98266.91000000,4.25617000,1736029859999,418245.02075510,282,0.33054000,32481.49170770,0
1736029860000,98266.90000000,98343.57000000,98265.91000000,98343.56000000,10.99862000,1736029919999,1081047.46149320,2090,8.34833000,820586.76505200,0
1736029920000,98343.56000000,98343.57000000,98338.95000000,98340.02000000,16.38726000,1736029979999,1611542.95840110,495,2.01181000,197841.40263230,0
1736029980000,98340.02000000,98340.02000000,98338.95000000,98338.95000000,13.43856000,1736030039999,1321539.56817410,364,1.63508000,160792.38840310,0
1736030040000,98338.96000000,98380.00000000,98337.89000000,98380.00000000,6.26542000,1736030099999,616198.57297110,2558,4.62316000,454692.22244050,0
1736030100000,98380.00000000,98391.13000000,98379.99000000,98390.80000000,5.03121000,1736030159999,495016.28343400,706,1.26613000,124568.42638530,0
1736030160000,98390.81000000,98390.81000000,98349.90000000,98349.90000000,10.15621000,1736030219999,999192.70853220,1131,0.40318000,39666.33899310,0
1736030220000,98349.91000000,98349.91000000,98345.88000000,98345.89000000,2.84529000,1736030279999,279829.84018590,325,0.97033000,95430.81607270,0
1736030280000,98345.89000000,98362.87000000,98345.88000000,98362.86000000,1.67934000,1736030339999,165172.68975800,553,1.27784000,125680.29199580,0
1736030340000,98362.87000000,98410.68000000,98362.86000000,98410.68000000,3.40244000,1736030399999,334759.24818070,1701,2.78892000,274393.17188050,0
1736030400000,98410.67000000,98442.00000000,98410.67000000,98442.00000000,3.98385000,1736030459999,392117.92259660,1367,3.22765000,317685.98342940,0
1736030460000,98442.00000000,98448.47000000,98441.99000000,98448.47000000,2.12973000,1736030519999,209665.48997550,319,1.49565000,147241.39837790,0
1736030520000,98448.47000000,98448.47000000,98426.46000000,98426.46000000,6.51730000,1736030579999,641567.00497220,698,0.78786000,77555.72365340,0
1736030580000,98426.46000000,98426.47000000,98412.05000000,98412.06000000,5.72714000,1736030639999,563664.51222750,542,0.47281000,46534.34301980,0
1736030640000,98412.05000000,98412.06000000,98408.10000000,98408.11000000,0.72756000,1736030699999,71599.41589870,228,0.33043000,32517.72909430,0
1736030700000,98408.10000000,98408.11000000,98395.53000000,98395.53000000,2.14801000,1736030759999,211371.49956550,670,0.41850000,41182.93206570,0
1736030760000,98395.53000000,98395.54000000,98370.33000000,98370.34000000,2.38846000,1736030819999,234968.81363400,840,0.34110000,33556.34864630,0
1736030820000,98370.34000000,98370.34000000,98359.53000000,98363.81000000,5.16644000,1736030879999,508179.25873060,486,2.80728000,276124.25531680,0
1736030880000,98363.82000000,98460.81000000,98363.81000000,98460.80000000,6.46232000,1736030939999,636007.47522680,2403,5.74664000,565569.01142700,0
1736030940000,98460.80000000,98464.07000000,98454.54000000,98460.77000000,4.55519000,1736030999999,448501.11293200,817,1.42844000,140639.27553690,0
1736031000000,98460.78000000,98460.78000000,98460.77000000,98460.78000000,3.06870000,1736031059999,302146.59324720,180,2.83482000,279118.58835960,0
1736031060000,98460.78000000,98472.00000000,98460.77000000,98471.99000000,5.79165000,1736031119999,570268.96475660,436,3.94823000,388750.39107340,0
1736031120000,98472.00000000,98484.85000000,98472.00000000,98484.84000000,1.02247000,1736031179999,100691.61004130,625,0.92707000,91296.40995180,0
1736031180000,98484.85000000,98484.85000000,98480.00000000,98480.01000000,4.16815000,1736031239999,410499.30099210,433,0.20464000,20153.87233120,0
1736031240000,98480.00000000,98480.01000000,98460.77000000,98460.78000000,1.61568000,1736031299999,159098.91354790,524,0.25546000,25153.03598010,0
1736031300000,98460.77000000,98460.78000000,98460.77000000,98460.77000000,0.48694000,1736031359999,47944.48964610,118,0.23023000,22668.62537940,0
1736031360000,98460.78000000,98460.78000000,98460.77000000,98460.77000000,0.77697000,1736031419999,76501.06535150,112,0.08846000,8709.84059880,0
1736031420000,98460.78000000,98460.78000000,98460.77000000,98460.78000000,3.61428000,1736031479999,355864.79246850,212,0.06729000,6625.42588620,0
1736031480000,98460.78000000,98460.78000000,98448.22000000,98448.23000000,5.94546000,1736031539999,585369.00993280,494,1.07102000,105445.98132050,0
1736031540000,98448.23000000,98448.23000000,98417.25000000,98417.25000000,5.57448000,1736031599999,548728.35257980,1025,0.11747000,11563.11569240,0
1736031600000,98417.25000000,98417.26000000,98344.96000000,98344.96000000,8.37032000,1736031659999,823350.12469690,1578,0.70162000,69008.59727650,0
1736031660000,98344.96000000,98344.97000000,98342.90000000,98342.91000000,2.04531000,1736031719999,201142.44830380,387,0.37588000,36965.15251480,0
1736031720000,98342.91000000,98379.22000000,98321.95000000,98379.21000000,5.43900000,1736031779999,534872.74139280,1901,3.27143000,321710.50088330,0
1736031780000,98379.22000000,98414.99000000,98379.21000000,98409.14000000,7.92926000,1736031839999,780227.13754060,2339,3.84481000,378307.58510070,0
1736031840000,98409.15000000,98419.14000000,98318.36000000,98352.51000000,26.73125000,1736031899999,2629118.02994160,3490,10.92737000,1074627.46449580,0
1736031900000,98352.50000000,98373.16000000,98352.50000000,98355.10000000,3.23222000,1736031959999,317926.16409630,1069,1.36826000,134584.53710690,0
1736031960000,98355.11000000,98355.11000000,98266.74000000,98296.90000000,7.59339000,1736032019999,746417.05406240,2031,2.10069000,206467.52504560,0
1736032020000,98296.91000000,98296.91000000,98242.79000000,98242.79000000,10.40065000,1736032079999,1022103.94239680,1265,1.14760000,112750.83572030,0
1736032080000,98242.80000000,98242.80000000,98178.55000000,98197.37000000,11.44189000,1736032139999,1123632.29415420,1776,1.82267000,178981.31322050,0
1736032140000,98197.37000000,98240.05000000,98197.37000000,98240.05000000,3.51992000,1736032199999,345705.92490520,1664,3.08784000,303272.92840090,0
1736032200000,98240.05000000,98240.05000000,98143.20000000,98165.62000000,15.18037000,1736032259999,1490487.11981460,2024,4.42878000,434822.68863930,0
1736032260000,98165.61000000,98175.00000000,98165.61000000,98175.00000000,1.93928000,1736032319999,190383.26260830,558,1.06067000,104128.43780780,0
1736032320000,98175.00000000,98175.00000000,98174.99000000,98175.00000000,1.04327000,1736032379999,102423.02947820,267,0.76609000,75210.88575000,0
1736032380000,98174.99000000,98175.00000000,98174.99000000,98174.99000000,2.79000000,1736032439999,273908.22363650,195,0.15365000,15084.58875000,0
1736032440000,98174.99000000,98175.00000000,98174.99000000,98174.99000000,0.95884000,1736032499999,94134.11047370,179,0.30621000,30062.16675000,0
1736032500000,98175.00000000,98175.00000000,98174.99000000,98174.99000000,0.65899000,1736032559999,64696.33850610,197,0.18460000,18123.10500000,0
1736032560000,98175.00000000,98208.83000000,98174.99000000,98208.82000000,4.18448000,1736032619999,410899.63422780,1818,2.44223000,239804.44242470,0
1736032620000,98208.82000000,98235.99000000,98208.82000000,98235.98000000,1.67030000,1736032679999,164064.30540170,979,1.10587000,108622.37121310,0
1736032680000,98235.98000000,98235.99000000,98222.69000000,98222.70000000,2.73089000,1736032739999,268264.59835740,496,0.25828000,25369.98311540,0
1736032740000,98222.69000000,98250.99000000,98222.69000000,98250.99000000,2.48003000,1736032799999,243631.28466740,1423,2.03060000,199481.09656130,0
1736032800000,98250.98000000,98262.00000000,98250.98000000,98261.99000000,2.31396000,1736032859999,227360.29319570,463,0.37570000,36915.42264280,0
1736032860000,98261.98000000,98272.56000000,98261.98000000,98272.56000000,1.20885000,1736032919999,118794.26660080,438,1.08553000,106675.35302420,0
1736032920000,98272.56000000,98272.56000000,98266.07000000,98271.11000000,5.66481000,1736032979999,556669.52297990,642,3.81527000,374914.00758930,0
1736032980000,98271.11000000,98271.11000000,98214.35000000,98214.35000000,2.21523000,1736033039999,217643.63574230,1226,0.59743000,58692.83508950,0
1736033040000,98214.36000000,98220.50000000,98214.35000000,98220.49000000,2.26323000,1736033099999,222290.32259270,334,1.92642000,189209.27163880,0
1736033100000,98220.49000000,98242.39000000,98220.49000000,98242.39000000,1.04113000,1736033159999,102268.75724660,795,0.83206000,81730.14385700,0
1736033160000,98242.38000000,98263.72000000,98242.38000000,98251.05000000,2.25770000,1736033219999,221825.97993940,1057,1.07835000,105942.57324070,0
1736033220000,98251.04000000,98251.04000000,98250.99000000,98250.99000000,1.00245000,1736033279999,98491.71067430,162,0.52478000,51560.15978000,0
1736033280000,98251.00000000,98251.00000000,98250.99000000,98250.99000000,1.14956000,1736033339999,112945.41376670,128,0.57023000,56025.66773000,0
1736033340000,98251.00000000,98251.00000000,98240.00000000,98240.00000000,5.26088000,1736033399999,516879.49187800,595,1.66312000,163400.99531800,0
1736033400000,98240.00000000,98240.00000000,98228.70000000,98237.66000000,3.60738000,1736033459999,354354.41624560,748,2.77498000,272584.52950270,0
1736033460000,98237.66000000,98254.92000000,98229.12000000,98254.92000000,3.53801000,1736033519999,347559.92720990,810,1.81068000,177881.07301980,0
1736033520000,98254.92000000,98254.92000000,98244.70000000,98244.70000000,1.24462000,1736033579999,122283.35751980,404,0.48686000,47835.00148490,0
1736033580000,98244.70000000,98254.11000000,98244.70000000,98254.10000000,1.22142000,1736033639999,119998.68676460,380,0.84508000,83025.12265740,0
1736033640000,98254.10000000,98259.00000000,98254.10000000,98258.99000000,0.76587000,1736033699999,75250.41792530,281,0.31921000,31363.93809700,0
1736033700000,98258.99000000,98280.00000000,98258.99000000,98267.64000000,2.04431000,1736033759999,200897.77778730,1380,0.65258000,64127.92084450,0
1736033760000,98267.27000000,98267.28000000,98264.61000000,98264.62000000,1.50782000,1736033819999,148165.55929180,255,0.90346000,88778.28453700,0
1736033820000,98264.62000000,98264.62000000,98253.23000000,98255.96000000,30.17808000,1736033879999,2965139.46592500,634,28.87303000,2836902.76071100,0
1736033880000,98255.96000000,98255.97000000,98238.69000000,98238.70000000,2.83027000,1736033939999,278058.95628470,633,1.21213000,119079.26722560,0
1736033940000,98238.70000000,98238.70000000,98216.56000000,98223.26000000,3.34537000,1736033999999,328590.87040410,849,1.77512000,174350.34284640,0
1736034000000,98223.26000000,98223.26000000,98211.77000000,98211.78000000,1.40141000,1736034059999,137637.52225860,577,0.27435000,26944.74693380,0
1736034060000,98211.78000000,98223.26000000,98208.00000000,98223.25000000,2.12577000,1736034119999,208774.55215740,662,1.39123000,136636.58036440,0
1736034120000,98223.25000000,98223.31000000,98223.25000000,98223.30000000,1.96768000,1736034179999,193271.97583600,241,1.23700000,121502.18111770,0
1736034180000,98223.29000000,98225.62000000,98223.29000000,98225.62000000,0.50828000,1736034239999,49925.27510630,330,0.25352000,24901.73700580,0
1736034240000,98225.62000000,98225.62000000,98225.61000000,98225.62000000,0.51585000,1736034299999,50669.68260470,192,0.16862000,16562.80404440,0
1736034300000,98225.61000000,98225.62000000,98225.61000000,98225.62000000,0.66889000,1736034359999,65702.13053290,145,0.22600000,22198.99012000,0
1736034360000,98225.62000000,98225.62000000,98225.61000000,98225.61000000,0.83518000,1736034419999,82036.06799700,156,0.30372000,29833.08530640,0
1736034420000,98225.61000000,98236.00000000,98225.61000000,98235.99000000,2.86728000,1736034479999,281658.80751050,338,2.47002000,242634.84917820,0
1736034480000,98236.00000000,98236.00000000,98235.99000000,98235.99000000,0.55251000,1736034539999,54276.36856670,142,0.17318000,17012.51048000,0
1736034540000,98235.99000000,98263.99000000,98212.26000000,98263.99000000,16.26790000,1736034599999,1597897.77096460,2084,13.51787000,1327758.74662910,0
1736034600000,98263.99000000,98311.24000000,98263.98000000,98307.71000000,9.17317000,1736034659999,901678.20983680,1733,4.16841000,409684.31067980,0
1736034660000,98307.71000000,98307.71000000,98307.70000000,98307.70000000,0.88355000,1736034719999,86859.77133900,176,0.30040000,29531.63608400,0
1736034720000,98307.70000000,98307.71000000,98285.82000000,98285.82000000,3.82002000,1736034779999,375509.18592600,941,0.23450000,23048.88441130,0
1736034780000,98285.83000000,98285.83000000,98276.30000000,98276.30000000,1.74985000,1736034839999,171983.06591400,421,0.25399000,24963.61315240,0
1736034840000,98276.01000000,98276.01000000,98259.40000000,98259.41000000,2.02242000,1736034899999,198731.52156200,385,0.11584000,11382.42433640,0
1736034900000,98259.41000000,98272.49000000,98259.40000000,98272.48000000,2.62614000,1736034959999,258065.40147680,387,2.02693000,199179.65821560,0
1736034960000,98272.48000000,98272.49000000,98265.51000000,98265.52000000,2.43925000,1736035019999,239709.23437470,370,0.11024000,10833.15480830,0
1736035020000,98265.52000000,98265.52000000,98243.24000000,98243.25000000,3.13081000,1736035079999,307617.83555040,703,0.45011000,44221.94159240,0
1736035080000,98243.24000000,98243.25000000,98220.50000000,98220.50000000,3.33422000,1736035139999,327536.53709750,819,0.29026000,28513.74153780,0
1736035140000,98220.50000000,98220.51000000,98220.50000000,98220.50000000,1.94043000,1736035199999,190590.00632200,145,0.15070000,14801.83085700,0
1736035200000,98220.51000000,98256.29000000,98220.50000000,98256.29000000,14.83524000,1736035259999,1457409.50268740,1540,13.30408000,1306987.68321880,0
1736035260000,98256.28000000,98256.36000000,98239.20000000,98240.65000000,13.38479000,1736035319999,1315125.86977340,936,6.06651000,596072.76918600,0
1736035320000,98240.65000000,98240.65000000,98203.68000000,98203.68000000,4.04845000,1736035379999,397651.02990910,1797,0.53229000,52288.36519260,0
1736035380000,98203.69000000,98203.69000000,98185.90000000,98185.90000000,6.22010000,1736035439999,610760.72836970,1735,0.72671000,71358.63799720,0
1736035440000,98185.91000000,98192.91000000,98170.66000000,98170.67000000,5.50595000,1736035499999,540593.45072200,1298,2.71134000,266209.12655510,0
1736035500000,98170.66000000,98170.72000000,98164.00000000,98164.00000000,5.98069000,1736035559999,587096.37116160,800,0.55539000,54521.19916780,0
1736035560000,98164.01000000,98164.01000000,98154.18000000,98154.40000000,4.76329000,1736035619999,467562.96413560,624,0.42210000,41432.44006680,0
1736035620000,98154.40000000,98154.41000000,98154.40000000,98154.40000000,4.33215000,1736035679999,425219.59135290,420,0.73929000,72564.57376890,0
1736035680000,98154.41000000,98252.16000000,98154.40000000,98252.16000000,5.24914000,1736035739999,515391.20633340,2499,4.91586000,482664.87124640,0
1736035740000,98252.16000000,98256.36000000,98252.16000000,98256.35000000,1.70867000,1736035799999,167884.34414190,416,1.07951000,106065.37942330,0
1736035800000,98256.35000000,98262.79000000,98256.35000000,98262.79000000,2.53122000,1736035859999,248715.22627910,588,1.31633000,129338.96030760,0
1736035860000,98262.78000000,98265.52000000,98262.78000000,98265.52000000,2.67904000,1736035919999,263255.14940230,447,1.40849000,138404.83589020,0
1736035920000,98265.51000000,98276.00000000,98265.51000000,98276.00000000,1.75907000,1736035979999,172857.91700270,700,1.10126000,108217.88169600,0
1736035980000,98276.00000000,98328.09000000,98276.00000000,98304.79000000,4.89072000,1736036039999,480808.57473410,2223,2.28452000,224580.55251040,0
1736036040000,98304.80000000,98304.80000000,98286.77000000,98286.77000000,4.86597000,1736036099999,478311.43079010,730,1.08573000,106717.81909820,0
1736036100000,98286.77000000,98332.00000000,98286.77000000,98331.99000000,2.89021000,1736036159999,284114.43656400,1691,2.49897000,245654.21814860,0
1736036160000,98332.00000000,98334.66000000,98306.82000000,98306.82000000,5.04386000,1736036219999,495953.47504690,1705,1.26054000,123950.86723280,0
1736036220000,98306.83000000,98355.82000000,98306.82000000,98355.82000000,5.71991000,1736036279999,562475.52749670,1701,5.26052000,517305.91619160,0
1736036280000,98355.82000000,98391.59000000,98355.82000000,98381.36000000,10.05612000,1736036339999,989274.65063380,2288,6.95166000,683847.67406050,0
1736036340000,98381.36000000,98381.37000000,98353.88000000,98354.45000000,10.23376000,1736036399999,1006596.85510760,1109,5.68239000,558887.46536970,0
1736036400000,98354.45000000,98354.46000000,98306.26000000,98306.26000000,9.02676000,1736036459999,887568.21718460,1928,0.59166000,58185.29522940,0
1736036460000,98306.27000000,98306.27000000,98272.72000000,98272.73000000,4.74244000,1736036519999,466105.08869040,1485,0.88188000,86668.60840150,0
1736036520000,98272.72000000,98272.73000000,98256.36000000,98272.30000000,7.86967000,1736036579999,773323.49251370,1178,4.48858000,441074.77901140,0
1736036580000,98272.31000000,98272.31000000,98219.15000000,98219.61000000,8.37968000,1736036639999,823245.27977330,1621,1.43378000,140884.18551870,0
1736036640000,98219.62000000,98219.62000000,98213.66000000,98213.67000000,2.95513000,1736036699999,290249.80998560,529,0.24758000,24317.13343580,0
1736036700000,98213.67000000,98213.67000000,98213.66000000,98213.67000000,1.03474000,1736036759999,101625.60529670,201,0.27483000,26992.06292610,0
1736036760000,98213.66000000,98213.67000000,98206.50000000,98206.50000000,2.65726000,1736036819999,260971.29610460,452,0.40641000,39914.54501970,0
1736036820000,98206.50000000,98206.51000000,98199.51000000,98206.50000000,3.38680000,1736036879999,332595.05462490,646,0.34939000,34311.02080330,0
1736036880000,98206.50000000,98239.50000000,98206.50000000,98239.50000000,5.72564000,1736036939999,562318.55170040,849,4.37450000,429622.11888570,0
1736036940000,98239.49000000,98272.31000000,98239.49000000,98272.31000000,2.78602000,1736036999999,273766.35513380,890,1.91866000,188534.65220820,0
1736037000000,98272.31000000,98280.42000000,98272.31000000,98272.57000000,2.28921000,1736037059999,224971.41897010,818,1.11416000,109492.50009520,0
1736037060000,98272.57000000,98272.57000000,98258.53000000,98258.53000000,3.21829000,1736037119999,316262.91177430,603,0.28002000,27518.22402090,0
1736037120000,98258.54000000,98258.54000000,98238.24000000,98238.24000000,4.11928000,1736037179999,404714.76686550,1263,0.43332000,42571.67932050,0
1736037180000,98238.25000000,98300.00000000,98238.24000000,98300.00000000,5.51578000,1736037239999,541954.31507300,1745,2.72400000,267679.18280870,0
1736037240000,98300.00000000,98300.00000000,98299.99000000,98300.00000000,1.51127000,1736037299999,148557.83332800,231,0.74407000,73142.08100000,0
1736037300000,98300.00000000,98300.00000000,98290.20000000,98290.20000000,2.03038000,1736037359999,199584.14734150,587,0.31167000,30637.02296100,0
1736037360000,98290.20000000,98336.99000000,98285.48000000,98336.98000000,6.83218000,1736037419999,671567.05838900,1198,5.77360000,567512.90716750,0
1736037420000,98336.99000000,98343.90000000,98334.06000000,98334.07000000,6.48160000,1736037479999,637419.90176500,831,0.68507000,67370.74973870,0
1736037480000,98334.06000000,98334.07000000,98292.00000000,98292.00000000,7.25225000,1736037539999,712971.20631480,1783,0.27834000,27367.15643090,0
1736037540000,98292.00000000,98313.37000000,98285.48000000,98313.36000000,3.18193000,1736037599999,312764.87089800,903,1.51795000,149201.18636630,0
1736037600000,98313.37000000,98313.37000000,98260.06000000,98260.07000000,4.71772000,1736037659999,463668.66268760,1677,0.36303000,35679.41056560,0
1736037660000,98260.06000000,98270.01000000,98260.06000000,98266.42000000,1.69970000,1736037719999,167022.77709380,490,0.56243000,55265.47874870,0
1736037720000,98266.42000000,98266.43000000,98256.00000000,98256.50000000,1.37545000,1736037779999,135153.55130290,633,0.47648000,46818.23004260,0
1736037780000,98256.50000000,98256.50000000,98254.75000000,98254.75000000,0.99609000,1736037839999,97871.83302860,492,0.32185000,31623.68911580,0
1736037840000,98254.75000000,98254.76000000,98254.75000000,98254.75000000,2.75493000,1736037899999,270684.98208320,204,2.36657000,232526.76737320,0
1736037900000,98254.75000000,98279.84000000,98254.75000000,98279.83000000,2.50426000,1736037959999,246086.51353160,875,1.08061000,106185.52870250,0
1736037960000,98279.83000000,98279.84000000,98261.59000000,98261.60000000,3.43482000,1736038019999,337551.27984400,915,0.07817000,7682.10302660,0
1736038020000,98261.60000000,98261.60000000,98244.92000000,98244.92000000,1.59196000,1736038079999,156421.66888190,1181,0.29814000,29295.12033990,0
1736038080000,98244.92000000,98244.93000000,98221.17000000,98221.18000000,2.85481000,1736038139999,280422.78653210,1549,0.47946000,47094.70887200,0
1736038140000,98221.17000000,98221.18000000,98221.17000000,98221.17000000,1.55136000,1736038199999,152376.39976780,273,0.54766000,53791.81143880,0
1736038200000,98221.17000000,98236.79000000,98221.17000000,98236.78000000,2.70693000,1736038259999,265898.15938440,611,1.18072000,115977.67370700,0
1736038260000,98236.78000000,98236.79000000,98212.12000000,98212.12000000,1.94250000,1736038319999,190810.02799810,1190,0.09559000,9389.72107400,0
1736038320000,98212.12000000,98212.13000000,98200.36000000,98200.36000000,2.03899000,1736038379999,200237.12389180,829,0.28371000,27860.96013920,0
1736038380000,98200.37000000,98234.55000000,98200.36000000,98234.55000000,4.29886000,1736038439999,422256.79904210,879,3.56425000,350095.56474200,0
1736038440000,98234.55000000,98234.55000000,98234.54000000,98234.54000000,0.54066000,1736038499999,53111.48807870,134,0.16823000,16525.99834650,0
1736038500000,98234.54000000,98234.55000000,98224.01000000,98224.02000000,2.09402000,1736038559999,205693.03269930,454,0.39675000,38970.73995570,0
1736038560000,98224.01000000,98224.01000000,98213.43000000,98213.43000000,4.04369000,1736038619999,397185.22319710,492,2.26912000,222882.06557120,0
1736038620000,98213.43000000,98213.44000000,98212.55000000,98213.44000000,0.96454000,1736038679999,94730.60958080,337,0.34745000,34124.15601020,0
1736038680000,98213.43000000,98213.44000000,98213.43000000,98213.44000000,0.99356000,1736038739999,97580.93681840,118,0.13076000,12842.38941440,0
1736038740000,98213.43000000,98213.44000000,98213.43000000,98213.43000000,3.63401000,1736038799999,356908.58749020,194,0.07359000,7227.52704960,0
1736038800000,98213.44000000,98222.87000000,98213.43000000,98222.86000000,2.19820000,1736038859999,215901.87406990,646,1.72543000,169465.08713440,0
1736038860000,98222.87000000,98222.87000000,98215.63000000,98215.63000000,2.42571000,1736038919999,238257.40488950,460,0.22400000,22001.07212590,0
1736038920000,98215.63000000,98222.87000000,98207.19000000,98222.86000000,3.30711000,1736038979999,324797.30799940,830,2.63848000,259128.54993440,0
1736038980000,98222.87000000,98222.87000000,98222.86000000,98222.86000000,1.33963000,1736039039999,131582.29499640,246,0.50546000,49647.73187020,0
1736039040000,98222.87000000,98222.87000000,98200.33000000,98200.33000000,2.62806000,1736039099999,258110.35004180,486,0.05843000,5738.64179780,0
1736039100000,98200.34000000,98200.34000000,98181.02000000,98181.02000000,2.79419000,1736039159999,274372.93610330,600,0.33041000,32442.44494900,0
1736039160000,98181.02000000,98181.05000000,98181.02000000,98181.04000000,6.89943000,1736039219999,677393.14002320,264,6.32066000,620568.90990420,0
1736039220000,98181.04000000,98181.05000000,98158.34000000,98158.34000000,6.89218000,1736039279999,676666.01251300,1421,0.43875000,43076.36536340,0
1736039280000,98158.35000000,98158.35000000,98153.84000000,98153.84000000,1.32417000,1736039339999,129973.05663520,513,0.35038000,34391.24006890,0
1736039340000,98153.84000000,98185.75000000,98151.51000000,98185.75000000,4.11943000,1736039399999,404360.35227400,1175,3.39271000,333029.21456720,0
1736039400000,98185.75000000,98219.93000000,98185.74000000,98219.92000000,2.58622000,1736039459999,253953.88216600,827,1.88555000,185147.52094220,0
1736039460000,98219.93000000,98231.70000000,98219.92000000,98231.69000000,4.26807000,1736039519999,419238.26678690,401,4.00999000,393887.34364480,0
1736039520000,98231.69000000,98298.56000000,98231.69000000,98292.71000000,5.04547000,1736039579999,495798.44417990,1757,3.75570000,369027.34171610,0
1736039580000,98292.72000000,98292.72000000,98278.54000000,98281.77000000,6.83123000,1736039639999,671399.73538790,544,3.87169000,380509.38535950,0
1736039640000,98281.77000000,98282.07000000,98281.77000000,98282.07000000,1.09553000,1736039699999,107670.64198430,222,0.62079000,61012.35211940,0
1736039700000,98282.07000000,98282.07000000,98267.35000000,98267.35000000,1.78305000,1736039759999,175230.90058630,733,0.21594000,21220.05683570,0
1736039760000,98267.35000000,98267.36000000,98259.25000000,98259.25000000,0.89633000,1736039819999,88075.84129700,262,0.35811000,35187.72104160,0
1736039820000,98259.25000000,98302.63000000,98259.25000000,98302.62000000,2.77123000,1736039879999,272342.10676900,1046,2.37137000,233051.83950910,0
1736039880000,98302.62000000,98303.04000000,98302.62000000,98303.03000000,1.06692000,1736039939999,104881.28955320,196,0.49786000,48941.13255190,0
1736039940000,98303.04000000,98322.35000000,98303.04000000,98322.34000000,4.28242000,1736039999999,421035.09764690,424,3.94495000,387855.01744060,0
1736040000000,98322.35000000,98322.35000000,98310.16000000,98310.16000000,1.88197000,1736040059999,185029.39488730,589,0.26241000,25797.57900410,0
1736040060000,98310.16000000,98310.17000000,98310.16000000,98310.16000000,1.63822000,1736040119999,161053.67915490,179,0.88397000,86903.24097490,0
1736040120000,98310.16000000,98310.17000000,98288.82000000,98288.82000000,4.91072000,1736040179999,482748.95785740,593,1.29887000,127691.07260310,0
1736040180000,98288.83000000,98288.83000000,98278.90000000,98278.90000000,1.61385000,1736040239999,158608.96517590,439,0.95495000,93851.44593510,0
1736040240000,98278.90000000,98278.91000000,98278.89000000,98278.89000000,3.12568000,1736040299999,307188.40579490,299,1.83971000,180804.69085810,0
1736040300000,98278.89000000,98278.90000000,98252.28000000,98252.28000000,6.46260000,1736040359999,635046.75140860,797,1.86061000,182826.50636020,0
1736040360000,98252.28000000,98252.29000000,98240.08000000,98240.09000000,3.34525000,1736040419999,328664.61557750,655,1.87286000,184005.26085140,0
1736040420000,98240.09000000,98240.09000000,98233.32000000,98233.33000000,2.83342000,1736040479999,278345.67670530,328,2.15851000,212044.47256350,0
1736040480000,98233.32000000,98233.33000000,98213.61000000,98213.61000000,4.71249000,1736040539999,462867.86853390,463,2.61024000,256379.01656340,0
1736040540000,98213.62000000,98213.62000000,98213.61000000,98213.61000000,4.11541000,1736040599999,404189.29047270,212,1.77426000,174256.49742120,0
1736040600000,98213.61000000,98213.62000000,98184.38000000,98184.38000000,8.17400000,1736040659999,802737.90268650,705,2.79347000,274342.96443110,0
1736040660000,98184.38000000,98184.39000000,98141.37000000,98141.37000000,8.53484000,1736040719999,837835.72902000,1261,3.34358000,328226.04163100,0
1736040720000,98141.38000000,98148.70000000,98123.86000000,98148.69000000,6.65103000,1736040779999,652689.04914870,1457,4.31807000,423750.10057280,0
1736040780000,98148.70000000,98176.20000000,98148.69000000,98176.20000000,12.86542000,1736040839999,1262959.89896040,813,7.10903000,697835.23554280,0
1736040840000,98176.20000000,98176.20000000,98159.92000000,98159.92000000,2.87564000,1736040899999,282289.38796860,707,0.65266000,64067.39825610,0
1736040900000,98159.92000000,98159.93000000,98150.00000000,98150.00000000,2.09221000,1736040959999,205367.50081270,517,0.64536000,63347.89176880,0
1736040960000,98150.01000000,98150.01000000,98073.44000000,98083.40000000,12.29437000,1736041019999,1206265.76006730,3681,1.82108000,178650.98601420,0
1736041020000,98083.40000000,98117.17000000,98083.39000000,98088.77000000,7.38031000,1736041079999,724010.13734610,1619,2.47842000,243129.79064260,0
1736041080000,98088.77000000,98101.58000000,98070.47000000,98101.58000000,4.98264000,1736041139999,488713.89506420,1697,2.40796000,236183.10998360,0
1736041140000,98101.57000000,98101.57000000,98090.11000000,98090.90000000,8.32671000,1736041199999,816831.05458480,622,0.53284000,52266.52755160,0
1736041200000,98090.91000000,98090.91000000,98062.36000000,98082.00000000,7.04719000,1736041259999,691141.44020840,1843,3.32013000,325606.92140120,0
1736041260000,98082.00000000,98131.70000000,98082.00000000,98131.69000000,3.07798000,1736041319999,301973.79048500,1336,2.76845000,271606.46459760,0
1736041320000,98131.69000000,98132.38000000,98131.69000000,98132.37000000,0.45513000,1736041379999,44662.94464690,227,0.15322000,15035.83238560,0
1736041380000,98132.37000000,98150.01000000,98132.37000000,98150.00000000,1.34182000,1736041439999,131688.81149620,499,1.05225000,103268.30476570,0
1736041440000,98150.00000000,98150.54000000,98150.00000000,98150.53000000,3.51753000,1736041499999,345245.85116990,220,3.30232000,324122.88905100,0
1736041500000,98150.53000000,98150.54000000,98141.27000000,98141.27000000,6.49115000,1736041559999,637102.83207750,417,2.17019000,213005.28697400,0
1736041560000,98141.28000000,98141.28000000,98117.95000000,98117.96000000,2.37052000,1736041619999,232613.34367220,1055,1.28532000,126120.63100660,0
1736041620000,98117.95000000,98117.96000000,98080.00000000,98080.00000000,5.15857000,1736041679999,506063.81364250,1382,0.11125000,10912.68089100,0
1736041680000,98080.01000000,98080.01000000,98080.00000000,98080.01000000,1.47480000,1736041739999,144648.38941140,176,0.54114000,53075.01661140,0
1736041740000,98080.00000000,98080.01000000,98059.61000000,98059.61000000,4.99379000,1736041799999,489755.00360670,934,1.15301000,113074.79245190,0
1736041800000,98059.61000000,98059.62000000,98059.61000000,98059.61000000,0.72276000,1736041859999,70873.56577230,177,0.20487000,20089.47434940,0
1736041860000,98059.62000000,98059.62000000,98058.82000000,98058.82000000,2.22552000,1736041919999,218232.69454200,390,1.04270000,102246.11834530,0
1736041920000,98058.82000000,98076.00000000,98058.82000000,98075.99000000,7.83860000,1736041979999,768680.20408930,760,7.52855000,738272.72827150,0
1736041980000,98075.99000000,98076.00000000,98050.00000000,98050.01000000,2.52658000,1736042039999,247758.06798610,1154,0.47106000,46190.45484010,0
1736042040000,98050.01000000,98050.01000000,98050.00000000,98050.01000000,0.89081000,1736042099999,87343.92185340,168,0.13534000,13270.08835340,0
1736042100000,98050.01000000,98050.01000000,98050.00000000,98050.01000000,1.10136000,1736042159999,107988.34997140,176,0.19714000,19329.57897140,0
1736042160000,98050.01000000,98078.87000000,98050.00000000,98078.87000000,3.21223000,1736042219999,315001.70314120,846,2.33321000,228802.51789380,0
1736042220000,98078.87000000,98100.00000000,98078.87000000,98100.00000000,3.63712000,1736042279999,356759.87701940,901,2.29103000,224736.30310410,0
1736042280000,98099.99000000,98127.42000000,98099.99000000,98127.42000000,2.12735000,1736042339999,208717.91736290,825,1.74005000,170719.44771000,0
1736042340000,98127.41000000,98133.35000000,98123.52000000,98123.53000000,3.78030000,1736042399999,370961.98564700,571,0.44546000,43713.57868000,0
1736042400000,98123.53000000,98141.54000000,98123.52000000,98141.53000000,1.80602000,1736042459999,177233.34955110,710,0.97200000,95384.76304420,0
1736042460000,98141.53000000,98141.54000000,98141.53000000,98141.53000000,0.87909000,1736042519999,86275.24088720,199,0.32795000,32185.51804300,0
1736042520000,98141.54000000,98141.54000000,98131.72000000,98131.73000000,3.42027000,1736042579999,335665.34809810,415,0.48283000,47384.23631480,0
1736042580000,98131.72000000,98150.00000000,98131.72000000,98149.99000000,1.47979000,1736042639999,145231.25181970,731,1.08747000,106727.17370520,0
1736042640000,98149.99000000,98150.00000000,98149.99000000,98150.00000000,0.60245000,1736042699999,59130.46359060,121,0.21151000,20759.70650000,0
1736042700000,98149.99000000,98150.00000000,98149.99000000,98149.99000000,0.86606000,1736042759999,85003.78378820,103,0.34488000,33849.97200000,0
1736042760000,98150.00000000,98150.00000000,98137.73000000,98137.73000000,3.04880000,1736042819999,299227.31261960,649,0.09004000,8837.42538200,0
1736042820000,98136.89000000,98150.00000000,98134.17000000,98150.00000000,1.36506000,1736042879999,133968.89870010,646,0.90073000,88399.14937780,0
1736042880000,98150.00000000,98150.00000000,98149.99000000,98150.00000000,2.81370000,1736042939999,276164.65179280,177,2.49298000,244685.98700000,0
1736042940000,98150.00000000,98187.34000000,98150.00000000,98184.43000000,11.29738000,1736042999999,1109072.90664330,1618,9.22394000,905495.81704030,0
1736043000000,98184.44000000,98184.44000000,98170.17000000,98180.00000000,3.22781000,1736043059999,316891.28044440,589,0.58233000,57169.88370160,0
1736043060000,98180.00000000,98198.05000000,98179.99000000,98198.04000000,1.58229000,1736043119999,155365.78001700,427,0.79589000,78148.66338850,0
1736043120000,98198.04000000,98198.05000000,98187.17000000,98187.17000000,2.73495000,1736043179999,268554.01750640,515,0.17660000,17340.77754660,0
1736043180000,98187.17000000,98187.18000000,98171.32000000,98171.33000000,2.34582000,1736043239999,230314.71212550,815,0.77719000,76305.63546780,0
1736043240000,98171.33000000,98189.06000000,98171.32000000,98189.05000000,4.23612000,1736043299999,415876.33438920,764,3.57970000,351429.14268980,0
1736043300000,98189.06000000,98189.06000000,98189.05000000,98189.06000000,0.66275000,1736043359999,65074.79571960,170,0.28321000,27808.12368260,0
1736043360000,98189.06000000,98189.06000000,98189.05000000,98189.05000000,0.61586000,1736043419999,60470.70912350,156,0.07905000,7761.84519300,0
1736043420000,98189.06000000,98189.06000000,98181.81000000,98181.81000000,1.62479000,1736043479999,159535.80662650,343,0.15115000,14841.20293300,0
1736043480000,98181.82000000,98190.01000000,98171.32000000,98190.00000000,18.66341000,1736043539999,1832377.81510080,546,9.44034000,926822.03726940,0
1736043540000,98190.00000000,98190.01000000,98179.78000000,98179.79000000,1.31432000,1736043599999,129051.64665740,366,0.16151000,15858.29763130,0
1736043600000,98179.79000000,98179.79000000,98178.63000000,98178.64000000,6.64464000,1736043659999,652362.11919820,330,0.32690000,32094.62034230,0
1736043660000,98178.63000000,98178.64000000,98175.18000000,98175.18000000,8.54651000,1736043719999,839057.25486320,343,0.50534000,49612.00505400,0
1736043720000,98175.19000000,98178.65000000,98175.18000000,98178.65000000,4.56494000,1736043779999,448171.32484750,431,3.41174000,334954.28901150,0
1736043780000,98178.65000000,98209.69000000,98178.64000000,98209.69000000,3.19105000,1736043839999,313315.73156960,875,2.95711000,290345.47908500,0
1736043840000,98209.69000000,98209.69000000,98181.64000000,98181.64000000,2.59346000,1736043899999,254677.20618220,1198,0.82032000,80561.92213510,0
1736043900000,98181.64000000,98181.65000000,98154.32000000,98154.32000000,1.37918000,1736043959999,135392.04633300,1375,0.13050000,12810.64050740,0
1736043960000,98154.33000000,98168.00000000,98154.32000000,98168.00000000,2.08412000,1736044019999,204584.34830010,473,0.97469000,95677.20134390,0
1736044020000,98167.99000000,98212.13000000,98167.99000000,98212.13000000,3.30903000,1736044079999,324912.94977200,1220,1.71815000,168689.61979080,0
1736044080000,98212.13000000,98212.13000000,98198.31000000,98198.35000000,3.97979000,1736044139999,390820.38262320,740,2.46985000,242535.56518890,0
1736044140000,98198.35000000,98198.35000000,98181.81000000,98181.82000000,2.04538000,1736044199999,200837.23707860,1044,0.14251000,13992.84483230,0
1736044200000,98181.81000000,98181.82000000,98147.07000000,98147.07000000,2.30633000,1736044259999,226392.57537840,1207,0.14879000,14605.89416500,0
1736044260000,98147.08000000,98147.08000000,98112.20000000,98112.20000000,4.49414000,1736044319999,440981.22845430,1282,0.11224000,11015.29960690,0
1736044320000,98112.20000000,98112.21000000,98105.41000000,98105.42000000,0.66709000,1736044379999,65447.01937830,412,0.15142000,14855.98093310,0
1736044380000,98105.41000000,98114.99000000,98105.41000000,98114.98000000,10.96934000,1736044439999,1076186.16599840,373,9.16546000,899214.07034380,0
1736044440000,98114.98000000,98148.00000000,98114.98000000,98148.00000000,2.50448000,1736044499999,245773.65745290,724,2.07858000,203980.10053600,0
1736044500000,98147.99000000,98150.00000000,98147.99000000,98149.99000000,1.55749000,1736044559999,152865.65814180,237,0.84989000,83415.89409780,0
1736044560000,98150.00000000,98150.00000000,98114.64000000,98114.65000000,4.30821000,1736044619999,422795.71238170,1093,0.13275000,13026.11061070,0
1736044620000,98114.65000000,98181.82000000,98114.64000000,98181.82000000,3.59356000,1736044679999,352703.60621350,1350,2.43982000,239474.51434140,0
1736044680000,98181.81000000,98181.82000000,98158.71000000,98158.71000000,1.90874000,1736044739999,187387.02751620,822,0.26398000,25914.70874180,0
1736044740000,98158.71000000,98158.72000000,98129.65000000,98129.66000000,3.96622000,1736044799999,389262.50004830,922,0.27020000,26516.97028400,0
1736044800000,98129.65000000,98152.41000000,98129.65000000,98152.40000000,2.48552000,1736044859999,243922.42026990,577,1.35545000,133013.02174360,0
1736044860000,98152.41000000,98154.34000000,98152.40000000,98154.33000000,1.11113000,1736044919999,109060.98020860,295,0.48353000,47459.97749170,0
1736044920000,98154.34000000,98154.34000000,98135.55000000,98135.55000000,2.33388000,1736044979999,229060.34435860,655,0.27277000,26772.95559810,0
1736044980000,98135.55000000,98151.31000000,98129.39000000,98151.31000000,1.23072000,1736045039999,120774.50097720,976,0.97536000,95715.36129730,0
1736045040000,98151.31000000,98154.34000000,98151.30000000,98154.34000000,0.35788000,1736045099999,35126.73764010,273,0.24964000,24502.71101540,0
1736045100000,98154.33000000,98160.64000000,98154.33000000,98160.63000000,5.73475000,1736045159999,562894.56961820,718,5.30030000,520250.25568450,0
1736045160000,98160.63000000,98160.64000000,98154.33000000,98154.34000000,1.73273000,1736045219999,170078.43595410,426,0.20688000,20306.33001000,0
1736045220000,98154.34000000,98179.27000000,98154.33000000,98179.27000000,1.29476000,1736045279999,127103.23164290,649,0.70305000,69014.02173160,0
1736045280000,98179.27000000,98179.27000000,98162.61000000,98167.09000000,7.91198000,1736045339999,776731.77708790,570,0.78019000,76589.81211810,0
1736045340000,98167.09000000,98167.10000000,98167.09000000,98167.10000000,3.96731000,1736045399999,389459.28407380,189,0.62459000,61314.18898900,0
1736045400000,98167.10000000,98174.46000000,98167.09000000,98171.42000000,2.09709000,1736045459999,205869.20012720,405,1.06308000,104360.53409190,0
1736045460000,98171.42000000,98171.43000000,98171.42000000,98171.42000000,0.44517000,1736045519999,43702.97172690,161,0.06855000,6729.65152650,0
1736045520000,98171.42000000,98171.43000000,98171.42000000,98171.43000000,0.25103000,1736045579999,24643.97232290,113,0.07603000,7463.97382290,0
1736045580000,98171.43000000,98171.43000000,98171.42000000,98171.43000000,2.05114000,1736045639999,201363.33036870,126,0.39499000,38776.73313570,0
1736045640000,98171.43000000,98171.43000000,98164.37000000,98164.37000000,4.08331000,1736045699999,400857.92438330,270,0.28571000,28047.14602230,0
1736045700000,98164.38000000,98164.38000000,98164.37000000,98164.38000000,0.54989000,1736045759999,53979.60676770,103,0.13484000,13236.48499920,0
1736045760000,98164.38000000,98200.00000000,98164.38000000,98199.99000000,3.13150000,1736045819999,307483.75075130,830,2.83859000,278720.72907920,0
1736045820000,98200.00000000,98212.13000000,98199.99000000,98212.12000000,4.20465000,1736045879999,412934.01268610,436,1.40441000,137923.82794940,0
1736045880000,98212.13000000,98218.94000000,98212.12000000,98218.94000000,2.08345000,1736045939999,204624.65017610,479,1.58094000,155271.15159770,0
1736045940000,98218.94000000,98227.49000000,98218.93000000,98227.48000000,1.27846000,1736045999999,125579.16671010,259,0.67239000,66046.43876150,0
1736046000000,98227.49000000,98227.49000000,98213.59000000,98227.43000000,5.71139000,1736046059999,560982.43562710,874,2.79569000,274588.09084140,0
1736046060000,98227.42000000,98227.43000000,98200.00000000,98200.00000000,2.57695000,1736046119999,253097.40351400,1146,0.18098000,17776.11980920,0
1736046120000,98200.01000000,98200.01000000,98198.92000000,98198.93000000,0.76276000,1736046179999,74902.25002870,179,0.35403000,34765.36741110,0
1736046180000,98198.92000000,98198.93000000,98198.92000000,98198.93000000,0.85262000,1736046239999,83726.36961370,135,0.64433000,63272.51656690,0
1736046240000,98198.93000000,98198.93000000,98184.05000000,98184.06000000,1.08195000,1736046299999,106236.80041990,704,0.44111000,43312.80420810,0
1736046300000,98184.05000000,98188.77000000,98184.05000000,98188.76000000,0.84572000,1736046359999,83036.74470480,213,0.61651000,60531.55315000,0
1736046360000,98188.77000000,98188.77000000,98165.18000000,98165.18000000,2.41974000,1736046419999,237574.53661160,1098,0.74575000,73214.36134120,0
1736046420000,98165.19000000,98165.19000000,98155.33000000,98155.33000000,0.99200000,1736046479999,97377.71667100,546,0.55849000,54823.59769380,0
1736046480000,98155.34000000,98155.34000000,98155.33000000,98155.33000000,0.52258000,1736046539999,51294.01333270,155,0.09813000,9631.98351420,0
1736046540000,98155.34000000,98180.31000000,98155.33000000,98180.31000000,3.72563000,1736046599999,365754.88672750,701,1.51575000,148793.06820790,0
1736046600000,98180.31000000,98180.31000000,98180.30000000,98180.31000000,0.65613000,1736046659999,64419.04254180,169,0.23028000,22608.96178680,0
1736046660000,98180.31000000,98188.02000000,98180.30000000,98188.01000000,3.70915000,1736046719999,364187.27007740,499,3.29176000,323206.21930130,0
1736046720000,98188.02000000,98188.02000000,98188.01000000,98188.02000000,0.36571000,1736046779999,35908.33822040,148,0.10833000,10636.70820660,0
1736046780000,98188.01000000,98188.02000000,98187.99000000,98188.00000000,0.77271000,1736046839999,75870.85110190,273,0.27457000,26959.48057720,0
1736046840000,98188.00000000,98188.00000000,98177.54000000,98177.54000000,0.78561000,1736046899999,77133.18254890,433,0.22172000,21769.05890430,0
1736046900000,98177.55000000,98177.55000000,98177.54000000,98177.54000000,1.14128000,1736046959999,112048.06767100,137,0.48198000,47319.61554900,0
1736046960000,98177.54000000,98177.55000000,98171.78000000,98177.54000000,2.95986000,1736047019999,290586.69628440,432,1.33845000,131401.28488000,0
1736047020000,98177.55000000,98177.55000000,98177.54000000,98177.54000000,1.07494000,1736047079999,105534.96940340,114,0.45558000,44727.72822900,0
1736047080000,98177.55000000,98177.55000000,98138.90000000,98138.91000000,4.78213000,1736047139999,469442.27013660,1577,0.34046000,33415.75010960,0
1736047140000,98138.90000000,98138.91000000,98118.71000000,98118.71000000,2.87708000,1736047199999,282311.69852970,705,0.31921000,31322.29433010,0
1736047200000,98118.71000000,98139.99000000,98118.71000000,98139.99000000,1.50766000,1736047259999,147942.98208050,795,1.06899000,104896.42123750,0
1736047260000,98140.00000000,98140.00000000,98122.26000000,98122.26000000,1.37576000,1736047319999,135004.50312830,591,0.61120000,59976.75478110,0
1736047320000,98122.27000000,98122.27000000,98121.21000000,98121.22000000,0.65942000,1736047379999,64703.25723670,272,0.44801000,43959.41018630,0
1736047380000,98121.21000000,98121.22000000,98121.21000000,98121.21000000,1.22446000,1736047439999,120145.50102780,185,0.42312000,41517.05060640,0
1736047440000,98121.22000000,98121.22000000,98115.30000000,98115.30000000,1.40339000,1736047499999,137699.43312240,330,0.39413000,38670.86542100,0
1736047500000,98115.30000000,98122.34000000,98115.30000000,98122.33000000,3.43779000,1736047559999,337322.49889670,522,1.74599000,171319.26748880,0
1736047560000,98122.34000000,98184.92000000,98122.33000000,98184.91000000,3.07209000,1736047619999,301543.75533370,1550,2.62777000,257923.97706420,0
1736047620000,98184.91000000,98184.92000000,98170.12000000,98170.13000000,4.62984000,1736047679999,454551.68802400,728,3.39316000,333135.61822040,0
1736047680000,98170.12000000,98170.13000000,98152.01000000,98152.01000000,5.49451000,1736047739999,539350.13952310,622,2.34736000,230436.86184620,0
1736047740000,98152.02000000,98152.02000000,98152.01000000,98152.01000000,0.96131000,1736047799999,94354.51375210,119,0.50190000,49262.49883800,0
1736047800000,98152.01000000,98152.02000000,98128.03000000,98128.03000000,3.47448000,1736047859999,341003.52866970,1976,1.40022000,137428.04817250,0
1736047860000,98128.03000000,98128.03000000,98123.92000000,98123.93000000,1.50345000,1736047919999,147525.82035230,390,0.78631000,77155.87719010,0
1736047920000,98123.93000000,98123.93000000,98115.31000000,98121.82000000,2.78668000,1736047979999,273419.87190990,846,1.83413000,179957.96640890,0
1736047980000,98121.81000000,98139.65000000,98121.81000000,98139.65000000,1.93068000,1736048039999,189456.94531470,576,0.90023000,88337.17128210,0
1736048040000,98139.65000000,98139.65000000,98133.62000000,98133.62000000,1.26313000,1736048099999,123956.51002340,313,0.96455000,94654.80690330,0
1736048100000,98133.63000000,98152.02000000,98133.62000000,98152.01000000,3.65322000,1736048159999,358543.75990500,708,2.30088000,225823.09112530,0
1736048160000,98152.02000000,98178.04000000,98152.01000000,98178.03000000,7.36338000,1736048219999,722802.17970110,587,5.42443000,532440.89427340,0
1736048220000,98178.03000000,98178.04000000,98157.28000000,98157.28000000,4.81818000,1736048279999,472989.71134740,933,1.29649000,127272.58874100,0
1736048280000,98157.28000000,98157.29000000,98152.02000000,98152.03000000,2.89712000,1736048339999,284368.89520400,555,0.66948000,65713.98418910,0
1736048340000,98152.03000000,98152.03000000,98150.69000000,98150.69000000,0.81532000,1736048399999,80024.39413370,246,0.51525000,50572.16045450,0
1736048400000,98150.69000000,98150.70000000,98135.18000000,98135.61000000,3.64303000,1736048459999,357559.90735680,1200,0.82119000,80600.26111060,0
1736048460000,98135.61000000,98135.61000000,98111.37000000,98111.37000000,2.54538000,1736048519999,249769.88137130,1916,0.37643000,36936.84388990,0
1736048520000,98111.38000000,98111.38000000,98105.02000000,98105.03000000,1.25143000,1736048579999,122774.78120290,221,0.43207000,42388.72259050,0
1736048580000,98105.02000000,98105.03000000,98105.02000000,98105.02000000,3.37882000,1736048639999,331479.20887200,188,0.51956000,50971.44938680,0
1736048640000,98105.03000000,98105.03000000,98100.00000000,98100.00000000,1.95330000,1736048699999,191627.18301820,381,0.39547000,38797.34185070,0
1736048700000,98100.00000000,98100.01000000,98069.00000000,98069.00000000,8.42107000,1736048759999,825963.79716670,1629,0.41676000,40875.25705560,0
1736048760000,98069.00000000,98093.61000000,98069.00000000,98093.60000000,3.49456000,1736048819999,342728.21940060,856,3.23056000,316835.21604620,0
1736048820000,98093.60000000,98105.03000000,98093.60000000,98105.03000000,2.50137000,1736048879999,245393.94017950,497,2.09816000,205837.12608590,0
1736048880000,98105.03000000,98114.26000000,98105.02000000,98114.26000000,1.59388000,1736048939999,156377.40115890,462,1.37575000,134976.87204940,0
1736048940000,98114.25000000,98150.70000000,98114.25000000,98150.70000000,4.46244000,1736048999999,437935.71876080,1015,4.25580000,417656.08029620,0
1736049000000,98150.69000000,98150.70000000,98150.69000000,98150.69000000,2.01875000,1736049059999,198141.72057890,160,1.51414000,148613.90089800,0
1736049060000,98150.70000000,98150.70000000,98150.69000000,98150.69000000,1.46587000,1736049119999,143876.15491040,131,0.29601000,29053.58870700,0
1736049120000,98150.69000000,98150.70000000,98150.69000000,98150.69000000,1.19594000,1736049179999,117382.33904120,141,0.28426000,27900.31798200,0
1736049180000,98150.70000000,98150.70000000,98150.69000000,98150.69000000,1.03508000,1736049239999,101593.81925510,149,0.30499000,29934.98199300,0
1736049240000,98150.70000000,98150.70000000,98135.53000000,98147.91000000,2.46023000,1736049299999,241459.45054070,1027,0.68526000,67251.90509140,0
1736049300000,98147.91000000,98166.09000000,98147.90000000,98166.08000000,3.40112000,1736049359999,333842.25823790,481,3.04291000,298678.24653330,0
1736049360000,98166.08000000,98166.09000000,98166.08000000,98166.08000000,1.61224000,1736049419999,158267.29182100,123,1.10018000,108000.36889620,0
1736049420000,98166.09000000,98166.09000000,98166.08000000,98166.08000000,0.62447000,1736049479999,61301.77459490,95,0.26173000,25693.01073570,0
1736049480000,98166.09000000,98187.97000000,98166.08000000,98187.96000000,10.41880000,1736049539999,1022797.15726740,808,2.56507000,251822.54629350,0
1736049540000,98187.96000000,98187.97000000,98187.96000000,98187.96000000,0.87216000,1736049599999,85635.61686250,108,0.56689000,55661.77831330,0
1736049600000,98187.97000000,98237.25000000,98187.96000000,98237.25000000,4.19199000,1736049659999,411704.37787760,1298,3.50799000,344519.74948670,0
1736049660000,98237.24000000,98259.09000000,98230.88000000,98259.09000000,4.54810000,1736049719999,446835.23483320,1321,2.66799000,262125.16559570,0
1736049720000,98259.08000000,98259.35000000,98259.08000000,98259.35000000,5.85657000,1736049779999,575461.23969510,379,5.54552000,544897.75284910,0
1736049780000,98259.34000000,98270.00000000,98259.34000000,98269.98000000,1.70565000,1736049839999,167611.54231460,646,0.99133000,97415.75615980,0
1736049840000,98269.99000000,98270.00000000,98250.40000000,98270.00000000,4.56387000,1736049899999,448462.89147930,1670,0.96102000,94429.34549060,0
1736049900000,98270.00000000,98270.00000000,98268.58000000,98268.58000000,4.72377000,1736049959999,464203.96168570,234,1.29241000,127004.33489600,0
1736049960000,98268.59000000,98300.00000000,98268.58000000,98299.99000000,4.43964000,1736050019999,436299.16778170,1052,3.89442000,382718.95418950,0
1736050020000,98300.00000000,98300.00000000,98299.99000000,98299.99000000,1.28812000,1736050079999,126622.19357070,148,1.04519000,102742.17700000,0
1736050080000,98299.99000000,98309.82000000,98299.99000000,98309.82000000,4.29097000,1736050139999,421821.98972610,348,3.73098000,366770.55962060,0
1736050140000,98309.82000000,98343.00000000,98309.81000000,98343.00000000,3.18491000,1736050199999,313187.00827670,1280,2.97356000,292405.32820170,0
1736050200000,98343.00000000,98343.00000000,98321.83000000,98321.83000000,4.82914000,1736050259999,474852.57023680,647,1.85254000,182146.49460120,0
1736050260000,98321.84000000,98380.00000000,98321.83000000,98379.99000000,15.88604000,1736050319999,1562556.92397830,1057,15.43311000,1518003.78383360,0
1736050320000,98379.99000000,98380.00000000,98361.52000000,98361.53000000,2.92174000,1736050379999,287418.37832870,794,1.45745000,143368.32462630,0
1736050380000,98361.52000000,98361.53000000,98284.75000000,98284.78000000,35.33323000,1736050439999,3474083.74406940,2045,11.57183000,1137933.43266750,0
1736050440000,98284.78000000,98284.78000000,98266.85000000,98266.86000000,3.15439000,1736050499999,309981.87648200,586,0.58819000,57799.71843590,0
1736050500000,98266.85000000,98266.85000000,98252.00000000,98252.01000000,4.71494000,1736050559999,463281.39463500,512,2.10474000,206809.51056710,0
1736050560000,98252.01000000,98266.86000000,98252.00000000,98266.86000000,2.02522000,1736050619999,198996.42423810,685,1.20245000,118148.69101420,0
1736050620000,98266.86000000,98286.44000000,98266.85000000,98276.90000000,1.55392000,1736050679999,152716.60180750,1101,0.97011000,95338.38547060,0
1736050680000,98276.91000000,98300.03000000,98276.90000000,98300.01000000,8.30419000,1736050739999,816288.48812920,703,7.92607000,779122.24971440,0
1736050740000,98300.01000000,98300.01000000,98284.52000000,98289.83000000,4.92562000,1736050799999,484155.86962790,613,1.37746000,135390.14743020,0
1736050800000,98289.83000000,98355.89000000,98289.83000000,98355.89000000,1.99092000,1736050859999,195755.60020610,2069,1.71326000,168455.83902500,0
1736050860000,98355.88000000,98378.00000000,98354.51000000,98378.00000000,3.17466000,1736050919999,312264.17873370,1035,2.43402000,239416.65535560,0
1736050920000,98377.99000000,98378.00000000,98377.99000000,98378.00000000,0.98955000,1736050979999,97349.94511380,188,0.51093000,50264.27154000,0
1736050980000,98378.00000000,98378.00000000,98370.22000000,98377.98000000,1.55403000,1736051039999,152878.60466540,627,0.92820000,91311.23158580,0
1736051040000,98377.98000000,98377.99000000,98377.98000000,98377.99000000,0.80356000,1736051099999,79052.61462200,134,0.50132000,49318.85394680,0
1736051100000,98377.99000000,98435.52000000,98377.98000000,98412.15000000,15.05892000,1736051159999,1481921.49605430,2418,13.61245000,1339562.88217600,0
1736051160000,98412.14000000,98436.85000000,98402.99000000,98436.84000000,6.14420000,1736051219999,604697.45154380,1289,4.54229000,447048.27506860,0
1736051220000,98436.84000000,98515.92000000,98436.84000000,98510.81000000,12.37283000,1736051279999,1218490.50339380,2664,10.32590000,1016923.31616290,0
1736051280000,98510.81000000,98522.76000000,98482.66000000,98522.75000000,4.78214000,1736051339999,471041.26034050,1670,3.58310000,352940.60511570,0
1736051340000,98522.75000000,98522.76000000,98484.67000000,98487.16000000,9.00372000,1736051399999,886900.92964590,1315,3.15948000,311218.27657780,0
1736051400000,98487.17000000,98487.17000000,98451.25000000,98469.13000000,9.59966000,1736051459999,945274.93725570,2224,1.68039000,165453.99372910,0
1736051460000,98469.13000000,98469.13000000,98444.83000000,98444.83000000,3.68380000,1736051519999,362664.10454370,1063,1.68144000,165533.39320830,0
1736051520000,98444.83000000,98444.83000000,98429.95000000,98443.03000000,4.40566000,1736051579999,433680.72083020,927,1.96808000,193722.29964080,0
1736051580000,98443.03000000,98471.59000000,98443.03000000,98464.30000000,2.65562000,1736051639999,261463.68927470,973,2.11398000,208129.65140050,0
1736051640000,98464.31000000,98464.31000000,98431.75000000,98431.75000000,2.12993000,1736051699999,209687.83421290,831,0.43579000,42904.93876360,0
1736051700000,98431.76000000,98431.76000000,98411.10000000,98411.10000000,2.15666000,1736051759999,212262.57716270,896,0.21876000,21530.91721770,0
1736051760000,98411.11000000,98447.36000000,98411.10000000,98447.36000000,2.78188000,1736051819999,273783.54262480,1221,2.24408000,220855.99004930,0
1736051820000,98447.37000000,98447.37000000,98447.36000000,98447.37000000,1.25291000,1736051879999,123345.68639540,154,0.45778000,45067.23703860,0
1736051880000,98447.37000000,98455.69000000,98447.36000000,98455.68000000,1.24599000,1736051939999,122668.37912750,540,0.88674000,87299.91011830,0
1736051940000,98455.68000000,98471.58000000,98455.68000000,98471.58000000,1.38777000,1736051999999,136640.56636110,472,0.95237000,93770.76019250,0
1736052000000,98471.57000000,98471.57000000,98438.64000000,98438.64000000,1.81498000,1736052059999,178697.86399180,843,0.21347000,21018.00015060,0
1736052060000,98438.65000000,98438.65000000,98438.00000000,98438.00000000,0.91154000,1736052119999,89730.45429650,232,0.12936000,12734.00397240,0
1736052120000,98438.00000000,98438.01000000,98428.00000000,98428.01000000,1.30104000,1736052179999,128062.15711850,446,0.11151000,10976.21747640,0
1736052180000,98428.00000000,98428.01000000,98409.79000000,98409.79000000,2.36535000,1736052239999,232798.84026290,626,0.25067000,24671.64231460,0
1736052240000,98409.80000000,98409.80000000,98391.67000000,98391.67000000,3.50775000,1736052299999,345169.57737490,564,0.35929000,35355.88017810,0
1736052300000,98391.68000000,98391.68000000,98365.83000000,98366.25000000,1.76080000,1736052359999,173211.37156580,1032,0.42605000,41909.04846330,0
1736052360000,98366.24000000,98366.25000000,98366.24000000,98366.25000000,0.64931000,1736052419999,63870.18716680,121,0.38724000,38091.34665000,0
1736052420000,98366.24000000,98367.57000000,98366.24000000,98367.15000000,1.85995000,1736052479999,182957.16531600,265,1.32711000,130543.37187940,0
1736052480000,98367.14000000,98386.46000000,98367.14000000,98386.46000000,1.27748000,1736052539999,125669.93184090,569,1.10072000,108280.56512110,0
1736052540000,98386.45000000,98386.46000000,98386.42000000,98386.42000000,0.37276000,1736052599999,36674.52950120,191,0.06182000,6082.25023100,0
1736052600000,98386.42000000,98386.43000000,98376.42000000,98376.43000000,1.13546000,1736052659999,111710.48300360,288,0.03579000,3520.97801930,0
1736052660000,98376.43000000,98376.43000000,98376.42000000,98376.42000000,1.38483000,1736052719999,136234.62962550,155,1.19169000,117234.20786670,0
1736052720000,98376.43000000,98388.72000000,98376.42000000,98388.71000000,1.27282000,1736052779999,125225.77603100,378,1.01639000,99996.65005940,0
1736052780000,98388.71000000,98388.72000000,98388.71000000,98388.72000000,1.32179000,1736052839999,130049.21886740,120,0.58765000,57818.13130800,0
1736052840000,98388.72000000,98388.72000000,98380.02000000,98380.02000000,1.94090000,1736052899999,190961.21562500,465,0.74164000,72968.84494910,0
1736052900000,98380.02000000,98380.02000000,98361.27000000,98361.28000000,1.43941000,1736052959999,141594.71372940,978,0.11854000,11660.23953140,0
1736052960000,98361.27000000,98361.28000000,98348.15000000,98348.16000000,3.07013000,1736053019999,301954.95802570,481,0.37260000,36645.05706260,0
1736053020000,98348.15000000,98357.46000000,98348.15000000,98357.45000000,0.92191000,1736053079999,90669.78788110,386,0.65749000,64663.84605310,0
1736053080000,98357.45000000,98357.46000000,98357.45000000,98357.46000000,0.45603000,1736053139999,44853.95040660,88,0.24831000,24423.14089260,0
1736053140000,98357.46000000,98357.46000000,98357.45000000,98357.46000000,0.27610000,1736053199999,27156.49246920,80,0.05242000,5155.89805320,0
1736053200000,98357.46000000,98381.05000000,98357.45000000,98381.04000000,3.19247000,1736053259999,314047.14043820,846,1.97089000,193867.34938270,0
1736053260000,98381.04000000,98381.05000000,98381.04000000,98381.05000000,1.70814000,1736053319999,168048.59855420,219,0.88886000,87446.98010300,0
1736053320000,98381.05000000,98381.05000000,98376.10000000,98376.10000000,1.57163000,1736053379999,154616.99701010,324,0.47248000,46482.98474280,0
1736053380000,98376.11000000,98376.11000000,98363.63000000,98363.64000000,1.02037000,1736053439999,100374.51941550,392,0.23192000,22814.41328770,0
1736053440000,98363.64000000,98363.64000000,98363.63000000,98363.63000000,0.82080000,1736053499999,80736.87079180,146,0.32878000,32339.99755920,0
1736053500000,98363.63000000,98363.64000000,98358.48000000,98358.49000000,1.53468000,1736053559999,150953.87451100,276,0.28339000,27874.37316160,0
1736053560000,98358.48000000,98358.49000000,98350.00000000,98350.00000000,4.88370000,1736053619999,480320.92362430,273,0.80450000,79122.65275060,0
1736053620000,98350.01000000,98359.57000000,98350.00000000,98359.56000000,3.92946000,1736053679999,386465.98927730,366,3.68735000,362653.59421610,0
1736053680000,98359.56000000,98359.57000000,98359.56000000,98359.56000000,0.80586000,1736053739999,79264.03955800,122,0.45364000,44619.83533480,0
1736053740000,98359.57000000,98359.57000000,98350.00000000,98350.01000000,1.24605000,1736053799999,122558.44668780,465,0.35948000,35357.95187480,0
1736053800000,98350.01000000,98350.01000000,98339.28000000,98339.50000000,5.84581000,1736053859999,574922.78075800,314,0.82672000,81301.81897280,0
1736053860000,98339.50000000,98342.55000000,98339.50000000,98342.54000000,1.14442000,1736053919999,112542.91796280,218,0.57874000,56913.16426520,0
1736053920000,98342.55000000,98342.55000000,98303.19000000,98318.64000000,7.44076000,1736053979999,731586.31288160,1222,1.64030000,161251.87977890,0
1736053980000,98318.64000000,98318.64000000,98312.63000000,98313.93000000,1.86514000,1736054039999,183368.67620480,401,0.62077000,61029.66080910,0
1736054040000,98313.94000000,98318.64000000,98313.93000000,98318.63000000,1.17332000,1736054099999,115354.26879920,369,0.93676000,92096.70529630,0
1736054100000,98318.63000000,98318.64000000,98315.66000000,98315.66000000,1.08232000,1736054159999,106409.74266710,336,0.31813000,31277.36869460,0
1736054160000,98315.66000000,98315.67000000,98300.00000000,98300.03000000,3.00043000,1736054219999,294954.16491670,579,0.32274000,31726.29581910,0
1736054220000,98300.02000000,98300.03000000,98300.02000000,98300.03000000,1.40102000,1736054279999,137720.30461050,130,1.05901000,104100.71477030,0
1736054280000,98300.02000000,98302.52000000,98300.02000000,98302.51000000,1.59212000,1736054339999,156505.74257240,273,0.70304000,69108.87374450,0
1736054340000,98302.52000000,98302.52000000,98300.00000000,98300.00000000,1.29380000,1736054399999,127182.79976930,232,0.11397000,11203.37254440,0
1736054400000,98300.01000000,98300.01000000,98274.53000000,98280.69000000,7.72773000,1736054459999,759585.60550700,592,0.07873000,7739.01696520,0
1736054460000,98280.70000000,98333.34000000,98264.78000000,98333.34000000,10.41540000,1736054519999,1023801.77421490,1814,6.84861000,673279.59040410,0
1736054520000,98333.34000000,98350.00000000,98333.34000000,98349.99000000,1.16053000,1736054579999,114135.85343030,394,0.62786000,61747.76425700,0
1736054580000,98349.99000000,98350.00000000,98349.99000000,98350.00000000,2.16881000,1736054639999,213302.46115480,157,1.93429000,190237.42150000,0
1736054640000,98350.00000000,98350.00000000,98341.09000000,98341.09000000,8.71524000,1736054699999,857138.98307140,245,0.11973000,11775.11931500,0
1736054700000,98341.09000000,98376.22000000,98341.09000000,98376.22000000,5.26290000,1736054759999,517603.61424580,903,4.85881000,477863.07112020,0
1736054760000,98376.22000000,98414.43000000,98376.22000000,98414.42000000,7.35675000,1736054819999,723910.75000110,714,7.03355000,692105.45266400,0
1736054820000,98414.42000000,98414.43000000,98410.68000000,98410.68000000,4.11985000,1736054879999,405451.72053930,269,2.15885000,212461.81730570,0
1736054880000,98410.69000000,98424.25000000,98410.68000000,98424.25000000,3.95891000,1736054939999,389619.38824060,678,3.04771000,299946.27277990,0
1736054940000,98424.25000000,98425.97000000,98424.24000000,98425.96000000,0.36194000,1736054999999,35624.10139900,212,0.16289000,16032.52165740,0
1736055000000,98425.96000000,98450.00000000,98425.96000000,98450.00000000,6.16992000,1736055059999,607364.81916750,761,1.13081000,111311.12399250,0
1736055060000,98449.99000000,98500.00000000,98449.99000000,98464.01000000,10.80473000,1736055119999,1063880.03982060,1867,8.69148000,855757.54938630,0
1736055120000,98464.00000000,98464.01000000,98409.38000000,98409.38000000,3.64478000,1736055179999,358768.36629740,1529,0.09717000,9563.90648130,0
1736055180000,98409.39000000,98409.39000000,98400.00000000,98400.00000000,2.96058000,1736055239999,291338.67954780,364,1.78740000,175890.26208300,0
1736055240000,98400.01000000,98400.01000000,98388.35000000,98388.35000000,6.26533000,1736055299999,616497.68243280,483,0.16567000,16300.33339720,0
1736055300000,98388.36000000,98388.36000000,98365.52000000,98365.52000000,3.04267000,1736055359999,299328.22374490,848,0.20999000,20656.21845670,0
1736055360000,98365.52000000,98365.53000000,98350.00000000,98350.00000000,1.36753000,1736055419999,134510.62809910,504,0.46086000,45330.77327660,0
1736055420000,98350.01000000,98350.01000000,98338.03000000,98346.49000000,7.28587000,1736055479999,716542.46323150,518,1.47854000,145398.51692220,0
1736055480000,98346.49000000,98360.00000000,98346.48000000,98360.00000000,3.72783000,1736055539999,366633.99016030,621,3.17622000,312378.88623080,0
1736055540000,98360.00000000,98365.53000000,98359.99000000,98365.52000000,0.88814000,1736055599999,87360.63978710,336,0.33294000,32749.05473310,0
1736055600000,98365.52000000,98385.43000000,98365.52000000,98368.91000000,5.67037000,1736055659999,557784.62384730,1121,4.91946000,483912.81912600,0
1736055660000,98368.90000000,98385.00000000,98368.90000000,98384.99000000,0.49924000,1736055719999,49114.82379190,389,0.31801000,31284.87724840,0
1736055720000,98385.00000000,98385.00000000,98384.99000000,98385.00000000,0.26528000,1736055779999,26099.57099140,89,0.08442000,8305.66170000,0
1736055780000,98384.99000000,98385.05000000,98384.99000000,98385.03000000,10.79535000,1736055839999,1062100.91546320,215,0.38199000,37582.08991360,0
1736055840000,98385.04000000,98385.04000000,98374.55000000,98374.55000000,3.33461000,1736055899999,328071.82884460,440,0.09857000,9696.92996530,0
1736055900000,98374.56000000,98374.56000000,98351.38000000,98351.39000000,2.26606000,1736055959999,222896.94177040,1010,0.23608000,23221.13106550,0
1736055960000,98351.39000000,98351.39000000,98342.27000000,98342.27000000,1.57489000,1736056019999,154888.79235420,531,0.33276000,32726.65405120,0
1736056020000,98342.28000000,98342.28000000,98337.05000000,98337.05000000,1.97865000,1736056079999,194583.37678140,277,0.17568000,17276.65845400,0
1736056080000,98337.06000000,98337.06000000,98327.17000000,98327.17000000,0.62387000,1736056139999,61347.69523680,684,0.09070000,8918.80084640,0
1736056140000,98327.17000000,98327.18000000,98305.03000000,98305.03000000,2.48032000,1736056199999,243859.61446820,663,0.84005000,82591.72396210,0
1736056200000,98305.03000000,98310.62000000,98305.03000000,98310.62000000,2.50270000,1736056259999,246028.45922550,419,2.16179000,212515.28911600,0
1736056260000,98310.62000000,98315.01000000,98310.62000000,98314.96000000,0.44463000,1736056319999,43713.61251950,313,0.11059000,10872.47397950,0
1736056320000,98314.96000000,98314.96000000,98305.46000000,98309.21000000,0.76621000,1736056379999,75324.55552280,583,0.43813000,43071.41265560,0
1736056380000,98309.21000000,98361.51000000,98309.20000000,98361.51000000,6.37479000,1736056439999,626758.04805300,1353,5.20607000,511851.08441830,0
1736056440000,98361.51000000,98376.55000000,98361.50000000,98376.55000000,5.11989000,1736056499999,503625.73618890,1148,4.94739000,486657.75652520,0
1736056500000,98376.55000000,98393.94000000,98376.55000000,98390.51000000,3.53041000,1736056559999,347353.62208950,1634,3.04411000,299505.00913170,0
1736056560000,98390.50000000,98390.51000000,98380.00000000,98380.00000000,2.94768000,1736056619999,290014.04639780,402,0.48369000,47590.03255470,0
1736056620000,98380.01000000,98380.01000000,98364.36000000,98364.37000000,2.21279000,1736056679999,217673.32371810,444,0.18372000,18073.68274160,0
1736056680000,98364.36000000,98370.90000000,98364.36000000,98366.46000000,6.41914000,1736056739999,631421.29468300,453,5.89838000,580194.48665380,0
1736056740000,98366.47000000,98366.47000000,98358.75000000,98358.98000000,8.88536000,1736056799999,873957.20161960,390,7.99061000,785947.49701630,0
1736056800000,98358.98000000,98358.98000000,98358.97000000,98358.98000000,2.37156000,1736056859999,233264.21698970,338,1.80965000,177995.32815700,0
1736056860000,98358.98000000,98358.98000000,98358.97000000,98358.97000000,0.47858000,1736056919999,47072.63704640,159,0.11838000,11643.73605240,0
1736056920000,98358.97000000,98358.98000000,98344.74000000,98344.74000000,1.90316000,1736056979999,187177.28787970,491,0.67039000,65933.26573800,0
1736056980000,98344.75000000,98344.75000000,98304.83000000,98304.84000000,3.74579000,1736057039999,368293.56693940,855,0.23503000,23109.87782710,0
1736057040000,98304.83000000,98314.68000000,98304.82000000,98314.67000000,1.31142000,1736057099999,128923.80534210,349,0.78969000,77633.13567150,0
1736057100000,98314.67000000,98314.68000000,98314.67000000,98314.67000000,1.64729000,1736057159999,161952.78544150,184,1.26972000,124832.11548960,0
1736057160000,98314.68000000,98314.68000000,98314.67000000,98314.68000000,0.91284000,1736057219999,89745.56817000,189,0.48072000,47261.83296960,0
1736057220000,98314.68000000,98336.00000000,98314.67000000,98335.99000000,3.33379000,1736057279999,327775.49318140,638,1.91834000,188614.24229900,0
1736057280000,98336.00000000,98336.00000000,98333.32000000,98333.32000000,0.95990000,1736057339999,94391.83475580,348,0.29367000,28877.79948610,0
1736057340000,98333.32000000,98333.32000000,98322.73000000,98322.74000000,1.00611000,1736057399999,98925.19056000,451,0.21293000,20936.08938220,0
1736057400000,98322.73000000,98322.74000000,98312.30000000,98312.30000000,1.00986000,1736057459999,99286.96089480,268,0.11499000,11305.67806330,0
1736057460000,98312.30000000,98312.31000000,98312.30000000,98312.30000000,0.55910000,1736057519999,54966.40798930,120,0.10593000,10414.22299830,0
1736057520000,98312.31000000,98312.31000000,98304.84000000,98304.84000000,1.90418000,1736057579999,187197.91294750,333,0.65050000,63947.46471820,0
1736057580000,98304.85000000,98311.99000000,98304.84000000,98311.99000000,3.33215000,1736057639999,327567.12837890,345,2.25579000,221755.22057210,0
1736057640000,98311.99000000,98311.99000000,98311.98000000,98311.99000000,0.91784000,1736057699999,90234.66995330,104,0.22301000,21924.55688990,0
1736057700000,98311.99000000,98336.00000000,98311.98000000,98335.99000000,3.02054000,1736057759999,296987.33817120,726,2.66079000,261618.93111790,0
1736057760000,98335.99000000,98336.00000000,98335.99000000,98336.00000000,0.56582000,1736057819999,55640.47287510,96,0.30133000,29631.58688000,0
1736057820000,98336.00000000,98336.00000000,98335.99000000,98336.00000000,0.73666000,1736057879999,72440.19356720,104,0.31738000,31209.87968000,0
1736057880000,98336.00000000,98336.00000000,98335.99000000,98336.00000000,0.38945000,1736057939999,38296.95327710,83,0.19716000,19387.92576000,0
1736057940000,98336.00000000,98355.67000000,98335.99000000,98338.65000000,10.61051000,1736057999999,1043505.24560190,862,5.29474000,520686.69941220,0
1736058000000,98338.66000000,98338.66000000,98335.08000000,98336.36000000,3.92728000,1736058059999,386192.82423330,368,2.96021000,291092.93388720,0
1736058060000,98336.36000000,98378.00000000,98336.35000000,98377.99000000,1.59503000,1736058119999,156883.34405100,992,1.31883000,129713.68168660,0
1736058120000,98378.00000000,98378.00000000,98338.93000000,98361.73000000,5.45772000,1736058179999,536817.34708440,1451,1.52246000,149730.52488340,0
1736058180000,98361.72000000,98393.94000000,98361.72000000,98384.79000000,1.89739000,1736058239999,186666.66440810,1095,0.95226000,93678.46051560,0
1736058240000,98384.11000000,98384.11000000,98376.00000000,98376.00000000,0.82775000,1736058299999,81436.00898820,411,0.46996000,46235.94396880,0
1736058300000,98376.01000000,98376.01000000,98369.69000000,98369.70000000,1.06273000,1736058359999,104540.83613860,376,0.83374000,82014.93028490,0
1736058360000,98369.69000000,98386.20000000,98369.69000000,98386.19000000,4.51643000,1736058419999,444283.97000000,310,2.82961000,278350.90780920,0
1736058420000,98386.20000000,98386.20000000,98386.19000000,98386.20000000,1.21149000,1736058479999,119193.88981590,139,0.44928000,44202.95193600,0
1736058480000,98386.20000000,98386.20000000,98370.34000000,98370.34000000,0.68724000,1736058539999,67610.88326820,462,0.08404000,8267.85953850,0
1736058540000,98370.35000000,98370.35000000,98370.34000000,98370.35000000,0.53251000,1736058599999,52383.19343820,141,0.36848000,36247.50656800,0
1736058600000,98370.34000000,98388.17000000,98370.34000000,98388.16000000,1.25925000,1736058659999,123885.36517360,557,1.10075000,108290.96254250,0
1736058660000,98388.17000000,98400.00000000,98388.16000000,98400.00000000,3.80010000,1736058719999,373914.07116950,380,3.37135000,331727.40110290,0
1736058720000,98400.00000000,98400.00000000,98399.99000000,98399.99000000,2.45587000,1736058779999,241657.60544360,85,2.20023000,216502.63200000,0
1736058780000,98399.99000000,98400.00000000,98390.17000000,98390.17000000,2.27385000,1736058839999,223743.05785530,394,0.06916000,6805.27539650,0
1736058840000,98390.17000000,98390.17000000,98388.58000000,98388.58000000,4.35169000,1736058899999,428157.63672430,243,2.76505000,272049.37092170,0
1736058900000,98388.58000000,98388.59000000,98388.58000000,98388.59000000,0.39545000,1736058959999,38907.76561920,133,0.16582000,16314.79599380,0
1736058960000,98388.58000000,98388.59000000,98371.31000000,98371.31000000,1.43336000,1736059019999,141015.88530620,917,0.89742000,88288.67723100,0
1736059020000,98371.32000000,98371.32000000,98353.54000000,98353.54000000,0.84299000,1736059079999,82922.39967360,993,0.42917000,42217.49002070,0
1736059080000,98353.53000000,98353.54000000,98353.53000000,98353.53000000,1.62679000,1736059139999,160000.55045340,158,1.13847000,111972.55468380,0
1736059140000,98353.54000000,98353.54000000,98352.53000000,98352.54000000,0.65169000,1736059199999,64095.79247610,179,0.47252000,46473.92721080,0
1736059200000,98352.53000000,98352.54000000,98339.57000000,98339.57000000,1.27734000,1736059259999,125615.95753500,529,0.18750000,18438.81546720,0
1736059260000,98339.57000000,98363.98000000,98339.57000000,98363.97000000,4.63460000,1736059319999,455811.63589790,676,3.08875000,303760.70675310,0
1736059320000,98363.98000000,98363.98000000,98363.97000000,98363.98000000,0.40769000,1736059379999,40102.00843360,106,0.15043000,14796.89351140,0
1736059380000,98363.98000000,98388.59000000,98363.98000000,98388.58000000,1.43418000,1736059439999,141091.84351130,697,1.11798000,109982.27062300,0
1736059440000,98388.59000000,98388.59000000,98388.58000000,98388.58000000,0.69484000,1736059499999,68364.32589260,127,0.49654000,48853.87047860,0
1736059500000,98388.58000000,98388.59000000,98388.58000000,98388.59000000,1.21989000,1736059559999,120023.25268400,130,0.78278000,77016.62048020,0
1736059560000,98388.59000000,98388.59000000,98367.38000000,98367.38000000,3.84040000,1736059619999,377809.86395450,531,1.97539000,194338.18987570,0
1736059620000,98367.39000000,98388.00000000,98367.38000000,98388.00000000,2.91695000,1736059679999,286949.49436650,576,1.58870000,156280.39391910,0
1736059680000,98387.99000000,98388.00000000,98380.43000000,98380.44000000,3.37794000,1736059739999,332327.17324460,439,1.28837000,126750.45207460,0
1736059740000,98380.44000000,98441.00000000,98380.44000000,98440.93000000,10.05688000,1736059799999,989594.49704840,1729,7.37680000,725894.56274420,0
1736059800000,98440.93000000,98475.53000000,98440.93000000,98475.46000000,7.40696000,1736059859999,729240.42244970,850,7.15866000,704790.46015200,0
1736059860000,98475.46000000,98475.47000000,98467.20000000,98469.52000000,4.31469000,1736059919999,424865.30179280,634,2.95551000,291024.74530350,0
1736059920000,98469.53000000,98500.00000000,98469.52000000,98489.41000000,3.56018000,1736059979999,350632.40838710,1357,1.67236000,164689.98205360,0
1736059980000,98489.42000000,98489.42000000,98470.44000000,98470.45000000,12.85173000,1736060039999,1265664.94627790,576,0.24987000,24607.46717000,0
1736060040000,98470.44000000,98477.29000000,98470.44000000,98477.28000000,2.68242000,1736060099999,264152.93374810,369,0.76227000,75062.18947030,0
1736060100000,98477.28000000,98477.29000000,98470.44000000,98470.45000000,0.97071000,1736060159999,95588.08051460,405,0.47131000,46410.37023010,0
1736060160000,98470.45000000,98470.45000000,98470.44000000,98470.44000000,0.66495000,1736060219999,65477.92029290,81,0.12149000,11963.17497050,0
1736060220000,98470.44000000,98470.45000000,98470.44000000,98470.44000000,0.83600000,1736060279999,82321.28871020,132,0.08702000,8568.89855900,0
1736060280000,98470.44000000,98470.45000000,98470.44000000,98470.44000000,2.85936000,1736060339999,281562.45431570,200,1.69973000,167373.17797850,0
1736060340000,98470.44000000,98470.44000000,98451.47000000,98451.47000000,2.08043000,1736060399999,204845.58456460,615,0.44258000,43576.30278600,0
1736060400000,98451.48000000,98451.48000000,98432.00000000,98432.01000000,1.57624000,1736060459999,155171.22365950,741,0.55148000,54293.13795430,0
1736060460000,98432.00000000,98432.01000000,98432.00000000,98432.01000000,1.24530000,1736060519999,122577.37519600,211,0.55960000,55082.55279600,0
1736060520000,98432.01000000,98460.00000000,98432.00000000,98459.99000000,6.49766000,1736060579999,639673.58252730,996,5.14215000,506213.47759090,0
1736060580000,98459.99000000,98460.00000000,98454.38000000,98454.39000000,0.81477000,1736060639999,80221.53062860,311,0.16324000,16072.58397690,0
1736060640000,98454.39000000,98458.45000000,98440.30000000,98458.45000000,4.97541000,1736060699999,489801.11089750,1159,3.91688000,385588.73375650,0
1736060700000,98458.45000000,98464.84000000,98458.44000000,98464.83000000,1.08210000,1736060759999,106544.47484110,347,0.79500000,78276.03617480,0
1736060760000,98464.83000000,98464.84000000,98464.83000000,98464.83000000,0.56257000,1736060819999,55393.36254490,112,0.31318000,30837.21859120,0
1736060820000,98464.84000000,98464.84000000,98464.83000000,98464.83000000,0.72114000,1736060879999,71006.92954560,172,0.20394000,20080.91946960,0
1736060880000,98464.83000000,98464.84000000,98464.83000000,98464.83000000,3.12085000,1736060939999,307293.98711850,188,2.24130000,220689.24589200,0
1736060940000,98464.84000000,98464.84000000,98441.43000000,98441.43000000,2.65755000,1736060999999,261660.38483420,778,0.37237000,36663.07151210,0
1736061000000,98441.44000000,98441.44000000,98400.54000000,98401.90000000,11.13765000,1736061059999,1096158.60263840,1210,0.13836000,13618.78393810,0
1736061060000,98401.89000000,98401.90000000,98401.89000000,98401.89000000,0.79936000,1736061119999,78658.53689900,116,0.21086000,20749.02463400,0
1736061120000,98401.89000000,98408.77000000,98392.04000000,98392.04000000,6.24537000,1736061179999,614558.59603430,853,4.30699000,423819.21238170,0
1736061180000,98392.04000000,98392.05000000,98379.87000000,98379.88000000,3.30061000,1736061239999,324720.99846350,566,2.44222000,240266.70508650,0
1736061240000,98379.88000000,98379.88000000,98376.00000000,98376.01000000,1.14020000,1736061299999,112172.35527770,260,0.35017000,34449.65812120,0
1736061300000,98376.01000000,98378.45000000,98376.00000000,98378.44000000,2.38337000,1736061359999,234466.51254520,276,1.54115000,151612.21541000,0
1736061360000,98378.45000000,98378.45000000,98378.08000000,98378.08000000,0.99842000,1736061419999,98222.69844390,188,0.58262000,57317.04656140,0
1736061420000,98378.09000000,98387.92000000,98378.08000000,98387.92000000,1.27326000,1736061479999,125261.65938190,452,1.02777000,101110.78117240,0
1736061480000,98387.91000000,98387.92000000,98387.91000000,98387.91000000,1.80271000,1736061539999,177364.88486510,95,1.56290000,153770.48016800,0
1736061540000,98387.92000000,98387.92000000,98378.08000000,98383.97000000,2.34746000,1736061599999,230950.02467780,454,1.22728000,120742.04385200,0
1736061600000,98383.97000000,98383.98000000,98383.97000000,98383.97000000,0.68441000,1736061659999,67334.97524000,93,0.23323000,22946.09565540,0
1736061660000,98383.98000000,98383.98000000,98383.97000000,98383.98000000,1.04708000,1736061719999,103015.89122230,141,0.39147000,38514.37665060,0
1736061720000,98383.98000000,98383.98000000,98383.97000000,98383.98000000,0.70666000,1736061779999,69524.01796480,154,0.17246000,16967.30119080,0
1736061780000,98383.97000000,98388.00000000,98383.97000000,98388.00000000,2.11291000,1736061839999,207876.83488900,340,1.67720000,165009.86390550,0
1736061840000,98387.99000000,98400.00000000,98387.99000000,98399.99000000,0.94428000,1736061899999,92914.77726860,474,0.71087000,69948.31592820,0
1736061900000,98400.00000000,98400.00000000,98399.99000000,98400.00000000,2.27537000,1736061959999,223896.40303940,102,1.77931000,175084.10400000,0
1736061960000,98400.00000000,98400.00000000,98399.99000000,98400.00000000,0.70952000,1736062019999,69816.76174460,100,0.08398000,8263.63200000,0
1736062020000,98399.99000000,98400.00000000,98387.92000000,98387.93000000,3.51107000,1736062079999,345472.24144630,538,0.25960000,25544.50708040,0
1736062080000,98387.93000000,98387.93000000,98366.17000000,98366.17000000,1.83938000,1736062139999,180959.73544700,792,0.11019000,10841.24101130,0
1736062140000,98366.18000000,98366.18000000,98339.97000000,98339.97000000,3.34310000,1736062199999,328780.63012570,873,0.45717000,44959.80360800,0
1736062200000,98339.98000000,98345.87000000,98339.97000000,98345.87000000,1.97370000,1736062259999,194095.29912810,547,1.76739000,173806.13488320,0
1736062260000,98345.86000000,98346.00000000,98345.86000000,98346.00000000,0.88534000,1736062319999,87069.61624900,225,0.49514000,48695.01644740,0
1736062320000,98345.99000000,98346.00000000,98328.88000000,98328.88000000,5.59440000,1736062379999,550173.08993630,536,0.43845000,43116.46571220,0
1736062380000,98328.88000000,98328.89000000,98328.88000000,98328.88000000,1.34777000,1736062439999,132524.71678310,156,0.21855000,21489.77890950,0
1736062440000,98328.89000000,98328.89000000,98328.88000000,98328.88000000,0.60595000,1736062499999,59582.38783240,138,0.29964000,29463.26859960,0
1736062500000,98328.89000000,98328.89000000,98328.88000000,98328.88000000,0.65837000,1736062559999,64736.78724250,113,0.25169000,24748.39832410,0
1736062560000,98328.88000000,98336.67000000,98328.88000000,98336.66000000,3.00087000,1736062619999,295073.36533440,460,1.89632000,186463.96654410,0
1736062620000,98336.67000000,98355.83000000,98336.67000000,98355.83000000,1.35862000,1736062679999,133615.11069520,884,1.04463000,102733.67725960,0
1736062680000,98355.82000000,98355.83000000,98345.74000000,98345.74000000,2.19127000,1736062739999,215519.66325810,374,0.24240000,23840.66392800,0
1736062740000,98345.74000000,98345.75000000,98345.74000000,98345.75000000,1.04036000,1736062799999,102314.98003470,164,0.59683000,58695.69397250,0
1736062800000,98345.74000000,98345.75000000,98345.74000000,98345.74000000,0.41596000,1736062859999,40907.89536300,130,0.13526000,13302.24614500,0
1736062860000,98345.74000000,98345.75000000,98345.74000000,98345.75000000,0.85213000,1736062919999,83803.35710260,183,0.16764000,16486.68153000,0
1736062920000,98345.74000000,98345.75000000,98345.74000000,98345.74000000,0.61432000,1736062979999,60415.75843190,107,0.34351000,33782.74858250,0
1736062980000,98345.74000000,98345.75000000,98345.74000000,98345.74000000,1.21246000,1736063039999,119240.28182920,141,0.59088000,58110.53676000,0
1736063040000,98345.75000000,98345.75000000,98345.74000000,98345.75000000,0.65370000,1736063099999,64288.61230400,134,0.20660000,20318.23195000,0
1736063100000,98345.74000000,98345.75000000,98333.33000000,98333.34000000,2.70434000,1736063159999,265932.36726860,629,2.04212000,200808.93546520,0
1736063160000,98333.33000000,98333.34000000,98320.40000000,98320.40000000,1.47715000,1736063219999,145245.48343150,570,0.34500000,33922.31474650,0
1736063220000,98320.40000000,98320.41000000,98313.50000000,98313.51000000,5.95873000,1736063279999,585832.95375710,487,4.31938000,424655.01328530,0
1736063280000,98313.51000000,98313.51000000,98313.50000000,98313.51000000,0.77929000,1736063339999,76614.72993310,167,0.25181000,24756.32495310,0
1736063340000,98313.50000000,98313.51000000,98313.50000000,98313.50000000,0.50705000,1736063399999,49849.86092110,118,0.07461000,7335.17098110,0
1736063400000,98313.50000000,98313.51000000,98313.50000000,98313.51000000,1.69420000,1736063459999,166562.73757500,258,0.58750000,57759.18712500,0
1736063460000,98313.51000000,98313.51000000,98313.50000000,98313.51000000,0.86378000,1736063519999,84921.23984090,204,0.48109000,47297.64652590,0
1736063520000,98313.50000000,98313.51000000,98313.50000000,98313.51000000,0.93189000,1736063579999,91617.37132600,160,0.38110000,37467.27866100,0
1736063580000,98313.50000000,98313.51000000,98295.18000000,98295.19000000,2.25619000,1736063639999,221791.83293250,974,0.20121000,19779.54060590,0
1736063640000,98295.19000000,98295.19000000,98294.32000000,98294.32000000,0.80987000,1736063699999,79606.30680830,235,0.32377000,31825.03329650,0
1736063700000,98294.32000000,98294.33000000,98285.22000000,98285.23000000,0.96106000,1736063759999,94464.81945860,424,0.30741000,30215.97289350,0
1736063760000,98285.22000000,98285.23000000,98280.16000000,98280.17000000,1.01750000,1736063819999,100001.79389020,317,0.10285000,10108.17390790,0
1736063820000,98280.16000000,98280.17000000,98280.16000000,98280.16000000,0.61936000,1736063879999,60870.80062730,149,0.07297000,7171.50400490,0
1736063880000,98280.16000000,98280.17000000,98268.77000000,98268.77000000,2.24190000,1736063939999,220320.06589390,635,0.53436000,52511.05787240,0
1736063940000,98268.77000000,98268.78000000,98268.77000000,98268.77000000,1.22838000,1736063999999,120711.39751150,158,0.58189000,57181.62039420,0
1736064000000,98268.77000000,98268.78000000,98150.00000000,98180.69000000,36.95102000,1736064059999,3628638.66359990,4940,13.32130000,1307885.34995580,0
1736064060000,98180.70000000,98180.70000000,98119.90000000,98119.91000000,10.73973000,1736064119999,1054117.79256640,1841,1.15214000,113103.27965050,0
1736064120000,98119.91000000,98128.90000000,98093.48000000,98093.48000000,4.50578000,1736064179999,442054.66394960,1371,1.39805000,137168.30471000,0
1736064180000,98093.48000000,98099.78000000,98000.00000000,98000.01000000,41.80828000,1736064239999,4098622.52586980,5094,12.12875000,1188844.48991770,0
1736064240000,98000.00000000,98029.63000000,97952.10000000,97961.48000000,23.12844000,1736064299999,2266195.15165380,4925,8.52812000,835604.57433350,0
1736064300000,97961.47000000,98004.90000000,97953.99000000,97958.43000000,5.97987000,1736064359999,585865.03006220,2510,2.56205000,251010.47295320,0
1736064360000,97958.43000000,98023.81000000,97958.43000000,98021.00000000,9.83766000,1736064419999,964031.25480470,1568,5.64892000,553579.43475580,0
1736064420000,98021.00000000,98021.00000000,97908.02000000,97953.07000000,24.31870000,1736064479999,2382157.64287160,3492,3.96041000,387871.62426270,0
1736064480000,97953.07000000,97984.53000000,97951.90000000,97984.52000000,5.59515000,1736064539999,548155.93691140,1050,2.59603000,254316.12464930,0
1736064540000,97984.53000000,97984.53000000,97955.58000000,97957.61000000,6.83218000,1736064599999,669303.06455080,858,2.42262000,237309.93356960,0
1736064600000,97957.60000000,97984.13000000,97948.00000000,97948.00000000,7.17187000,1736064659999,702619.79579950,1574,3.07519000,301255.16818700,0
1736064660000,97948.00000000,97952.48000000,97930.91000000,97950.85000000,5.08269000,1736064719999,497823.09392930,928,1.31141000,128450.41932010,0
1736064720000,97950.85000000,97950.86000000,97910.00000000,97936.32000000,13.82888000,1736064779999,1354198.16581730,1395,6.08268000,595627.15929660,0
1736064780000,97936.31000000,97974.29000000,97936.31000000,97974.28000000,8.04613000,1736064839999,788236.56385710,1451,3.88601000,380675.52363590,0
1736064840000,97974.28000000,98016.12000000,97951.01000000,97951.01000000,10.00071000,1736064899999,980067.64632090,2639,7.76443000,760944.89083210,0
1736064900000,97951.02000000,97951.02000000,97900.00000000,97926.86000000,13.70261000,1736064959999,1341633.12145040,2194,1.12525000,110183.13983350,0
1736064960000,97926.87000000,97926.87000000,97900.00000000,97904.55000000,10.56085000,1736065019999,1034070.42607900,1288,0.51122000,50055.68800710,0
1736065020000,97904.55000000,97904.55000000,97836.98000000,97839.56000000,23.62845000,1736065079999,2312842.59612560,3271,1.17501000,115000.59603530,0
1736065080000,97839.55000000,97870.77000000,97820.00000000,97844.00000000,13.41424000,1736065139999,1312392.65146190,3536,3.77577000,369440.97935620,0
1736065140000,97844.00000000,97851.37000000,97777.77000000,97851.36000000,42.90772000,1736065199999,4196517.02117550,3663,8.72077000,852931.66281960,0
1736065200000,97851.37000000,97876.66000000,97813.86000000,97818.88000000,8.98121000,1736065259999,878724.87812460,2975,2.72457000,266596.93612810,0
1736065260000,97818.88000000,97834.54000000,97806.19000000,97828.52000000,10.98558000,1736065319999,1074599.83871480,1656,8.22230000,804294.56117170,0
1736065320000,97828.51000000,97867.00000000,97828.51000000,97866.99000000,4.81418000,1736065379999,471079.15360530,1920,4.45602000,436035.56128080,0
1736065380000,97867.00000000,97872.00000000,97842.99000000,97842.99000000,15.84364000,1736065439999,1550359.88273710,2113,11.53350000,1128561.72873770,0
1736065440000,97842.99000000,97870.63000000,97842.99000000,97870.62000000,3.16386000,1736065499999,309601.51624230,1171,1.13270000,110842.46905000,0
1736065500000,97870.63000000,97880.00000000,97862.53000000,97880.00000000,7.40301000,1736065559999,724562.81133970,1022,3.59411000,351783.35728230,0
1736065560000,97879.99000000,97895.82000000,97879.99000000,97895.82000000,10.44570000,1736065619999,1022435.89956510,592,9.69628000,949079.68109270,0
1736065620000,97895.81000000,97910.18000000,97895.81000000,97908.27000000,4.20701000,1736065679999,411878.97168420,899,3.24143000,317347.17931300,0
1736065680000,97908.28000000,97920.00000000,97908.27000000,97912.44000000,4.36475000,1736065739999,427351.58830050,869,3.51727000,344372.68997990,0
1736065740000,97912.91000000,97914.12000000,97897.10000000,97897.10000000,4.18115000,1736065799999,409367.32701560,841,0.95393000,93393.29719340,0
1736065800000,97897.11000000,97897.11000000,97841.02000000,97861.22000000,17.00829000,1736065859999,1664568.19282840,3308,6.09756000,596726.97462110,0
1736065860000,97861.23000000,97876.23000000,97861.22000000,97869.00000000,1.95143000,1736065919999,190982.75634660,1015,0.91399000,89448.81938010,0
1736065920000,97869.01000000,97885.34000000,97869.00000000,97885.34000000,2.01604000,1736065979999,197320.84021530,713,1.19602000,117060.20061450,0
1736065980000,97885.33000000,97887.60000000,97885.33000000,97887.60000000,1.42124000,1736066039999,139121.36004530,372,0.43192000,42279.22329050,0
1736066040000,97887.60000000,97908.04000000,97887.59000000,97893.73000000,3.79147000,1736066099999,371172.35903790,1229,2.97863000,291597.26207900,0
1736066100000,97893.72000000,97910.91000000,97893.72000000,97910.90000000,4.34084000,1736066159999,425007.91791680,1116,3.63044000,355453.48449640,0
1736066160000,97910.91000000,97936.00000000,97893.00000000,97921.99000000,11.91993000,1736066219999,1167189.19308730,2253,7.91127000,774681.13224980,0
1736066220000,97921.99000000,97922.00000000,97921.99000000,97921.99000000,1.80778000,1736066279999,177021.42829580,252,1.32136000,129390.21392000,0
1736066280000,97921.99000000,97922.00000000,97921.99000000,97922.00000000,1.65732000,1736066339999,162288.07692140,348,0.44546000,43620.33412000,0
1736066340000,97922.00000000,97941.97000000,97916.00000000,97916.00000000,8.52982000,1736066399999,835337.72516810,1675,7.31531000,716400.25603880,0
1736066400000,97916.00000000,97916.01000000,97888.06000000,97888.07000000,2.64050000,1736066459999,258500.48805960,1208,0.25531000,24995.40732430,0
1736066460000,97888.06000000,97888.06000000,97853.87000000,97858.93000000,7.00419000,1736066519999,685477.45930480,1636,0.54035000,52880.51394330,0
1736066520000,97858.92000000,97864.37000000,97838.66000000,97838.66000000,3.36100000,1736066579999,328867.91532540,1076,0.59037000,57771.49471810,0
1736066580000,97838.66000000,97849.92000000,97838.66000000,97849.91000000,1.59929000,1736066639999,156481.35471820,558,1.09715000,107347.29230640,0
1736066640000,97849.92000000,97885.31000000,97849.91000000,97885.30000000,2.90052000,1736066699999,283862.21079670,1140,2.24956000,220162.14431580,0
1736066700000,97885.31000000,97890.85000000,97867.37000000,97874.25000000,3.61548000,1736066759999,353902.71021000,1590,1.89690000,185676.91940310,0
1736066760000,97874.31000000,97911.36000000,97874.31000000,97911.36000000,2.88316000,1736066819999,282246.23720690,939,1.90748000,186734.91677790,0
1736066820000,97911.36000000,97911.36000000,97888.34000000,97888.34000000,1.83534000,1736066879999,179668.41950580,1032,0.23459000,22965.61799710,0
1736066880000,97888.34000000,97888.35000000,97873.53000000,97873.53000000,1.53952000,1736066939999,150697.11109900,750,0.51407000,50321.33948710,0
1736066940000,97873.53000000,97873.54000000,97827.84000000,97827.84000000,3.76206000,1736066999999,368115.07883020,1484,0.32979000,32268.16224490,0
1736067000000,97827.84000000,97833.61000000,97827.84000000,97833.61000000,1.93549000,1736067059999,189349.06468780,365,0.93153000,91130.77065040,0
1736067060000,97833.60000000,97833.61000000,97833.60000000,97833.61000000,1.64923000,1736067119999,161350.11728600,205,0.91580000,89596.02003800,0
1736067120000,97833.61000000,97833.61000000,97833.60000000,97833.61000000,0.99170000,1736067179999,97021.58242230,187,0.13023000,12740.87103030,0
1736067180000,97833.60000000,97850.01000000,97824.00000000,97850.00000000,3.07090000,1736067239999,300446.77683340,1327,2.03339000,198941.65157660,0
1736067240000,97850.01000000,97863.01000000,97846.05000000,97846.05000000,9.75291000,1736067299999,954344.64190870,693,8.31456000,813601.72584100,0
1736067300000,97846.06000000,97846.06000000,97846.05000000,97846.05000000,0.64683000,1736067359999,63289.76239140,172,0.18699000,18296.23475940,0
1736067360000,97846.05000000,97871.37000000,97846.05000000,97871.37000000,6.48375000,1736067419999,634483.91207350,1105,6.11252000,598155.56994720,0
1736067420000,97871.36000000,97871.37000000,97822.00000000,97822.01000000,3.24509000,1736067479999,317534.16204150,1084,0.49971000,48894.00757950,0
1736067480000,97822.01000000,97822.01000000,97822.00000000,97822.01000000,1.77718000,1736067539999,173847.31134790,214,0.93879000,91834.32476790,0
1736067540000,97822.01000000,97861.05000000,97822.00000000,97861.04000000,4.16995000,1736067599999,407996.93223440,1204,3.89800000,381387.66692490,0
1736067600000,97861.04000000,97878.79000000,97861.04000000,97874.07000000,6.12617000,1736067659999,599542.51321370,1121,5.57859000,545947.59797840,0
1736067660000,97874.08000000,97886.97000000,97874.07000000,97886.97000000,1.15781000,1736067719999,113324.84627560,731,0.79947000,78251.18213760,0
1736067720000,97886.96000000,97886.97000000,97858.13000000,97858.14000000,6.60290000,1736067779999,646255.75624870,1065,4.48690000,439138.81273570,0
1736067780000,97858.13000000,97858.14000000,97844.00000000,97844.00000000,1.39371000,1736067839999,136380.21114080,654,0.18052000,17665.07563980,0
1736067840000,97844.00000000,97844.01000000,97838.38000000,97838.39000000,2.46950000,1736067899999,241619.65723640,340,0.62438000,61088.41001820,0
1736067900000,97838.38000000,97838.39000000,97817.55000000,97817.56000000,2.19558000,1736067959999,214779.41663210,910,0.55299000,54092.90323540,0
1736067960000,97817.55000000,97829.65000000,97816.59000000,97829.64000000,3.11151000,1736068019999,304368.98795650,655,2.78798000,272719.18510790,0
1736068020000,97829.64000000,97829.65000000,97814.72000000,97814.73000000,2.15420000,1736068079999,210724.11026820,649,0.22987000,22484.92655700,0
1736068080000,97814.72000000,97829.64000000,97814.72000000,97829.64000000,3.24731000,1736068139999,317650.41870840,710,1.68522000,164845.51880570,0
1736068140000,97829.65000000,97848.89000000,97829.65000000,97848.88000000,3.37014000,1736068199999,329742.09061810,642,2.73145000,267252.97168860,0
1736068200000,97848.89000000,97867.86000000,97848.88000000,97860.70000000,2.15584000,1736068259999,210970.52409070,1060,1.50259000,147040.86791390,0
1736068260000,97860.69000000,97867.19000000,97860.69000000,97867.19000000,2.05418000,1736068319999,201030.70725920,350,1.71410000,167749.45968220,0
1736068320000,97867.18000000,97887.19000000,97867.18000000,97887.19000000,2.02062000,1736068379999,197772.58106730,863,1.75354000,171631.71920830,0
1736068380000,97887.18000000,97927.72000000,97887.18000000,97927.72000000,4.18182000,1736068439999,409427.36710470,1379,3.83202000,375181.41717910,0
1736068440000,97927.72000000,97943.02000000,97904.20000000,97904.20000000,8.53812000,1736068499999,836114.64809380,1410,1.94225000,190211.76918200,0
1736068500000,97904.21000000,97922.86000000,97904.20000000,97922.86000000,2.91701000,1736068559999,285615.32102840,776,2.12764000,208327.18178420,0
1736068560000,97922.86000000,97940.00000000,97922.85000000,97936.35000000,1.18081000,1736068619999,115640.60054590,512,0.77963000,76351.33292170,0
1736068620000,97936.34000000,97940.00000000,97936.34000000,97939.99000000,1.05596000,1736068679999,103417.83222930,230,0.64850000,63512.44614490,0
1736068680000,97939.99000000,97940.00000000,97939.99000000,97939.99000000,6.03392000,1736068739999,590962.07253430,329,0.80735000,79071.85900000,0
1736068740000,97939.99000000,97940.00000000,97895.22000000,97904.22000000,8.67581000,1736068799999,849437.46128600,2474,4.57417000,447808.82416230,0
1736068800000,97904.21000000,97904.22000000,97885.72000000,97885.72000000,6.47487000,1736068859999,633839.71900500,1105,2.09763000,205328.14455170,0
1736068860000,97885.72000000,97885.72000000,97861.23000000,97861.24000000,2.10323000,1736068919999,205843.92601240,830,0.66261000,64848.42870440,0
1736068920000,97861.23000000,97870.00000000,97840.76000000,97840.84000000,5.11021000,1736068979999,500064.45139660,2500,3.57860000,350187.01885180,0
1736068980000,97840.84000000,97840.85000000,97840.00000000,97840.00000000,2.12338000,1736069039999,207753.28297890,241,0.21816000,21344.95965680,0
1736069040000,97840.01000000,97840.01000000,97838.11000000,97838.12000000,1.20115000,1736069099999,117518.37312190,293,0.32385000,31684.89000290,0
1736069100000,97838.12000000,97859.55000000,97838.12000000,97859.55000000,2.58212000,1736069159999,252662.28934780,979,2.10140000,205619.39596560,0
1736069160000,97859.54000000,97859.55000000,97859.54000000,97859.55000000,0.46112000,1736069219999,45124.99410140,126,0.30166000,29520.31185300,0
1736069220000,97859.55000000,97859.55000000,97839.57000000,97843.73000000,2.19213000,1736069279999,214495.27310450,771,0.81514000,79755.87529320,0
1736069280000,97843.73000000,97843.73000000,97843.72000000,97843.73000000,1.17827000,1736069339999,115286.32667760,180,0.67132000,65684.45282360,0
1736069340000,97843.73000000,97843.73000000,97819.32000000,97819.33000000,2.67467000,1736069399999,261674.44458030,694,0.44174000,43218.96883550,0
1736069400000,97819.32000000,97819.32000000,97813.11000000,97813.11000000,1.27625000,1736069459999,124835.97744160,444,0.41696000,40784.22641940,0
1736069460000,97813.12000000,97822.46000000,97813.11000000,97822.45000000,6.49828000,1736069519999,635635.71097980,707,5.45280000,533365.97437350,0
1736069520000,97822.45000000,97822.46000000,97800.00000000,97800.01000000,4.15725000,1736069579999,406643.35950670,884,0.21279000,20813.75836920,0
1736069580000,97800.00000000,97800.01000000,97800.00000000,97800.00000000,7.38059000,1736069639999,721821.75050330,267,4.85033000,474362.32250330,0
1736069640000,97800.01000000,97800.01000000,97800.00000000,97800.01000000,0.94254000,1736069699999,92180.41505960,152,0.30596000,29922.89105960,0
1736069700000,97800.01000000,97800.01000000,97800.00000000,97800.00000000,3.17981000,1736069759999,310985.41954730,210,0.15473000,15132.59554730,0
1736069760000,97800.01000000,97856.74000000,97800.00000000,97856.73000000,9.40320000,1736069819999,919834.81793690,2569,8.54709000,836076.30182100,0
1736069820000,97856.73000000,97856.74000000,97856.73000000,97856.73000000,1.00980000,1736069879999,98815.72872910,165,0.27751000,27156.22391740,0
1736069880000,97856.73000000,97873.42000000,97856.73000000,97873.41000000,15.77929000,1736069939999,1544194.40416390,519,14.37299000,1406577.38785680,0
1736069940000,97873.41000000,97873.42000000,97856.73000000,97856.74000000,2.20848000,1736069999999,216131.88732850,424,0.22248000,21772.31026200,0
1736070000000,97856.73000000,97860.83000000,97836.15000000,97860.83000000,3.52569000,1736070059999,344981.62783540,1593,2.03911000,199521.60661090,0
1736070060000,97860.83000000,97870.69000000,97860.83000000,97870.68000000,1.47415000,1736070119999,144273.86148920,519,1.03340000,101137.36904060,0
1736070120000,97870.68000000,97882.49000000,97870.68000000,97882.48000000,2.84127000,1736070179999,278086.09597160,647,1.49673000,146492.16418840,0
1736070180000,97882.48000000,97894.26000000,97882.48000000,97894.26000000,1.56273000,1736070239999,152973.14040150,514,1.00583000,98458.72511100,0
1736070240000,97894.26000000,97900.00000000,97894.25000000,97899.99000000,5.75083000,1736070299999,562997.67931730,520,5.15934000,505091.62081700,0
1736070300000,97900.00000000,97910.74000000,97882.71000000,97889.79000000,11.91956000,1736070359999,1166871.01736380,1192,3.84993000,376913.05496290,0
1736070360000,97889.79000000,97889.80000000,97888.73000000,97888.74000000,2.52869000,1736070419999,247530.78046050,305,0.97496000,95437.75176400,0
1736070420000,97888.74000000,97888.74000000,97837.21000000,97837.22000000,8.05896000,1736070479999,788717.16619450,1847,1.98156000,193885.14391160,0
1736070480000,97837.21000000,97837.22000000,97819.73000000,97831.30000000,3.47263000,1736070539999,339712.20125400,1022,1.59697000,156223.75984930,0
1736070540000,97831.29000000,97831.30000000,97799.87000000,97800.00000000,36.24418000,1736070599999,3544914.75400960,566,19.60145000,1917026.29446980,0
1736070600000,97800.00000000,97800.00000000,97777.77000000,97777.78000000,7.81174000,1736070659999,763887.74070590,786,0.47547000,46498.08977870,0
1736070660000,97777.77000000,97777.78000000,97767.99000000,97768.00000000,7.82691000,1736070719999,765294.76635060,531,0.33381000,32639.05628890,0
1736070720000,97767.99000000,97767.99000000,97721.00000000,97733.60000000,14.69881000,1736070779999,1436718.45016180,2006,3.33942000,326359.84042520,0
1736070780000,97733.61000000,97756.32000000,97733.60000000,97738.28000000,3.77403000,1736070839999,368882.62284930,1664,1.78796000,174759.74946520,0
1736070840000,97738.28000000,97738.29000000,97704.90000000,97704.91000000,4.84488000,1736070899999,473432.85209090,1543,1.58012000,154401.08919720,0
1736070900000,97704.92000000,97704.92000000,97700.68000000,97700.68000000,5.36944000,1736070959999,524602.18626320,375,1.61491000,157779.52763620,0
1736070960000,97700.68000000,97727.00000000,97669.54000000,97726.99000000,18.09396000,1736071019999,1767721.71481910,3354,6.46246000,631365.70054910,0
1736071020000,97727.00000000,97727.00000000,97672.49000000,97684.28000000,13.71894000,1736071079999,1340373.10670340,1334,1.38693000,135496.16218870,0
1736071080000,97684.29000000,97684.29000000,97637.93000000,97657.89000000,14.41925000,1736071139999,1408097.17437300,2100,1.18304000,115523.66902630,0
1736071140000,97657.89000000,97691.59000000,97652.19000000,97652.20000000,24.61925000,1736071199999,2404511.94092590,1114,10.34492000,1010447.06309950,0
1736071200000,97652.21000000,97663.66000000,97652.20000000,97661.97000000,4.64836000,1736071259999,453952.01445990,623,3.66640000,358052.55846880,0
1736071260000,97661.97000000,97661.98000000,97648.72000000,97648.73000000,6.22383000,1736071319999,607812.12144390,572,1.08254000,105713.00442800,0
1736071320000,97648.73000000,97648.73000000,97600.00000000,97606.06000000,52.66922000,1736071379999,5141424.56229350,2611,4.10821000,401000.87875770,0
1736071380000,97606.07000000,97667.59000000,97606.06000000,97667.59000000,18.92897000,1736071439999,1848036.59445130,3255,16.86205000,1646218.31558050,0
1736071440000,97667.58000000,97702.76000000,97667.58000000,97702.75000000,5.01814000,1736071499999,490224.92335340,1767,4.35785000,425723.73503560,0
1736071500000,97702.76000000,97712.01000000,97667.59000000,97691.72000000,9.82454000,1736071559999,959821.40436730,2509,4.40577000,430413.47224960,0
1736071560000,97691.72000000,97691.72000000,97649.84000000,97649.85000000,5.02669000,1736071619999,491009.42152830,1599,1.42820000,139520.82497230,0
1736071620000,97649.84000000,97669.23000000,97648.00000000,97669.23000000,3.40349000,1736071679999,332375.86870680,863,2.81755000,275157.39521460,0
1736071680000,97669.22000000,97727.00000000,97669.22000000,97724.14000000,10.89131000,1736071739999,1064072.11297400,2016,9.95644000,972721.25017780,0
1736071740000,97726.99000000,97726.99000000,97704.62000000,97710.00000000,8.02630000,1736071799999,784277.71081400,1168,6.40775000,626119.54873920,0
1736071800000,97709.99000000,97710.00000000,97709.99000000,97709.99000000,1.88009000,1736071859999,183703.58059510,217,0.54960000,53701.41600000,0
1736071860000,97709.99000000,97734.91000000,97709.76000000,97732.62000000,14.72435000,1736071919999,1438755.15407100,759,13.47032000,1316223.91792060,0
1736071920000,97732.62000000,97759.33000000,97732.61000000,97759.33000000,19.28899000,1736071979999,1885471.68768250,875,17.19281000,1680582.16234500,0
1736071980000,97759.33000000,97776.68000000,97749.99000000,97750.00000000,10.63759000,1736072039999,1039949.88185890,1458,1.42772000,139575.18581850,0
1736072040000,97749.99000000,97750.00000000,97724.80000000,97724.81000000,7.55749000,1736072099999,738733.98745120,943,0.57465000,56168.46447020,0
1736072100000,97724.81000000,97728.97000000,97716.00000000,97716.00000000,8.44526000,1736072159999,825341.74403110,739,0.79191000,77390.52522770,0
1736072160000,97716.00000000,97716.00000000,97680.00000000,97680.01000000,4.15195000,1736072219999,405599.85232570,1703,0.57271000,55949.18019790,0
1736072220000,97680.01000000,97718.38000000,97680.00000000,97718.37000000,5.32076000,1736072279999,519790.95715030,1729,4.19248000,409564.54286830,0
1736072280000,97718.38000000,97756.48000000,97716.16000000,97756.47000000,7.73887000,1736072339999,756411.77087840,1938,4.29035000,419339.08304250,0
1736072340000,97756.47000000,97756.48000000,97724.78000000,97751.48000000,7.44892000,1736072399999,728046.93002540,1703,4.58341000,447955.61821590,0
1736072400000,97751.49000000,97751.49000000,97747.28000000,97747.28000000,1.55954000,1736072459999,152442.30901090,299,0.36524000,35701.24602960,0
1736072460000,97747.28000000,97747.29000000,97745.61000000,97745.61000000,2.11126000,1736072519999,206368.46893400,363,0.82308000,80453.25108770,0
1736072520000,97745.61000000,97745.62000000,97722.88000000,97722.88000000,2.86033000,1736072579999,279557.71172850,827,0.89414000,87393.40444940,0
1736072580000,97722.88000000,97722.89000000,97701.92000000,97701.93000000,0.94485000,1736072639999,92320.87569960,698,0.10493000,10252.36724830,0
1736072640000,97701.93000000,97701.93000000,97623.67000000,97623.68000000,5.20991000,1736072699999,508840.35159860,1941,0.28068000,27409.10650920,0
1736072700000,97623.68000000,97642.74000000,97623.67000000,97634.69000000,3.64538000,1736072759999,355903.93953000,844,2.70603000,264191.24109870,0
1736072760000,97634.69000000,97634.69000000,97634.68000000,97634.68000000,1.47091000,1736072819999,143611.83057570,184,0.34169000,33360.79722610,0
1736072820000,97634.68000000,97634.69000000,97634.68000000,97634.68000000,1.37124000,1736072879999,133880.58571840,128,0.71152000,69469.03462880,0
1736072880000,97634.69000000,97634.69000000,97605.31000000,97605.32000000,2.39631000,1736072939999,233934.53530730,987,0.35294000,34453.55260090,0
1736072940000,97605.31000000,97605.32000000,97600.01000000,97600.02000000,2.43378000,1736072999999,237540.85683620,294,0.76033000,74208.45253760,0
1736073000000,97600.02000000,97630.44000000,97600.01000000,97625.30000000,11.64476000,1736073059999,1136663.68169770,1566,7.48873000,730951.51493220,0
1736073060000,97625.31000000,97663.53000000,97625.30000000,97661.44000000,6.73554000,1736073119999,657647.29614780,1703,3.20503000,312958.32728980,0
1736073120000,97661.44000000,97663.06000000,97661.44000000,97663.01000000,3.19140000,1736073179999,311679.58884000,411,1.87435000,183053.83797510,0
1736073180000,97663.00000000,97663.01000000,97663.00000000,97663.00000000,1.76751000,1736073239999,172620.33646980,211,0.73398000,71682.69607980,0
1736073240000,97663.01000000,97667.70000000,97663.00000000,97667.70000000,3.31115000,1736073299999,323384.84507850,581,1.99095000,194443.97635200,0
1736073300000,97667.69000000,97689.18000000,97667.69000000,97689.18000000,4.09960000,1736073359999,400449.40583390,930,2.77335000,270897.07211500,0
1736073360000,97689.18000000,97689.18000000,97672.81000000,97672.81000000,1.64891000,1736073419999,161062.22711800,730,0.27383000,26746.23905810,0
1736073420000,97672.81000000,97715.25000000,97672.80000000,97715.24000000,9.32743000,1736073479999,911138.66641010,1424,8.75117000,854851.57752250,0
1736073480000,97715.24000000,97715.24000000,97715.23000000,97715.23000000,4.05342000,1736073539999,396080.87834040,169,1.07538000,105081.01479120,0
1736073540000,97715.23000000,97715.24000000,97693.82000000,97704.28000000,2.15128000,1736073599999,210179.47234510,1089,1.15958000,113285.55519030,0
1736073600000,97704.29000000,97705.51000000,97704.29000000,97705.51000000,0.60756000,1736073659999,59361.95053790,219,0.14219000,13892.74200290,0
1736073660000,97705.50000000,97705.51000000,97705.50000000,97705.50000000,2.04711000,1736073719999,200013.92244760,196,1.63426000,159676.20677260,0
1736073720000,97705.51000000,97705.51000000,97700.00000000,97700.00000000,4.13611000,1736073779999,404106.79431960,470,0.71171000,69534.54007710,0
1736073780000,97700.01000000,97700.01000000,97699.72000000,97699.73000000,1.79753000,1736073839999,175618.33537690,329,0.95416000,93221.18834040,0
1736073840000,97699.72000000,97699.73000000,97695.00000000,97695.00000000,1.38381000,1736073899999,135192.66796990,438,0.52958000,51737.82879170,0
1736073900000,97695.00000000,97695.01000000,97695.00000000,97695.00000000,2.32678000,1736073959999,227314.77985820,211,0.77582000,75793.74265820,0
1736073960000,97695.00000000,97695.01000000,97695.00000000,97695.00000000,0.62990000,1736074019999,61538.08252740,161,0.20274000,19806.68632740,0
1736074020000,97695.00000000,97695.01000000,97695.00000000,97695.01000000,2.28732000,1736074079999,223459.74436600,193,1.69660000,165749.35396600,0
1736074080000,97695.00000000,97748.84000000,97695.00000000,97748.80000000,10.91129000,1736074139999,1066230.30759340,1443,10.45527000,1021662.93242760,0
1736074140000,97748.80000000,97748.80000000,97727.27000000,97727.27000000,1.57343000,1736074199999,153785.64161610,776,0.55315000,54063.83274770,0
1736074200000,97727.28000000,97738.50000000,97727.27000000,97738.49000000,1.75051000,1736074259999,171078.30258600,511,1.02674000,100342.02548590,0
1736074260000,97738.49000000,97738.50000000,97704.70000000,97704.71000000,1.95769000,1736074319999,191315.05920370,855,0.21325000,20840.74768530,0
1736074320000,97704.70000000,97704.71000000,97700.00000000,97700.00000000,0.77459000,1736074379999,75678.28633240,338,0.19752000,19297.81391970,0
1736074380000,97700.01000000,97700.01000000,97700.00000000,97700.01000000,0.50126000,1736074439999,48973.10283960,114,0.08396000,8202.89283960,0
1736074440000,97700.01000000,97711.22000000,97700.00000000,97711.22000000,3.45929000,1736074499999,337981.84607640,553,3.00449000,293544.96238590,0
1736074500000,97711.21000000,97727.69000000,97711.21000000,97727.69000000,3.90307000,1736074559999,381386.12291230,735,1.90108000,185767.45426870,0
1736074560000,97727.69000000,97727.72000000,97727.68000000,97727.71000000,3.70937000,1736074619999,362508.22553270,257,0.47168000,46096.20026770,0
1736074620000,97727.72000000,97737.50000000,97727.71000000,97737.49000000,2.17448000,1736074679999,212521.71231650,672,1.44703000,141425.13914050,0
1736074680000,97737.50000000,97737.50000000,97737.48000000,97737.49000000,1.32041000,1736074739999,129053.55973960,179,0.17906000,17500.87595480,0
1736074740000,97737.48000000,97737.49000000,97737.48000000,97737.48000000,0.74948000,1736074799999,73252.29081620,129,0.43058000,42083.80844420,0
1736074800000,97737.48000000,97737.49000000,97708.81000000,97727.81000000,3.78878000,1736074859999,370245.32169950,1369,1.86129000,181878.41122090,0
1736074860000,97727.82000000,97727.82000000,97715.87000000,97717.99000000,3.89215000,1736074919999,380345.17721010,369,0.31870000,31143.17942670,0
1736074920000,97717.99000000,97717.99000000,97700.01000000,97714.29000000,4.29620000,1736074979999,419784.18457670,1115,3.14630000,307426.33508760,0
1736074980000,97714.29000000,97740.45000000,97714.29000000,97740.44000000,3.15850000,1736075039999,308693.04398380,1406,2.88452000,281915.95642180,0
1736075040000,97740.45000000,97745.74000000,97740.44000000,97745.74000000,1.32985000,1736075099999,129986.78911220,393,0.60128000,58772.28376840,0
1736075100000,97745.74000000,97767.65000000,97745.73000000,97767.64000000,4.54898000,1736075159999,444707.46664690,1450,3.15768000,308684.76697200,0
1736075160000,97767.65000000,97767.65000000,97709.50000000,97709.50000000,3.33396000,1736075219999,325823.95694200,1351,0.92587000,90470.94542260,0
1736075220000,97709.51000000,97709.51000000,97700.00000000,97700.00000000,1.15736000,1736075279999,113077.79490080,518,0.22259000,21748.24169600,0
1736075280000,97700.01000000,97700.01000000,97691.30000000,97691.30000000,1.63298000,1736075339999,159532.31565230,483,1.12022000,109438.13401410,0
1736075340000,97691.31000000,97691.31000000,97685.53000000,97685.54000000,0.74559000,1736075399999,72835.55635710,443,0.19552000,19100.06813470,0
1736075400000,97685.54000000,97688.63000000,97685.53000000,97688.62000000,3.17153000,1736075459999,309817.80397240,427,2.61805000,255749.87388360,0
1736075460000,97688.62000000,97688.63000000,97688.62000000,97688.63000000,1.48872000,1736075519999,145431.01133910,264,0.89727000,87653.07704010,0
1736075520000,97688.63000000,97688.63000000,97688.62000000,97688.63000000,0.72384000,1736075579999,70710.93463780,189,0.39370000,38460.01363100,0
1736075580000,97688.62000000,97706.20000000,97688.62000000,97706.20000000,2.35817000,1736075639999,230380.21688050,1195,2.11913000,207025.88776910,0
1736075640000,97706.20000000,97706.20000000,97706.19000000,97706.19000000,0.76512000,1736075699999,74756.96538070,193,0.52879000,51666.06149800,0
1736075700000,97706.20000000,97706.20000000,97706.19000000,97706.20000000,0.96612000,1736075759999,94395.91120160,226,0.69188000,67600.96565600,0
1736075760000,97706.20000000,97764.96000000,97706.19000000,97764.96000000,5.40779000,1736075819999,528528.59981150,3094,4.55686000,445353.73382020,0
1736075820000,97764.95000000,97811.25000000,97764.95000000,97811.25000000,18.04749000,1736075879999,1764990.04668250,2136,17.76325000,1737195.89984290,0
1736075880000,97811.25000000,97822.16000000,97786.03000000,97786.03000000,5.09626000,1736075939999,498451.00396890,1311,1.96392000,192082.84268490,0
1736075940000,97786.03000000,97822.13000000,97786.03000000,97822.12000000,4.55640000,1736075999999,445628.85284140,1260,3.94554000,385888.60578230,0
1736076000000,97822.13000000,97822.13000000,97796.54000000,97796.54000000,1.65334000,1736076059999,161715.74674440,876,0.40794000,39896.18905110,0
1736076060000,97796.55000000,97796.55000000,97792.00000000,97792.00000000,3.02066000,1736076119999,295397.27245420,290,2.13661000,208943.78496770,0
1736076120000,97792.00000000,97792.01000000,97792.00000000,97792.01000000,2.36597000,1736076179999,231372.94401080,233,0.57708000,56433.81313080,0
1736076180000,97792.01000000,97792.01000000,97770.26000000,97770.27000000,1.81378000,1736076239999,177344.02120330,522,0.72044000,70438.33753740,0
1736076240000,97770.27000000,97770.27000000,97753.99000000,97768.90000000,4.16476000,1736076299999,407149.85000730,1070,2.92846000,286286.92507170,0
1736076300000,97768.90000000,97768.90000000,97762.15000000,97762.16000000,1.25378000,1736076359999,122579.33774810,325,0.89464000,87467.25573440,0
1736076360000,97762.15000000,97762.16000000,97762.15000000,97762.15000000,1.21671000,1736076419999,118948.19347020,168,0.79437000,77659.32703920,0
1736076420000,97762.16000000,97769.77000000,97750.00000000,97750.01000000,2.87546000,1736076479999,281110.33502930,787,1.68156000,164394.21663010,0
1736076480000,97750.00000000,97750.01000000,97727.27000000,97727.27000000,1.48862000,1736076539999,145504.33646710,443,0.47564000,46492.01151900,0
1736076540000,97727.28000000,97727.28000000,97727.27000000,97727.27000000,0.65941000,1736076599999,64442.34082160,147,0.17109000,16720.16033520,0
1736076600000,97727.27000000,97735.96000000,97727.27000000,97727.27000000,4.31022000,1736076659999,421241.07473690,658,3.41653000,333896.52279440,0
1736076660000,97727.28000000,97727.28000000,97671.00000000,97696.97000000,4.66315000,1736076719999,455560.23306890,2140,1.31541000,128496.70591570,0
1736076720000,97696.96000000,97696.97000000,97678.00000000,97678.00000000,1.37050000,1736076779999,133873.08319390,514,0.37301000,36435.01287880,0
1736076780000,97678.01000000,97678.01000000,97647.53000000,97647.54000000,2.88084000,1736076839999,281351.48871100,1048,0.27617000,26968.62608080,0
1736076840000,97647.54000000,97647.54000000,97625.94000000,97625.94000000,2.67347000,1736076899999,261041.24195440,691,0.23490000,22934.99842530,0
1736076900000,97625.95000000,97662.06000000,97625.94000000,97648.58000000,11.23236000,1736076959999,1096821.98091620,2288,4.46087000,435551.29680400,0
1736076960000,97648.58000000,97648.58000000,97634.07000000,97634.07000000,1.69348000,1736077019999,165351.58679400,567,0.19837000,19369.01783820,0
1736077020000,97634.08000000,97646.04000000,97634.07000000,97646.04000000,1.81804000,1736077079999,177513.21174330,549,1.28256000,125225.73524180,0
1736077080000,97646.03000000,97666.06000000,97646.03000000,97666.05000000,1.86577000,1736077139999,182195.87287970,922,1.51471000,147915.15222890,0
1736077140000,97666.05000000,97671.01000000,97666.05000000,97671.00000000,1.64659000,1736077199999,160818.76494030,660,1.08693000,106157.02173710,0
1736077200000,97671.00000000,97671.01000000,97641.35000000,97641.36000000,2.11659000,1736077259999,206714.01122700,705,0.71137000,69479.37108200,0
1736077260000,97641.36000000,97658.09000000,97641.35000000,97658.09000000,2.28705000,1736077319999,223334.87351700,676,0.87112000,85061.72912190,0
1736077320000,97658.09000000,97658.09000000,97640.50000000,97640.51000000,2.65001000,1736077379999,258773.78242510,560,1.40795000,137484.27305090,0
1736077380000,97640.51000000,97640.51000000,97640.50000000,97640.51000000,0.71452000,1736077439999,69766.09414740,193,0.40874000,39909.58205740,0
1736077440000,97640.51000000,97668.62000000,97640.50000000,97668.62000000,3.41851000,1736077499999,333813.59552670,1130,3.15275000,307859.56700500,0
1736077500000,97668.62000000,97668.62000000,97652.01000000,97652.01000000,3.30054000,1736077559999,322337.00590470,547,0.12025000,11744.17593700,0
1736077560000,97652.00000000,97661.46000000,97651.12000000,97661.46000000,2.78316000,1736077619999,271784.04503420,492,2.28598000,223233.57623500,0
1736077620000,97661.46000000,97661.51000000,97648.47000000,97648.48000000,2.30871000,1736077679999,225467.64744050,474,0.10379000,10135.78383170,0
1736077680000,97648.47000000,97653.89000000,97648.47000000,97653.88000000,1.13981000,1736077739999,111303.73323930,360,0.53733000,52470.12292120,0
1736077740000,97653.89000000,97664.90000000,97653.88000000,97664.89000000,5.37264000,1736077799999,524677.82119510,561,1.35327000,132160.42828870,0
1736077800000,97664.90000000,97664.90000000,97644.96000000,97644.97000000,2.79563000,1736077859999,273012.93223340,966,0.25543000,24944.48280330,0
1736077860000,97644.96000000,97644.97000000,97640.50000000,97640.50000000,2.82760000,1736077919999,276097.22823130,537,0.31776000,31027.34494340,0
1736077920000,97640.50000000,97640.51000000,97640.20000000,97640.21000000,1.23903000,1736077979999,120979.48402140,235,0.45728000,44649.04123700,0
1736077980000,97640.21000000,97640.21000000,97631.99000000,97632.00000000,4.74715000,1736078039999,463484.65515290,352,0.21260000,20756.72243770,0
1736078040000,97631.99000000,97632.00000000,97616.54000000,97616.55000000,4.21753000,1736078099999,411735.30398790,710,0.44524000,43468.60432780,0
1736078100000,97616.54000000,97624.00000000,97615.13000000,97623.99000000,10.87377000,1736078159999,1061448.52774460,700,6.74879000,658784.52756590,0
1736078160000,97624.00000000,97640.50000000,97623.99000000,97640.50000000,2.51421000,1736078219999,245476.39197640,1036,1.26665000,123668.83916350,0
1736078220000,97640.49000000,97641.63000000,97640.49000000,97641.63000000,4.32646000,1736078279999,422440.14557500,833,1.00850000,98471.20201740,0
1736078280000,97641.63000000,97641.63000000,97641.62000000,97641.63000000,1.10876000,1736078339999,108261.13019510,232,0.76039000,74245.71903570,0
1736078340000,97641.63000000,97641.63000000,97641.62000000,97641.63000000,0.84333000,1736078399999,82344.11093620,164,0.35416000,34580.75968080,0
1736078400000,97641.62000000,97648.79000000,97641.62000000,97646.64000000,4.02844000,1736078459999,393353.73810790,693,2.93075000,286167.63712340,0
1736078460000,97646.65000000,97646.65000000,97646.64000000,97646.64000000,1.68057000,1736078519999,164102.02039760,285,0.66128000,64571.77671200,0
1736078520000,97646.65000000,97646.65000000,97646.64000000,97646.64000000,1.48008000,1736078579999,144524.84506260,242,0.61314000,59871.06698100,0
1736078580000,97646.64000000,97646.65000000,97646.64000000,97646.64000000,1.04713000,1736078639999,102248.72776170,174,0.16185000,15804.11030250,0
1736078640000,97646.64000000,97669.87000000,97646.64000000,97669.87000000,4.32063000,1736078699999,421934.53559710,1481,3.55589000,347250.78205410,0
1736078700000,97669.87000000,97669.87000000,97669.86000000,97669.86000000,2.55859000,1736078759999,249897.12854410,164,0.14467000,14129.90009290,0
1736078760000,97669.87000000,97669.87000000,97655.33000000,97655.33000000,4.13128000,1736078819999,403469.75189060,866,1.39183000,135922.64240890,0
1736078820000,97655.34000000,97655.34000000,97654.77000000,97654.78000000,2.51783000,1736078879999,245878.37707300,257,1.61112000,157333.57102960,0
1736078880000,97654.77000000,97654.78000000,97648.11000000,97648.11000000,0.93102000,1736078939999,90918.05601840,392,0.23920000,23359.00885720,0
1736078940000,97648.11000000,97648.12000000,97600.00000000,97605.45000000,5.41037000,1736078999999,528148.21907730,2590,1.25987000,122972.74202230,0
1736079000000,97605.44000000,97605.45000000,97600.00000000,97602.56000000,2.12285000,1736079059999,207192.50660430,506,0.90521000,88348.84996620,0
1736079060000,97602.55000000,97602.56000000,97569.04000000,97590.81000000,12.89611000,1736079119999,1258575.92957670,2799,1.42107000,138670.12628310,0
1736079120000,97590.80000000,97667.67000000,97590.80000000,97667.67000000,13.10175000,1736079179999,1278998.86922420,2790,9.36728000,914421.92979770,0
1736079180000,97667.67000000,97693.42000000,97667.66000000,97693.42000000,2.40432000,1736079239999,234851.86417190,1469,1.92499000,188027.30614110,0
1736079240000,97693.42000000,97737.90000000,97693.41000000,97737.64000000,7.18005000,1736079299999,701609.39603300,2129,5.93141000,579588.01688980,0
1736079300000,97737.63000000,97737.91000000,97727.99000000,97732.82000000,4.70620000,1736079359999,459950.98697920,862,2.57036000,251205.47391060,0
1736079360000,97732.83000000,97757.58000000,97732.83000000,97757.57000000,2.63866000,1736079419999,257917.77541860,1080,2.31463000,226246.62842690,0
1736079420000,97757.57000000,97788.00000000,97757.57000000,97777.65000000,4.98991000,1736079479999,487909.53968550,1725,3.42691000,335072.08147310,0
1736079480000,97777.65000000,97831.07000000,97777.65000000,97831.07000000,5.97024000,1736079539999,583959.45039310,1748,4.63608000,453454.80918980,0
1736079540000,97831.07000000,97922.89000000,97831.07000000,97851.83000000,22.37449000,1736079599999,2190169.17089140,5100,14.13858000,1383904.19798130,0
1736079600000,97851.83000000,97851.84000000,97777.63000000,97777.64000000,5.24903000,1736079659999,513478.93180910,2596,0.57234000,55986.88578070,0
1736079660000,97777.63000000,97811.97000000,97769.39000000,97811.46000000,12.10593000,1736079719999,1183948.05926330,1545,5.91714000,578640.90373130,0
1736079720000,97811.46000000,97811.46000000,97797.18000000,97797.19000000,2.11076000,1736079779999,206437.74765230,756,0.36769000,35959.09764920,0
1736079780000,97797.18000000,97797.19000000,97791.31000000,97791.31000000,1.41400000,1736079839999,138281.18398060,421,0.28253000,27629.11347980,0
1736079840000,97791.32000000,97791.32000000,97774.03000000,97774.04000000,2.68706000,1736079899999,262745.23145500,964,0.44853000,43856.88727220,0
1736079900000,97774.03000000,97774.04000000,97716.04000000,97716.04000000,8.58924000,1736079959999,839533.54368330,2405,5.33016000,520966.30804920,0
1736079960000,97716.04000000,97716.05000000,97680.00000000,97680.02000000,8.21349000,1736080019999,802449.71818250,1711,4.15094000,405526.09568610,0
1736080020000,97680.02000000,97775.51000000,97680.01000000,97775.20000000,10.00721000,1736080079999,977797.15805610,2728,8.49179000,829745.25842510,0
1736080080000,97775.20000000,97775.20000000,97741.93000000,97741.93000000,4.22109000,1736080139999,412640.76887420,784,1.72487000,168596.74301160,0
1736080140000,97741.93000000,97741.94000000,97717.26000000,97717.27000000,2.65019000,1736080199999,258991.09032520,874,0.54088000,52854.43462710,0
1736080200000,97717.26000000,97751.51000000,97717.26000000,97733.28000000,6.53242000,1736080259999,638445.58547690,1751,4.22806000,413212.55800760,0
1736080260000,97733.28000000,97781.81000000,97733.28000000,97748.73000000,5.45661000,1736080319999,533367.02473860,2062,2.14272000,209457.86483590,0
1736080320000,97748.74000000,97748.74000000,97741.42000000,97741.42000000,2.58416000,1736080379999,252594.44556050,371,1.63527000,159843.22081920,0
1736080380000,97741.42000000,97750.00000000,97708.02000000,97708.02000000,4.63385000,1736080439999,452908.18902870,2154,1.29778000,126848.24216790,0
1736080440000,97708.03000000,97721.52000000,97708.02000000,97720.15000000,2.82325000,1736080499999,275877.36966800,636,1.38446000,135282.85120900,0
1736080500000,97720.15000000,97722.38000000,97706.04000000,97722.37000000,2.04292000,1736080559999,199626.84361700,1042,1.07354000,104902.87991570,0
1736080560000,97722.38000000,97722.38000000,97673.67000000,97673.68000000,11.02655000,1736080619999,1077146.25823060,1294,6.21763000,607306.34610960,0
1736080620000,97673.68000000,97714.00000000,97673.67000000,97710.07000000,6.28375000,1736080679999,613910.11000040,1942,3.35884000,328124.50607260,0
1736080680000,97710.06000000,97738.35000000,97705.51000000,97733.58000000,12.73303000,1736080739999,1244217.72228370,1036,11.14869000,1089399.91914820,0
1736080740000,97733.59000000,97771.84000000,97733.58000000,97756.86000000,7.08058000,1736080799999,692189.59863880,1334,2.49041000,243440.49744290,0
1736080800000,97756.86000000,97787.88000000,97756.86000000,97780.50000000,3.13547000,1736080859999,306573.03984570,1463,1.94334000,190001.70071550,0
1736080860000,97780.51000000,97796.00000000,97780.50000000,97795.99000000,1.12038000,1736080919999,109559.59959810,660,0.86023000,84118.15695310,0
1736080920000,97795.99000000,97796.00000000,97743.21000000,97743.22000000,4.80642000,1736080979999,469945.01786160,941,0.66883000,65384.87385440,0
1736080980000,97743.21000000,97743.22000000,97743.21000000,97743.22000000,1.62953000,1736081039999,159275.50185410,164,0.88628000,86627.86102160,0
1736081040000,97743.21000000,97769.67000000,97743.21000000,97769.66000000,2.97835000,1736081099999,291138.63859490,1112,2.71276000,265173.67508500,0
1736081100000,97769.67000000,97795.99000000,97746.12000000,97795.98000000,6.42664000,1736081159999,628268.79420340,1948,3.70067000,361773.76884100,0
1736081160000,97795.98000000,97795.99000000,97783.33000000,97790.04000000,3.19077000,1736081219999,312034.40077020,726,0.88907000,86940.71500590,0
1736081220000,97790.05000000,97858.97000000,97790.04000000,97858.96000000,5.57849000,1736081279999,545730.72989760,2562,3.88250000,379810.80886050,0
1736081280000,97858.97000000,97868.65000000,97841.99000000,97842.00000000,4.18919000,1736081339999,409959.65589320,979,1.80300000,176453.07129400,0
1736081340000,97842.00000000,97876.00000000,97841.99000000,97875.99000000,4.30465000,1736081399999,421235.17168890,1516,3.81677000,373488.26556790,0
1736081400000,97875.99000000,97900.00000000,97850.31000000,97850.32000000,7.35844000,1736081459999,720238.79022020,2129,3.75654000,367690.70281350,0
1736081460000,97850.31000000,97884.24000000,97850.31000000,97879.47000000,3.32151000,1736081519999,325058.29467330,1491,2.84280000,278203.20546920,0
1736081520000,97879.48000000,97956.66000000,97879.47000000,97930.56000000,18.20811000,1736081579999,1782718.40893180,2815,15.35083000,1502850.40235900,0
1736081580000,97930.55000000,97930.56000000,97897.19000000,97897.20000000,2.19492000,1736081639999,214915.94743300,983,0.17645000,17275.80631560,0
1736081640000,97897.19000000,97897.20000000,97880.21000000,97880.21000000,4.58955000,1736081699999,449236.38006700,611,3.94564000,386204.20386370,0
1736081700000,97880.22000000,97880.22000000,97834.70000000,97834.70000000,4.49216000,1736081759999,439607.94713150,1419,0.50880000,49789.02736800,0
1736081760000,97834.70000000,97834.70000000,97834.69000000,97834.70000000,1.00798000,1736081819999,98615.41485490,156,0.39640000,38781.67508000,0
1736081820000,97834.70000000,97834.70000000,97793.77000000,97793.78000000,5.50850000,1736081879999,538876.89038740,1222,0.44514000,43539.05550430,0
1736081880000,97793.77000000,97793.78000000,97772.93000000,97772.94000000,4.34042000,1736081939999,424437.39374300,1198,1.87498000,183350.04011580,0
1736081940000,97772.93000000,97772.94000000,97770.00000000,97770.01000000,3.15814000,1736081999999,308780.22126520,365,0.46544000,45507.12400590,0
1736082000000,97770.01000000,97770.01000000,97737.20000000,97764.68000000,15.18961000,1736082059999,1484728.81819040,2099,4.95748000,484553.16865870,0
1736082060000,97764.69000000,97792.10000000,97764.68000000,97792.09000000,5.75571000,1736082119999,562780.64792760,1061,1.54925000,151484.10115770,0
1736082120000,97792.10000000,97815.14000000,97790.21000000,97815.14000000,2.61368000,1736082179999,255598.47502940,841,1.84435000,180364.76655500,0
1736082180000,97815.14000000,97827.06000000,97799.07000000,97799.07000000,2.81078000,1736082239999,274942.29744080,1145,1.23001000,120314.74034190,0
1736082240000,97799.08000000,97799.08000000,97792.48000000,97792.48000000,0.77243000,1736082299999,75540.64961790,310,0.18765000,18350.92582800,0
1736082300000,97792.49000000,97828.25000000,97792.48000000,97809.99000000,3.47261000,1736082359999,339663.22363780,1558,2.80790000,274642.31536340,0
1736082360000,97809.99000000,97883.27000000,97809.98000000,97883.12000000,6.19215000,1736082419999,605948.34418490,3056,5.47155000,535425.25010720,0
1736082420000,97883.11000000,97905.51000000,97883.11000000,97892.56000000,5.89183000,1736082479999,576769.39084890,1675,3.05439000,299001.15625200,0
1736082480000,97892.56000000,97904.89000000,97892.56000000,97896.38000000,2.65693000,1736082539999,260104.19670880,875,1.42430000,139430.61379280,0
1736082540000,97896.37000000,97896.38000000,97881.90000000,97881.90000000,2.53981000,1736082599999,248625.89603070,655,1.11436000,109088.78163330,0
1736082600000,97881.90000000,97881.91000000,97879.42000000,97879.43000000,2.88357000,1736082659999,282246.35960140,376,0.33541000,32829.74049750,0
1736082660000,97879.42000000,97895.06000000,97879.42000000,97881.96000000,5.05593000,1736082719999,494883.33522110,761,4.11840000,403109.53240060,0
1736082720000,97881.95000000,97881.96000000,97881.95000000,97881.95000000,0.76296000,1736082779999,74680.01586230,223,0.32903000,32206.10129880,0
1736082780000,97881.95000000,97881.96000000,97856.37000000,97871.56000000,2.88595000,1736082839999,282446.47871120,1102,0.73526000,71955.86486800,0
1736082840000,97871.56000000,97871.56000000,97860.91000000,97861.46000000,3.52268000,1736082899999,344759.69270400,442,2.05578000,201197.73994200,0
1736082900000,97861.47000000,97863.16000000,97861.46000000,97863.15000000,0.75431000,1736082959999,73818.86295930,273,0.39319000,38478.62532130,0
1736082960000,97863.16000000,97900.00000000,97863.15000000,97887.46000000,4.92101000,1736083019999,481679.76330670,1692,3.03546000,297094.96553520,0
1736083020000,97887.46000000,97900.00000000,97887.46000000,97900.00000000,1.28706000,1736083079999,125999.36791030,454,1.01661000,99523.01363800,0
1736083080000,97899.99000000,97904.73000000,97899.99000000,97904.73000000,1.62077000,1736083139999,158675.47540950,410,1.40790000,137835.28241740,0
1736083140000,97904.73000000,97928.93000000,97904.73000000,97923.24000000,4.50742000,1736083199999,441370.22018410,1378,2.35210000,230307.57832890,0
1736083200000,97923.24000000,97923.24000000,97889.87000000,97897.43000000,9.46857000,1736083259999,927013.36590970,1222,4.66310000,456533.03099410,0
1736083260000,97897.43000000,97919.19000000,97897.42000000,97916.00000000,7.58842000,1736083319999,742926.59874860,799,6.85193000,670813.85805930,0
1736083320000,97916.00000000,97916.00000000,97875.24000000,97875.24000000,6.71172000,1736083379999,656990.92468050,1224,3.61106000,353435.33838860,0
1736083380000,97875.25000000,97875.25000000,97846.36000000,97849.29000000,2.51360000,1736083439999,245983.63556900,1124,0.51510000,50406.99579860,0
1736083440000,97849.28000000,97907.59000000,97849.28000000,97907.58000000,3.91719000,1736083499999,383418.47759300,1734,3.38982000,331798.80760410,0
1736083500000,97907.59000000,97936.66000000,97907.58000000,97936.65000000,4.92357000,1736083559999,482143.11773210,1425,3.33441000,326518.56554300,0
1736083560000,97936.65000000,97938.91000000,97936.65000000,97938.90000000,1.35695000,1736083619999,132895.88521420,345,0.89832000,87978.97478470,0
1736083620000,97938.90000000,97959.66000000,97938.90000000,97959.66000000,2.49439000,1736083679999,244307.90957940,877,2.19717000,215198.48141870,0
1736083680000,97959.66000000,97965.31000000,97959.65000000,97965.31000000,1.18239000,1736083739999,115832.20115080,368,0.37465000,36701.95465430,0
1736083740000,97965.31000000,97965.31000000,97965.30000000,97965.30000000,2.99448000,1736083799999,293355.15951570,201,2.79717000,274025.62617270,0
1736083800000,97965.30000000,97965.31000000,97965.30000000,97965.31000000,1.54583000,1736083859999,151437.71188940,197,1.21904000,119423.63150240,0
1736083860000,97965.30000000,97965.31000000,97965.30000000,97965.31000000,6.12247000,1736083919999,599789.63396320,253,2.36722000,231905.44113820,0
1736083920000,97965.31000000,97977.13000000,97965.30000000,97977.13000000,2.49122000,1736083979999,244058.60710150,753,2.34953000,230177.48894770,0
1736083980000,97977.14000000,98018.96000000,97977.14000000,98018.95000000,6.54371000,1736084039999,641291.33268240,2027,5.65485000,554172.70388360,0
1736084040000,98018.96000000,98018.96000000,97988.22000000,97988.22000000,3.41660000,1736084099999,334833.30800490,663,1.54109000,151026.49793380,0
1736084100000,97988.23000000,97988.27000000,97911.78000000,97911.78000000,13.07579000,1736084159999,1281038.91488830,1711,7.00246000,686040.57830180,0
1736084160000,97911.78000000,97936.43000000,97900.00000000,97936.43000000,5.64428000,1736084219999,552616.85915050,1502,4.52879000,443406.07696790,0
1736084220000,97936.42000000,97949.99000000,97902.32000000,97902.33000000,9.18571000,1736084279999,899510.16594510,1250,0.78755000,77128.79099240,0
1736084280000,97902.32000000,97912.15000000,97902.32000000,97911.70000000,5.03571000,1736084339999,493050.64128410,606,1.51591000,148419.58486310,0
1736084340000,97911.69000000,97911.70000000,97876.00000000,97884.08000000,8.71886000,1736084399999,853552.89587150,1565,1.31679000,128894.27521090,0
1736084400000,97884.08000000,97908.57000000,97884.08000000,97908.57000000,5.78844000,1736084459999,566636.50927020,928,5.40827000,529419.35522440,0
1736084460000,97908.57000000,97908.57000000,97900.00000000,97900.00000000,3.28860000,1736084519999,321966.07464470,435,0.98346000,96282.28001220,0
1736084520000,97900.00000000,97905.85000000,97900.00000000,97905.84000000,1.11720000,1736084579999,109378.00716420,406,0.77799000,76167.38922340,0
1736084580000,97905.84000000,97905.85000000,97877.85000000,97877.86000000,4.80308000,1736084639999,470188.57865910,1396,1.13887000,111473.36569900,0
1736084640000,97877.86000000,97877.86000000,97877.85000000,97877.86000000,0.79674000,1736084699999,77983.20442530,209,0.62163000,60843.81411180,0
1736084700000,97877.86000000,97877.86000000,97842.50000000,97842.51000000,3.39533000,1736084759999,332259.97263330,774,0.18341000,17947.82294810,0
1736084760000,97842.50000000,97842.51000000,97842.50000000,97842.51000000,2.58020000,1736084819999,252453.22573720,232,0.72372000,70810.58133720,0
1736084820000,97842.51000000,97842.51000000,97802.76000000,97813.21000000,4.11519000,1736084879999,402568.99235710,1401,1.49216000,145956.38955400,0
1736084880000,97813.21000000,97813.22000000,97808.56000000,97808.56000000,0.82547000,1736084939999,80740.93707360,485,0.14752000,14429.16083940,0
1736084940000,97808.56000000,97808.57000000,97792.49000000,97792.49000000,4.19792000,1736084999999,410536.95168220,826,0.67846000,66350.24956370,0
1736085000000,97792.49000000,97792.50000000,97785.75000000,97785.76000000,2.33794000,1736085059999,228626.35911950,530,0.80178000,78406.72978920,0
1736085060000,97785.76000000,97785.76000000,97715.89000000,97715.89000000,4.79254000,1736085119999,468544.55677050,1595,0.42142000,41206.70460290,0
1736085120000,97715.90000000,97780.86000000,97715.90000000,97769.65000000,5.65490000,1736085179999,552778.17041490,1850,3.79030000,370472.65122560,0
1736085180000,97769.65000000,97769.65000000,97732.58000000,97741.48000000,7.73902000,1736085239999,756463.33927870,1404,1.20102000,117389.28387250,0
1736085240000,97741.48000000,97741.49000000,97741.47000000,97741.47000000,7.41122000,1736085299999,724383.59826110,241,1.58027000,154457.92927670,0
1736085300000,97741.48000000,97770.81000000,97741.47000000,97770.80000000,12.73650000,1736085359999,1244950.90188170,692,8.30513000,811792.21309900,0
1736085360000,97770.81000000,97770.81000000,97749.73000000,97749.74000000,6.35672000,1736085419999,621440.59845780,807,0.80794000,78992.43009090,0
1736085420000,97749.73000000,97749.74000000,97706.01000000,97706.02000000,8.41090000,1736085479999,821990.56188090,1883,1.81618000,177483.30315530,0
1736085480000,97706.02000000,97720.00000000,97680.18000000,97680.18000000,9.44580000,1736085539999,922865.51136110,2384,6.00937000,587123.64024960,0
1736085540000,97680.19000000,97689.96000000,97680.18000000,97689.96000000,5.12082000,1736085599999,500218.99868070,676,3.30586000,322928.06384970,0
1736085600000,97689.96000000,97720.67000000,97689.95000000,97710.07000000,3.92799000,1736085659999,383801.40538160,1707,1.89606000,185254.25719240,0
1736085660000,97710.06000000,97713.42000000,97688.00000000,97704.00000000,3.99463000,1736085719999,390274.83461570,1810,1.49592000,146154.93177820,0
1736085720000,97704.00000000,97735.04000000,97692.70000000,97735.04000000,12.20473000,1736085779999,1192615.19657470,1200,9.56781000,934994.41808310,0
1736085780000,97735.04000000,97779.96000000,97735.04000000,97777.07000000,3.14316000,1736085839999,307298.36094580,2139,1.97419000,192998.94397130,0
1736085840000,97777.07000000,97777.07000000,97769.02000000,97769.02000000,5.54037000,1736085899999,541708.54635890,391,0.35847000,35047.83546970,0
1736085900000,97769.02000000,97769.03000000,97763.16000000,97763.16000000,4.44682000,1736085959999,434758.28813770,357,1.91594000,187319.17511760,0
1736085960000,97763.16000000,97763.17000000,97729.46000000,97752.70000000,3.52755000,1736086019999,344809.30504600,1191,1.01022000,98733.79270190,0
1736086020000,97752.70000000,97752.71000000,97708.00000000,97708.00000000,2.19894000,1736086079999,214910.37186960,990,0.47637000,46555.66006090,0
1736086080000,97708.00000000,97728.97000000,97706.88000000,97714.81000000,3.01666000,1736086139999,294770.60397560,893,2.19746000,214719.86637940,0
1736086140000,97714.80000000,97714.81000000,97688.00000000,97688.00000000,6.29786000,1736086199999,615285.06153180,756,0.30460000,29759.10019190,0
1736086200000,97688.00000000,97688.01000000,97643.40000000,97649.86000000,7.63997000,1736086259999,746138.71463560,1747,2.73386000,266950.99368460,0
1736086260000,97649.85000000,97649.86000000,97636.37000000,97636.38000000,5.08952000,1736086319999,496942.76568150,908,2.42813000,237080.77150930,0
1736086320000,97636.37000000,97659.99000000,97636.36000000,97644.43000000,17.11405000,1736086379999,1671189.47221750,1771,15.42226000,1505984.07802690,0
1736086380000,97644.43000000,97644.43000000,97600.00000000,97628.87000000,9.07134000,1736086439999,885449.41484340,2308,3.59186000,350592.81760460,0
1736086440000,97628.87000000,97645.01000000,97628.86000000,97645.00000000,6.33788000,1736086499999,618771.47624130,786,1.38480000,135203.63208100,0
1736086500000,97645.00000000,97645.01000000,97596.01000000,97596.01000000,5.56061000,1736086559999,542784.09423000,962,0.60612000,59161.58317130,0
1736086560000,97596.01000000,97596.02000000,97333.00000000,97392.77000000,152.60207000,1736086619999,14869647.38331310,8752,29.07407000,2831354.47812580,0
1736086620000,97393.84000000,97450.46000000,97305.00000000,97350.12000000,47.12029000,1736086679999,4589325.80311080,9007,21.05835000,2050948.02829020,0
1736086680000,97350.12000000,97412.29000000,97332.64000000,97377.80000000,25.90099000,1736086739999,2521998.26649990,6743,10.73480000,1045272.10715110,0
1736086740000,97377.80000000,97422.11000000,97314.34000000,97314.35000000,36.64738000,1736086799999,3568821.70174270,5206,11.02693000,1073899.29333670,0
1736086800000,97314.35000000,97418.23000000,97296.42000000,97393.19000000,37.69869000,1736086859999,3669530.53156960,7478,15.05980000,1466137.69762470,0
1736086860000,97392.78000000,97443.74000000,97362.24000000,97433.35000000,16.56733000,1736086919999,1613680.49082740,4866,9.65868000,940718.18022460,0
1736086920000,97433.35000000,97433.35000000,97323.01000000,97342.56000000,14.83316000,1736086979999,1444274.15008250,5251,3.07890000,299780.63347420,0
1736086980000,97342.55000000,97410.80000000,97276.79000000,97377.86000000,27.96216000,1736087039999,2721799.64040180,7162,11.47399000,1116846.91253920,0
1736087040000,97377.86000000,97452.00000000,97364.00000000,97442.39000000,27.04876000,1736087099999,2635030.23261000,5314,16.81843000,1638496.47972240,0
1736087100000,97442.40000000,97518.15000000,97436.20000000,97518.15000000,12.71823000,1736087159999,1239673.45221850,2328,12.22072000,1191177.80180330,0
1736087160000,97518.17000000,97527.13000000,97455.37000000,97479.70000000,13.76962000,1736087219999,1342333.95384700,2974,4.33935000,422937.51673900,0
1736087220000,97479.69000000,97501.42000000,97459.34000000,97459.34000000,18.24465000,1736087279999,1778411.16994980,2692,13.88644000,1353551.25714550,0
1736087280000,97459.35000000,97496.54000000,97459.34000000,97496.53000000,3.16372000,1736087339999,308408.11277340,1062,2.28097000,222357.57241950,0
1736087340000,97496.54000000,97506.50000000,97484.97000000,97484.97000000,6.63117000,1736087399999,646533.21621850,1086,1.20616000,117600.70115000,0
1736087400000,97484.97000000,97484.98000000,97372.99000000,97411.82000000,17.07781000,1736087459999,1663523.00464360,4374,4.46547000,434873.05511090,0
1736087460000,97411.83000000,97459.56000000,97406.41000000,97451.56000000,7.89957000,1736087519999,769689.13048680,3717,4.65987000,454020.35391410,0
1736087520000,97451.57000000,97467.86000000,97407.32000000,97415.45000000,5.56057000,1736087579999,541818.59966810,2628,1.40953000,137342.04290490,0
1736087580000,97415.45000000,97489.32000000,97407.81000000,97457.98000000,7.46888000,1736087639999,727885.72184850,3527,4.93988000,481421.51768510,0
1736087640000,97457.98000000,97468.03000000,97440.32000000,97450.93000000,3.53276000,1736087699999,344277.40325180,2352,1.56916000,152919.06861930,0
1736087700000,97450.93000000,97553.02000000,97450.93000000,97548.30000000,16.30514000,1736087759999,1589938.94864660,2203,14.23766000,1388388.91711600,0
1736087760000,97548.30000000,97553.19000000,97514.34000000,97551.51000000,16.40542000,1736087819999,1600157.09558330,2538,5.78439000,564171.55089920,0
1736087820000,97551.51000000,97562.52000000,97545.45000000,97551.97000000,3.84857000,1736087879999,375445.06502950,1531,2.03586000,198607.10811880,0
1736087880000,97551.97000000,97584.58000000,97551.97000000,97584.58000000,3.39761000,1736087939999,331502.70216400,1406,2.39498000,233679.46139530,0
1736087940000,97584.57000000,97584.58000000,97552.50000000,97565.08000000,6.70600000,1736087999999,654283.54771290,1620,2.95792000,288590.07887640,0
1736088000000,97565.08000000,97565.95000000,97540.89000000,97564.00000000,3.47796000,1736088059999,339298.77912940,1397,1.59006000,155117.73634550,0
1736088060000,97564.25000000,97596.50000000,97564.25000000,97596.50000000,3.27265000,1736088119999,319329.69587230,1139,2.44766000,238838.43516910,0
1736088120000,97596.50000000,97669.47000000,97579.79000000,97664.86000000,18.30237000,1736088179999,1786555.67358540,4119,14.45712000,1411171.91948560,0
1736088180000,97664.86000000,97678.56000000,97664.85000000,97678.56000000,3.60138000,1736088239999,351757.16888220,761,2.33912000,228463.52146970,0
1736088240000,97678.55000000,97678.56000000,97675.19000000,97675.19000000,2.60236000,1736088299999,254188.09845040,315,0.43036000,42035.79458400,0
1736088300000,97675.19000000,97740.33000000,97675.19000000,97731.55000000,8.25499000,1736088359999,806626.57042180,3808,6.59555000,644464.61266450,0
1736088360000,97731.55000000,97846.77000000,97731.55000000,97797.28000000,8.36869000,1736088419999,818273.54782820,4836,6.00177000,586809.30926320,0
1736088420000,97797.60000000,97823.36000000,97781.39000000,97823.35000000,12.28526000,1736088479999,1201478.88862860,2504,8.51297000,832568.37096110,0
1736088480000,97823.36000000,97829.53000000,97805.20000000,97829.53000000,4.97852000,1736088539999,486947.47775230,1792,2.56423000,250799.36470190,0
1736088540000,97829.53000000,97900.00000000,97829.53000000,97882.29000000,10.88855000,1736088599999,1065649.00832950,4588,7.61171000,744921.02368120,0
1736088600000,97882.29000000,97893.29000000,97862.40000000,97862.40000000,3.11602000,1736088659999,305004.46910320,1245,1.09801000,107481.18550390,0
1736088660000,97862.40000000,97862.40000000,97813.26000000,97813.26000000,11.66669000,1736088719999,1141517.29290530,3118,2.43159000,237902.49707050,0
1736088720000,97813.27000000,97821.79000000,97807.51000000,97812.41000000,2.35836000,1736088779999,230680.08268380,1383,0.93496000,91452.25767970,0
1736088780000,97812.40000000,97839.59000000,97812.40000000,97833.17000000,5.40732000,1736088839999,528990.36896090,1061,4.75414000,465085.32893060,0
1736088840000,97833.17000000,97840.42000000,97824.03000000,97824.03000000,8.13356000,1736088899999,795766.16088280,1100,0.93873000,91835.06772820,0
1736088900000,97824.04000000,97953.63000000,97824.03000000,97953.62000000,14.63760000,1736088959999,1432850.29252680,3722,13.86520000,1357249.31827770,0
1736088960000,97953.62000000,97967.08000000,97916.78000000,97917.06000000,12.70396000,1736089019999,1244075.82574440,3141,9.97818000,977109.97557280,0
1736089020000,97917.05000000,97917.06000000,97862.40000000,97862.40000000,5.56611000,1736089079999,544899.87053690,1545,0.39537000,38707.63803850,0
1736089080000,97862.41000000,97867.02000000,97855.05000000,97855.06000000,6.04002000,1736089139999,591076.99330400,703,3.71235000,363301.57864890,0
1736089140000,97855.05000000,97855.06000000,97855.05000000,97855.06000000,2.77374000,1736089199999,271424.47523260,168,0.88456000,86558.67187360,0
1736089200000,97855.06000000,97884.37000000,97845.86000000,97867.21000000,12.21635000,1736089259999,1195497.91508730,1681,8.31811000,813997.82061140,0
1736089260000,97867.22000000,97886.52000000,97849.25000000,97849.26000000,4.00990000,1736089319999,392448.15702520,1779,1.59213000,155823.37241420,0
1736089320000,97849.26000000,97917.06000000,97837.41000000,97917.05000000,14.19290000,1736089379999,1389324.37085500,3133,10.95790000,1072692.03155380,0
1736089380000,97917.06000000,97917.06000000,97853.87000000,97877.83000000,18.14292000,1736089439999,1775800.30271190,1729,4.79139000,468991.42916270,0
1736089440000,97877.83000000,97916.00000000,97877.83000000,97912.10000000,10.00403000,1736089499999,979379.14157530,1225,7.28057000,712736.56719390,0
1736089500000,97912.10000000,97963.37000000,97912.09000000,97963.37000000,5.11308000,1736089559999,500663.79359510,1748,4.83174000,473113.96542320,0
1736089560000,97963.38000000,98024.48000000,97963.38000000,98007.57000000,9.53698000,1736089619999,934642.24856680,2936,6.50758000,637741.56509470,0
1736089620000,98007.58000000,98012.01000000,97951.05000000,97951.06000000,15.40870000,1736089679999,1509691.21044240,2273,4.68900000,459379.38266790,0
1736089680000,97951.06000000,98010.00000000,97951.05000000,97985.45000000,6.55042000,1736089739999,641894.04457870,2197,3.34616000,327882.15229700,0
1736089740000,97985.45000000,97985.45000000,97894.46000000,97896.02000000,7.35284000,1736089799999,720074.80559940,2640,1.19245000,116746.78924660,0
1736089800000,97896.01000000,97907.63000000,97848.00000000,97871.36000000,7.80861000,1736089859999,764273.12849090,2658,3.44312000,337042.11952920,0
1736089860000,97871.36000000,97900.83000000,97863.60000000,97900.82000000,2.88783000,1736089919999,282648.05257620,1460,2.15926000,211337.13350400,0
1736089920000,97900.83000000,97900.83000000,97853.27000000,97853.27000000,3.68397000,1736089979999,360565.11653210,1463,0.47194000,46192.96545650,0
1736089980000,97853.28000000,97853.28000000,97821.80000000,97842.92000000,14.61934000,1736090039999,1430322.50046270,1821,1.83686000,179701.05720980,0
1736090040000,97842.92000000,97842.92000000,97820.63000000,97820.63000000,1.79152000,1736090099999,175273.83440170,1031,0.33808000,33078.01990840,0
1736090100000,97820.64000000,97820.64000000,97702.30000000,97739.99000000,23.82950000,1736090159999,2329394.72452920,3953,2.84633000,278187.78832390,0
1736090160000,97740.00000000,97801.22000000,97740.00000000,97789.33000000,7.05513000,1736090219999,689810.56536440,4771,5.28513000,516744.12410040,0
1736090220000,97789.33000000,97789.33000000,97736.66000000,97737.54000000,3.97096000,1736090279999,388210.13459110,1848,0.44729000,43732.92585880,0
1736090280000,97737.54000000,97778.21000000,97737.53000000,97771.09000000,2.69704000,1736090339999,263655.91988310,1532,2.10346000,205618.47855030,0
1736090340000,97771.10000000,97782.99000000,97771.09000000,97771.28000000,1.66654000,1736090399999,162944.84073330,798,1.14405000,111858.90511950,0
1736090400000,97771.27000000,97800.00000000,97769.84000000,97800.00000000,3.14530000,1736090459999,307542.62215130,1632,2.63329000,257479.27068120,0
1736090460000,97800.00000000,97800.00000000,97778.96000000,97778.97000000,2.15434000,1736090519999,210682.39699950,876,0.24292000,23754.16696150,0
1736090520000,97778.96000000,97778.97000000,97754.41000000,97762.91000000,8.93355000,1736090579999,873440.15538890,1421,6.84007000,668764.35660510,0
1736090580000,97762.91000000,97842.30000000,97762.91000000,97839.75000000,7.03408000,1736090639999,687981.35640090,2761,6.04145000,590872.49897550,0
1736090640000,97839.76000000,97839.76000000,97812.12000000,97812.13000000,3.12329000,1736090699999,305523.17044400,978,1.07507000,105156.60173020,0
1736090700000,97812.13000000,97812.52000000,97812.12000000,97812.52000000,0.45298000,1736090759999,44307.00534510,249,0.38692000,37845.52165560,0
1736090760000,97812.52000000,97858.83000000,97812.51000000,97850.00000000,2.55509000,1736090819999,249973.78582080,1714,2.22407000,217585.52711200,0
1736090820000,97850.01000000,97850.01000000,97843.46000000,97843.47000000,1.67194000,1736090879999,163595.23808520,268,0.31698000,31016.42808840,0
1736090880000,97843.47000000,97869.88000000,97843.46000000,97869.88000000,2.19192000,1736090939999,214497.13846290,1043,1.94711000,190541.75958280,0
1736090940000,97869.88000000,97909.10000000,97869.88000000,97908.10000000,3.53914000,1736090999999,346446.67598030,2153,2.04482000,200158.41092880,0
1736091000000,97908.10000000,97983.10000000,97908.10000000,97983.09000000,4.92190000,1736091059999,482113.07103710,3943,4.02039000,393802.00058010,0
1736091060000,97983.10000000,98180.00000000,97983.10000000,98104.98000000,72.54479000,1736091119999,7117776.14123040,11528,53.27609000,5226998.76469390,0
1736091120000,98104.98000000,98142.85000000,98092.47000000,98116.65000000,11.52422000,1736091179999,1130750.64637180,5263,7.11718000,698317.41027100,0
1736091180000,98116.66000000,98142.73000000,98072.00000000,98086.28000000,8.10449000,1736091239999,795108.01180540,3057,2.79809000,274483.27021290,0
1736091240000,98086.29000000,98100.00000000,98072.01000000,98079.06000000,5.16267000,1736091299999,506379.58618380,1564,2.31929000,227479.58970710,0
1736091300000,98079.07000000,98115.57000000,98073.45000000,98108.12000000,9.62447000,1736091359999,944156.42351110,2729,3.61999000,355096.59574240,0
1736091360000,98108.13000000,98209.87000000,98108.12000000,98166.00000000,28.38261000,1736091419999,2786235.97591620,4938,22.91921000,2249847.73528670,0
1736091420000,98166.00000000,98281.89000000,98166.00000000,98212.13000000,37.75147000,1736091479999,3708121.94857460,7801,18.56140000,1823082.35262980,0
1736091480000,98212.12000000,98212.13000000,98156.16000000,98191.00000000,11.54952000,1736091539999,1133966.97945230,3600,5.85326000,574672.09944080,0
1736091540000,98191.00000000,98191.01000000,98150.24000000,98150.25000000,11.36819000,1736091599999,1115921.77219320,2850,4.60554000,452084.11498100,0
1736091600000,98150.25000000,98150.25000000,98121.08000000,98134.86000000,4.46312000,1736091659999,437987.37105950,2274,1.14813000,112668.82067110,0
1736091660000,98134.87000000,98150.24000000,98101.62000000,98101.62000000,8.57482000,1736091719999,841413.81477340,1778,5.16181000,506516.05949580,0
1736091720000,98101.63000000,98101.63000000,98085.06000000,98093.08000000,3.85295000,1736091779999,377949.74153480,1244,2.87774000,282283.91466290,0
1736091780000,98093.09000000,98105.04000000,98093.08000000,98105.04000000,5.79424000,1736091839999,568389.17295580,679,5.32170000,522035.96717390,0
1736091840000,98106.65000000,98106.65000000,98090.37000000,98090.37000000,1.79537000,1736091899999,176122.45687690,618,0.49609000,48661.91217380,0
1736091900000,98090.37000000,98112.51000000,98060.95000000,98060.95000000,4.49420000,1736091959999,440857.35057320,2705,2.45241000,240568.91208130,0
1736091960000,98060.96000000,98070.02000000,98040.69000000,98067.23000000,2.68762000,1736092019999,263538.93809710,1780,1.42720000,139942.43323360,0
1736092020000,98067.23000000,98167.51000000,98067.23000000,98158.93000000,11.17436000,1736092079999,1096413.87577080,2452,8.81615000,864940.23929140,0
1736092080000,98158.94000000,98158.94000000,98130.05000000,98130.05000000,2.77336000,1736092139999,272189.07833010,644,0.92478000,90759.56428250,0
1736092140000,98130.06000000,98139.94000000,98100.00000000,98100.01000000,4.95492000,1736092199999,486209.17888890,1335,2.24921000,220715.63062380,0
1736092200000,98100.01000000,98100.01000000,98054.81000000,98065.75000000,4.00229000,1736092259999,392526.96046270,1814,1.79679000,176211.52203060,0
1736092260000,98065.74000000,98065.75000000,98036.39000000,98059.10000000,4.24118000,1736092319999,415857.44892710,1272,2.27110000,222676.53188340,0
1736092320000,98059.09000000,98059.10000000,98048.43000000,98048.44000000,1.35189000,1736092379999,132560.42386500,294,0.49377000,48415.30981080,0
1736092380000,98048.43000000,98080.18000000,98048.43000000,98076.00000000,3.05634000,1736092439999,299706.67848350,1236,2.55991000,251023.37183190,0
1736092440000,98076.00000000,98076.00000000,98018.96000000,98018.96000000,3.34917000,1736092499999,328370.25706560,1569,0.41054000,40253.26055060,0
1736092500000,98018.96000000,98018.97000000,98018.96000000,98018.96000000,1.55556000,1736092559999,152474.38097610,175,0.75585000,74087.63847450,0
1736092560000,98018.96000000,98041.77000000,98018.96000000,98038.21000000,3.58693000,1736092619999,351604.71378450,882,3.22106000,315738.04797050,0
1736092620000,98038.21000000,98038.21000000,98038.20000000,98038.20000000,0.56033000,1736092679999,54933.74882030,133,0.42143000,41316.24284030,0
1736092680000,98038.20000000,98038.21000000,98009.28000000,98009.28000000,2.06504000,1736092739999,202432.26301990,624,0.16483000,16158.87911790,0
1736092740000,98009.28000000,98028.99000000,98000.00000000,98028.98000000,9.62253000,1736092799999,943152.10735610,1659,6.00550000,588621.61413110,0
1736092800000,98028.98000000,98033.14000000,98000.00000000,98000.01000000,7.92063000,1736092859999,776416.74933380,1989,3.07662000,301588.35253970,0
1736092860000,98000.01000000,98038.21000000,97988.88000000,98038.21000000,4.37946000,1736092919999,429216.32719730,1684,3.32926000,326296.78584750,0
1736092920000,98038.21000000,98040.41000000,98027.05000000,98040.40000000,2.51716000,1736092979999,246770.45382260,980,0.70706000,69316.91005950,0
1736092980000,98040.41000000,98136.31000000,98040.41000000,98136.31000000,10.23434000,1736093039999,1003969.59149750,3649,7.38983000,724870.45752410,0
1736093040000,98136.30000000,98167.88000000,98136.30000000,98138.14000000,11.54584000,1736093099999,1133258.88857750,2178,6.12393000,601102.86455940,0
1736093100000,98138.14000000,98186.41000000,98138.14000000,98185.20000000,5.87037000,1736093159999,576261.53814880,2283,4.81616000,472782.14010460,0
1736093160000,98185.20000000,98187.08000000,98173.07000000,98187.07000000,5.01372000,1736093219999,492265.44597130,899,1.90297000,186840.01215130,0
1736093220000,98187.07000000,98286.52000000,98182.91000000,98256.71000000,18.21384000,1736093279999,1789036.21139700,4418,8.85679000,870008.30599740,0
1736093280000,98256.71000000,98256.72000000,98213.67000000,98229.96000000,7.54762000,1736093339999,741400.79576360,2396,3.34198000,328260.58917220,0
1736093340000,98229.95000000,98240.60000000,98200.01000000,98222.28000000,12.75178000,1736093399999,1252497.23054390,2854,5.18009000,508797.41949850,0
1736093400000,98222.28000000,98332.54000000,98222.28000000,98284.33000000,32.27134000,1736093459999,3171300.00906900,4878,26.05820000,2560612.69453700,0
1736093460000,98284.33000000,98284.34000000,98272.72000000,98272.73000000,4.38619000,1736093519999,431069.84834920,939,0.56133000,55166.35203090,0
1736093520000,98272.72000000,98272.73000000,98270.00000000,98270.00000000,22.57715000,1736093579999,2218657.86283550,618,1.91531000,188217.76293790,0
1736093580000,98270.00000000,98270.01000000,98177.92000000,98177.93000000,75.56274000,1736093639999,7424992.62130070,3626,1.36520000,134133.31536900,0
1736093640000,98177.93000000,98195.62000000,98144.01000000,98195.62000000,21.28803000,1736093699999,2089822.00735390,3101,5.68383000,557960.32135660,0
1736093700000,98195.61000000,98235.79000000,98153.43000000,98175.02000000,8.20791000,1736093759999,805944.87125420,4935,3.59092000,352618.43554610,0
1736093760000,98175.02000000,98175.02000000,98141.01000000,98141.02000000,8.22516000,1736093819999,807339.30525020,2417,3.59181000,352550.17290640,0
1736093820000,98141.01000000,98141.02000000,98100.37000000,98125.52000000,4.96193000,1736093879999,486862.04873960,3030,1.58379000,155389.95733710,0
1736093880000,98125.52000000,98133.05000000,98106.92000000,98106.92000000,3.20263000,1736093939999,314241.52866110,2399,1.21937000,119645.45231400,0
1736093940000,98106.92000000,98106.92000000,98074.86000000,98074.87000000,2.19631000,1736093999999,215442.34230580,1977,0.47462000,46555.37458190,0
1736094000000,98074.86000000,98087.88000000,98045.23000000,98075.08000000,5.26260000,1736094059999,516098.60177490,2391,2.13780000,209655.89208650,0
1736094060000,98075.08000000,98075.08000000,98061.26000000,98061.27000000,4.81828000,1736094119999,472535.31515880,467,0.11661000,11435.19388080,0
1736094120000,98061.27000000,98071.60000000,98048.00000000,98071.59000000,5.22369000,1736094179999,512262.94660970,1416,1.73086000,169727.55789680,0
1736094180000,98071.60000000,98136.42000000,98071.59000000,98121.06000000,8.78514000,1736094239999,861963.02284700,2530,7.39019000,725110.70560190,0
1736094240000,98121.05000000,98121.06000000,98099.43000000,98104.00000000,1.68401000,1736094299999,165211.37179010,870,0.72479000,71103.59342590,0
1736094300000,98104.00000000,98127.10000000,98104.00000000,98123.48000000,2.63732000,1736094359999,258755.69474520,1224,2.09268000,205315.10436400,0
1736094360000,98123.49000000,98123.49000000,98099.43000000,98105.90000000,3.65336000,1736094419999,358429.57015800,1011,0.82476000,80910.56989820,0
1736094420000,98105.89000000,98114.02000000,98105.89000000,98113.60000000,3.83584000,1736094479999,376329.07181870,346,3.23465000,317344.16996160,0
1736094480000,98113.60000000,98113.60000000,98073.24000000,98082.91000000,7.22454000,1736094539999,708763.41390250,1559,1.53841000,150928.68552200,0
1736094540000,98082.91000000,98082.92000000,98079.20000000,98082.34000000,3.28910000,1736094599999,322601.94676800,360,0.34644000,33979.14808120,0
1736094600000,98082.34000000,98087.18000000,98014.04000000,98014.04000000,8.48715000,1736094659999,832094.49267370,2183,0.91028000,89244.79356160,0
1736094660000,98014.05000000,98039.13000000,98000.00000000,98000.01000000,4.67686000,1736094719999,458420.11867120,2250,2.42518000,237714.58967250,0
1736094720000,98000.01000000,98000.01000000,97940.00000000,97944.08000000,10.79861000,1736094779999,1058035.45321230,3093,2.80968000,275227.88318370,0
1736094780000,97944.09000000,97965.11000000,97944.08000000,97963.58000000,3.04266000,1736094839999,298051.76722480,1752,2.25993000,221375.25355640,0
1736094840000,97963.59000000,97980.34000000,97962.63000000,97980.32000000,3.18506000,1736094899999,312053.82115390,1917,1.38738000,135927.67043030,0
1736094900000,97980.32000000,97980.33000000,97937.82000000,97972.39000000,8.35105000,1736094959999,818040.22069990,2055,4.84176000,474244.47085860,0
1736094960000,97972.40000000,97992.89000000,97960.70000000,97972.96000000,4.42415000,1736095019999,433451.09747820,1904,2.19856000,215400.57986600,0
1736095020000,97972.96000000,98024.52000000,97972.96000000,98020.14000000,7.58817000,1736095079999,743663.63659480,1575,6.78354000,664796.39089100,0
1736095080000,98020.14000000,98072.53000000,98020.14000000,98053.21000000,4.88984000,1736095139999,479473.00090140,2448,2.92253000,286552.71740640,0
1736095140000,98053.22000000,98053.22000000,98017.55000000,98017.56000000,3.88257000,1736095199999,380652.75056690,1072,0.15210000,14911.67988240,0
1736095200000,98017.55000000,98059.53000000,98017.55000000,98059.52000000,4.88224000,1736095259999,478667.90789250,1768,4.51023000,442190.91538240,0
1736095260000,98059.52000000,98059.53000000,98047.44000000,98051.80000000,3.96404000,1736095319999,388687.69698220,720,0.22271000,21837.02653110,0
1736095320000,98051.80000000,98051.80000000,98024.79000000,98024.79000000,4.17222000,1736095379999,409010.73884640,934,0.46010000,45105.39721560,0
1736095380000,98024.80000000,98024.80000000,98018.29000000,98018.30000000,3.03802000,1736095439999,297799.31982510,474,0.21089000,20671.75865700,0
1736095440000,98018.30000000,98018.30000000,97996.12000000,97996.12000000,2.06352000,1736095499999,202239.37780060,939,0.65438000,64136.83445030,0
1736095500000,97996.12000000,98013.17000000,97973.86000000,98013.17000000,4.11869000,1736095559999,403599.65638910,2731,3.30639000,324003.15176740,0
1736095560000,98013.18000000,98040.64000000,98013.17000000,98030.30000000,3.82679000,1736095619999,375140.99134800,2166,2.46600000,241736.32633600,0
1736095620000,98030.31000000,98074.60000000,98027.20000000,98074.31000000,8.87063000,1736095679999,869862.72036650,1341,8.10101000,794391.36862650,0
1736095680000,98074.31000000,98075.00000000,98057.13000000,98057.14000000,4.25076000,1736095739999,416844.80630270,907,1.42250000,139500.43791950,0
1736095740000,98057.13000000,98113.29000000,98057.13000000,98113.28000000,10.05564000,1736095799999,986244.45336300,1362,9.18919000,901269.17063420,0
1736095800000,98113.29000000,98113.29000000,98077.03000000,98086.38000000,3.92382000,1736095859999,384917.77037450,1259,0.86218000,84574.23447670,0
1736095860000,98086.39000000,98086.39000000,98072.87000000,98072.88000000,2.69267000,1736095919999,264097.09948470,485,0.17951000,17606.74790940,0
1736095920000,98072.87000000,98072.88000000,98030.15000000,98055.82000000,5.12781000,1736095979999,502812.30811290,2088,1.09949000,107795.29323480,0
1736095980000,98056.00000000,98064.00000000,98049.72000000,98061.21000000,3.53989000,1736096039999,347100.91547420,1088,2.92737000,287039.24603410,0
1736096040000,98061.20000000,98078.03000000,98061.20000000,98064.25000000,5.80624000,1736096099999,569425.90601730,1009,3.03915000,298040.82925950,0
1736096100000,98064.26000000,98064.26000000,98049.72000000,98049.72000000,1.01953000,1736096159999,99971.14649030,555,0.11601000,11375.05634590,0
1736096160000,98049.72000000,98049.73000000,98019.28000000,98019.28000000,3.31815000,1736096219999,325319.46732540,1110,0.93395000,91572.64657230,0
1736096220000,98019.29000000,98025.93000000,98019.28000000,98025.93000000,1.05218000,1736096279999,103137.51011230,361,0.54522000,53442.78286190,0
1736096280000,98025.92000000,98025.93000000,98020.90000000,98025.71000000,0.95898000,1736096339999,94003.37381520,482,0.20538000,20131.91854340,0
1736096340000,98025.71000000,98035.17000000,98025.71000000,98035.17000000,3.26784000,1736096399999,320336.66535890,510,2.87351000,281679.08233710,0
1736096400000,98035.17000000,98035.17000000,98035.16000000,98035.17000000,0.48573000,1736096459999,47618.62023320,195,0.19664000,19277.63582880,0
1736096460000,98035.16000000,98035.17000000,98002.01000000,98002.01000000,2.63351000,1736096519999,258140.74159320,1114,0.32618000,31974.88107280,0
1736096520000,98002.01000000,98017.54000000,97989.50000000,98017.54000000,7.29106000,1736096579999,714540.19093270,1301,3.60626000,353426.00562620,0
1736096580000,98017.54000000,98046.73000000,98017.53000000,98046.72000000,3.66606000,1736096639999,359386.15226890,1903,3.13444000,307271.18053110,0
1736096640000,98046.73000000,98046.73000000,98018.47000000,98022.26000000,3.78683000,1736096699999,371208.85739470,1099,2.12164000,207963.20632420,0
1736096700000,98022.27000000,98060.61000000,98022.27000000,98060.61000000,4.75816000,1736096759999,466514.14643050,1226,2.57421000,252395.07665480,0
1736096760000,98060.60000000,98063.74000000,98060.60000000,98063.73000000,2.91015000,1736096819999,285371.48163240,250,1.71996000,168660.63758600,0
1736096820000,98063.73000000,98078.94000000,98060.60000000,98060.60000000,3.15988000,1736096879999,309878.94240440,1246,1.92516000,188788.25296070,0
1736096880000,98060.61000000,98060.61000000,98060.60000000,98060.61000000,0.84305000,1736096939999,82669.99423990,146,0.54099000,53049.80940390,0
1736096940000,98060.61000000,98060.61000000,98060.60000000,98060.61000000,0.85340000,1736096999999,83684.91823530,118,0.21953000,21527.24571330,0
1736097000000,98060.61000000,98071.96000000,98060.60000000,98071.96000000,3.69617000,1736097059999,362481.07572630,630,3.41109000,334523.22194010,0
1736097060000,98071.95000000,98075.80000000,98018.60000000,98035.40000000,9.64910000,1736097119999,946214.96630730,1675,1.24830000,122391.41043460,0
1736097120000,98035.40000000,98062.84000000,98035.39000000,98062.83000000,1.92982000,1736097179999,189216.85470630,1198,1.62878000,159697.57421690,0
1736097180000,98062.84000000,98062.84000000,98025.15000000,98039.11000000,9.62239000,1736097239999,943410.65431390,628,1.47289000,144393.85253830,0
1736097240000,98039.11000000,98039.11000000,98012.59000000,98014.32000000,8.00550000,1736097299999,784784.55748810,493,0.23734000,23267.54185120,0
1736097300000,98014.31000000,98014.32000000,97986.72000000,97986.73000000,1.27541000,1736097359999,124986.37312110,746,0.57214000,56065.74552640,0
1736097360000,97986.72000000,97992.19000000,97912.87000000,97925.66000000,15.59716000,1736097419999,1527943.96616670,2185,3.57745000,350424.63482600,0
1736097420000,97925.66000000,97965.19000000,97925.65000000,97965.19000000,4.29708000,1736097479999,420855.75346360,1062,3.89246000,381231.96359120,0
1736097480000,97965.19000000,97980.87000000,97950.80000000,97950.80000000,10.81868000,1736097539999,1059945.04286200,1544,2.82773000,277043.91251020,0
1736097540000,97950.80000000,97950.81000000,97923.03000000,97945.89000000,5.25143000,1736097599999,514308.93581120,1017,2.16239000,211762.78145150,0
1736097600000,97945.89000000,97945.90000000,97939.39000000,97939.40000000,2.17893000,1736097659999,213412.58881990,318,0.44255000,43344.68183500,0
1736097660000,97939.39000000,97945.89000000,97939.39000000,97939.39000000,2.32052000,1736097719999,227280.02612870,633,1.70291000,166789.61379160,0
1736097720000,97939.40000000,97944.88000000,97939.39000000,97942.27000000,0.78775000,1736097779999,77154.20431360,458,0.47885000,46899.52269820,0
1736097780000,97942.27000000,97942.28000000,97925.85000000,97925.86000000,7.65115000,1736097839999,749270.24302720,694,0.23449000,22962.93047100,0
1736097840000,97925.86000000,97925.86000000,97925.85000000,97925.85000000,0.47163000,1736097899999,46184.77169540,187,0.30599000,29964.33390140,0
1736097900000,97925.86000000,97972.22000000,97925.85000000,97972.22000000,5.42063000,1736097959999,530971.77058870,2071,4.90726000,480685.65595520,0
1736097960000,97972.21000000,97978.71000000,97907.39000000,97907.39000000,20.52528000,1736098019999,2010501.00295610,1432,0.77740000,76143.60074620,0
1736098020000,97907.39000000,97913.28000000,97880.39000000,97913.27000000,8.44642000,1736098079999,826858.39001970,2417,3.07423000,300939.67122510,0
1736098080000,97913.27000000,97925.36000000,97913.27000000,97925.35000000,7.16476000,1736098139999,701598.11917900,666,1.64957000,161522.73224480,0
1736098140000,97925.36000000,97968.00000000,97925.35000000,97967.99000000,6.02383000,1736098199999,589982.52794460,1446,3.30482000,323699.05694560,0
1736098200000,97968.00000000,97968.00000000,97917.49000000,97917.49000000,5.41393000,1736098259999,530276.82821180,1567,0.64612000,63276.29004090,0
1736098260000,97917.49000000,97927.29000000,97917.49000000,97927.29000000,1.02898000,1736098319999,100757.19352860,429,0.65666000,64299.18140280,0
1736098320000,97927.29000000,97938.02000000,97927.29000000,97938.01000000,1.48445000,1736098379999,145380.27632150,477,0.77298000,75701.04442060,0
1736098380000,97938.02000000,98006.11000000,97938.01000000,98006.11000000,6.87178000,1736098439999,673241.99301200,3130,6.47236000,634112.52288030,0
1736098440000,98006.12000000,98023.84000000,97984.62000000,98007.83000000,14.01570000,1736098499999,1373685.03399490,1921,3.42244000,335424.17383790,0
1736098500000,98007.83000000,98022.61000000,97965.91000000,97965.92000000,9.24833000,1736098559999,906360.09657900,1276,1.51283000,148276.56762240,0
1736098560000,97965.92000000,97965.92000000,97950.71000000,97950.71000000,5.42272000,1736098619999,531180.51836520,711,2.91714000,285737.55998290,0
1736098620000,97950.72000000,97950.72000000,97901.19000000,97901.19000000,4.54323000,1736098679999,444863.07867570,1315,0.13274000,12998.03677390,0
1736098680000,97901.19000000,97901.20000000,97808.49000000,97808.50000000,19.16406000,1736098739999,1875552.55640130,3194,0.68335000,66852.74028030,0
1736098740000,97808.50000000,97857.12000000,97808.50000000,97847.64000000,7.82325000,1736098799999,765413.62100480,2869,3.73368000,365265.00803470,0
1736098800000,97847.63000000,97858.50000000,97827.49000000,97858.50000000,4.91730000,1736098859999,481119.42486820,1426,2.63358000,257676.61083190,0
1736098860000,97858.49000000,97899.33000000,97858.49000000,97889.56000000,3.41066000,1736098919999,333852.43082560,1937,2.29702000,224836.30737580,0
1736098920000,97889.57000000,97889.57000000,97850.35000000,97850.35000000,2.57761000,1736098979999,252268.75333640,1285,0.10953000,10720.37291380,0
1736098980000,97850.36000000,97857.82000000,97848.18000000,97857.81000000,7.20684000,1736099039999,705181.45795890,679,2.28944000,224019.41189120,0
1736099040000,97857.82000000,97857.82000000,97823.20000000,97849.49000000,7.02107000,1736099099999,686939.97063750,1235,1.94267000,190049.82728180,0
1736099100000,97849.49000000,97849.49000000,97800.01000000,97800.02000000,8.27452000,1736099159999,809455.90230310,1482,0.15063000,14734.51105450,0
1736099160000,97800.01000000,97800.02000000,97700.00000000,97712.99000000,24.61070000,1736099219999,2405935.67164270,3982,2.80149000,273779.07858490,0
1736099220000,97712.99000000,97729.88000000,97676.95000000,97682.40000000,8.25078000,1736099279999,806123.39589210,2963,2.57680000,251752.00258120,0
1736099280000,97682.39000000,97712.58000000,97676.95000000,97707.64000000,2.68912000,1736099339999,262711.94895340,1814,1.26242000,123331.36611360,0
1736099340000,97707.64000000,97707.65000000,97673.57000000,97673.57000000,1.98947000,1736099399999,194341.33290880,690,0.33750000,32965.83099940,0
1736099400000,97673.57000000,97730.98000000,97673.57000000,97704.67000000,10.60430000,1736099459999,1036125.38606160,2914,5.22934000,510849.57990710,0
1736099460000,97704.67000000,97704.68000000,97682.60000000,97686.44000000,3.61800000,1736099519999,353443.42540390,1129,1.41274000,138002.72680910,0
1736099520000,97686.44000000,97739.01000000,97686.44000000,97721.06000000,6.09523000,1736099579999,595635.34509870,2736,3.82903000,374155.55868540,0
1736099580000,97721.06000000,97721.11000000,97716.51000000,97716.52000000,1.94834000,1736099639999,190390.21734330,665,0.60052000,58682.60692750,0
1736099640000,97716.51000000,97722.19000000,97712.42000000,97722.18000000,2.64898000,1736099699999,258841.13942600,665,1.36654000,133530.50677070,0
1736099700000,97722.19000000,97722.19000000,97688.50000000,97688.51000000,3.40145000,1736099759999,332331.67289920,1147,0.30256000,29557.96490260,0
1736099760000,97688.50000000,97716.04000000,97688.50000000,97716.04000000,13.33529000,1736099819999,1302907.20233680,1332,12.40694000,1212200.17028150,0
1736099820000,97716.03000000,97716.03000000,97704.73000000,97704.73000000,2.68508000,1736099879999,262359.54139860,622,0.63392000,61936.98878080,0
1736099880000,97704.73000000,97715.41000000,97704.73000000,97715.41000000,1.41372000,1736099939999,138139.81092910,732,0.46586000,45519.99549600,0
1736099940000,97715.41000000,97731.09000000,97715.40000000,97731.08000000,5.41961000,1736099999999,529599.87625680,605,3.93505000,384526.98177730,0
1736100000000,97731.09000000,97760.64000000,97704.90000000,97760.64000000,7.13958000,1736100059999,697813.48221680,3275,5.05386000,493985.97995780,0
1736100060000,97760.64000000,97760.64000000,97726.06000000,97726.06000000,4.91306000,1736100119999,480249.82479510,1627,1.70877000,167040.20990420,0
1736100120000,97726.07000000,97726.07000000,97684.93000000,97693.44000000,6.24310000,1736100179999,609962.78966310,1235,2.01054000,196409.29712390,0
1736100180000,97693.44000000,97693.44000000,97650.00000000,97650.01000000,2.90172000,1736100239999,283404.72772700,1559,0.34245000,33444.82380090,0
1736100240000,97650.01000000,97650.01000000,97577.46000000,97629.96000000,22.62055000,1736100299999,2208325.88745530,4822,10.34372000,1009730.68090140,0
1736100300000,97629.96000000,97640.76000000,97590.59000000,97622.00000000,21.39663000,1736100359999,2088724.85765050,4725,10.42965000,1018136.62077710,0
1736100360000,97621.99000000,97661.45000000,97604.00000000,97638.38000000,8.36168000,1736100419999,816318.11903970,2363,6.77970000,661870.43739570,0
1736100420000,97638.37000000,97664.00000000,97638.37000000,97664.00000000,2.38379000,1736100479999,232774.53293410,1110,2.20454000,215270.61181340,0
1736100480000,97663.99000000,97734.83000000,97663.99000000,97734.83000000,5.01660000,1736100539999,490136.80137750,2598,4.59049000,448506.21816000,0
1736100540000,97734.84000000,97777.46000000,97734.83000000,97768.19000000,5.09891000,1736100599999,498507.89136450,1865,3.43932000,336244.78272620,0
1736100600000,97768.19000000,97768.19000000,97699.94000000,97699.94000000,5.58782000,1736100659999,546182.85238960,2403,0.41398000,40465.63087180,0
1736100660000,97699.95000000,97722.94000000,97684.79000000,97700.01000000,19.72672000,1736100719999,1927337.29445400,2175,6.23274000,608934.95040000,0
1736100720000,97700.01000000,97700.02000000,97660.34000000,97672.63000000,2.58733000,1736100779999,252720.04893450,1433,0.82496000,80569.50275210,0
1736100780000,97672.62000000,97672.63000000,97645.80000000,97657.87000000,5.29761000,1736100839999,517366.09318310,1573,2.23349000,218121.98246760,0
1736100840000,97657.88000000,97700.81000000,97636.76000000,97700.81000000,15.31282000,1736100899999,1495413.76367050,1938,9.95881000,972573.64986690,0
1736100900000,97700.81000000,97700.81000000,97632.00000000,97632.00000000,4.87730000,1736100959999,476335.31916100,2555,0.43279000,42262.07098660,0
1736100960000,97632.00000000,97632.01000000,97607.27000000,97609.28000000,12.43768000,1736101019999,1214230.28863500,1047,0.48715000,47555.17263780,0
1736101020000,97609.27000000,97649.16000000,97609.27000000,97649.16000000,3.52546000,1736101079999,344172.78991140,1494,3.22709000,315043.00798980,0
1736101080000,97649.16000000,97654.44000000,97642.89000000,97642.90000000,1.24629000,1736101139999,121697.46116880,576,0.39958000,39016.72046890,0
1736101140000,97642.89000000,97666.67000000,97642.89000000,97666.66000000,1.30098000,1736101199999,127053.38137830,1261,0.89264000,87172.77286310,0
1736101200000,97666.66000000,97724.15000000,97666.66000000,97724.15000000,7.34013000,1736101259999,717124.36431180,2092,4.75578000,464644.19178330,0
1736101260000,97724.15000000,97752.18000000,97724.15000000,97728.27000000,12.31600000,1736101319999,1203727.71231060,2085,3.92750000,383868.15293240,0
1736101320000,97728.27000000,97747.91000000,97721.54000000,97747.91000000,7.23670000,1736101379999,707208.73836900,981,5.91064000,577615.50679970,0
1736101380000,97747.91000000,97747.91000000,97697.18000000,97697.18000000,9.21060000,1736101439999,900141.13105890,1388,0.32481000,31747.29497980,0
1736101440000,97697.18000000,97721.20000000,97696.25000000,97721.19000000,4.32971000,1736101499999,423036.98737440,1385,3.39007000,331230.24085290,0
1736101500000,97721.19000000,97738.82000000,97721.01000000,97730.87000000,3.35290000,1736101559999,327671.68235420,1416,2.05858000,201169.97141370,0
1736101560000,97730.88000000,97741.66000000,97724.16000000,97741.66000000,3.93987000,1736101619999,385033.92811150,895,2.90851000,284238.94684070,0
1736101620000,97741.66000000,97741.66000000,97724.25000000,97724.26000000,1.95464000,1736101679999,191038.35767890,600,0.08999000,8794.84723030,0
1736101680000,97724.26000000,97724.26000000,97724.16000000,97724.16000000,1.35282000,1736101739999,132203.29957140,200,0.27393000,26769.60100680,0
1736101740000,97724.16000000,97724.17000000,97697.14000000,97706.91000000,8.38067000,1736101799999,818857.01099450,1538,0.39000000,38103.55091050,0
1736101800000,97706.91000000,97717.82000000,97695.58000000,97717.82000000,7.65399000,1736101859999,747777.79936860,2076,7.00433000,684302.33813350,0
1736101860000,97717.82000000,97724.19000000,97717.82000000,97724.18000000,1.52025000,1736101919999,148561.74969160,469,1.05664000,103256.15796980,0
1736101920000,97724.18000000,97757.58000000,97724.18000000,97757.58000000,3.74570000,1736101979999,366080.33548270,1531,3.51959000,343980.92012240,0
1736101980000,97757.58000000,97837.08000000,97757.57000000,97814.39000000,14.78197000,1736102039999,1445520.47719680,2895,9.55114000,933932.38078560,0
1736102040000,97814.40000000,97814.40000000,97804.07000000,97804.08000000,2.67910000,1736102099999,262038.83705180,626,0.87148000,85235.58436900,0
1736102100000,97804.07000000,97811.97000000,97804.07000000,97808.82000000,1.22510000,1736102159999,119827.03392390,517,0.35283000,34508.98565250,0
1736102160000,97808.83000000,97808.83000000,97789.60000000,97789.61000000,2.20388000,1736102219999,215550.23271820,772,0.29888000,29232.27591080,0
1736102220000,97789.60000000,97805.27000000,97776.82000000,97805.26000000,3.22601000,1736102279999,315439.69299540,930,2.67128000,261194.48880020,0
1736102280000,97805.27000000,97847.36000000,97805.26000000,97847.36000000,2.19595000,1736102339999,214811.01570590,1615,1.78169000,174288.84994550,0
1736102340000,97847.36000000,97860.00000000,97836.27000000,97859.55000000,3.79283000,1736102399999,371144.15990030,1597,2.85549000,279422.88346320,0
1736102400000,97859.55000000,97859.55000000,97840.00000000,97840.01000000,2.41498000,1736102459999,236310.88155220,862,0.17185000,16815.51174040,0
1736102460000,97840.00000000,97840.01000000,97840.00000000,97840.01000000,0.57131000,1736102519999,55896.97333960,133,0.29396000,28761.04933960,0
1736102520000,97840.00000000,97844.07000000,97840.00000000,97844.07000000,0.59100000,1736102579999,57824.20049940,274,0.41904000,40999.52744440,0
1736102580000,97844.06000000,97844.07000000,97837.65000000,97837.65000000,1.35229000,1736102639999,132312.14046220,482,0.28392000,27779.84386900,0
1736102640000,97837.65000000,97837.66000000,97837.65000000,97837.66000000,0.59498000,1736102699999,58211.44636060,123,0.13636000,13341.14331760,0
1736102700000,97837.66000000,97878.79000000,97837.65000000,97878.79000000,3.21401000,1736102759999,314484.06750580,1503,3.11275000,304575.31632020,0
1736102760000,97878.78000000,97892.98000000,97878.78000000,97892.97000000,1.68763000,1736102819999,165191.23034050,996,1.31883000,129090.02179940,0
1736102820000,97892.97000000,97892.98000000,97855.14000000,97855.14000000,4.45809000,1736102879999,436349.09439850,1691,0.20984000,20538.17424300,0
1736102880000,97855.14000000,97855.15000000,97843.10000000,97843.11000000,2.03916000,1736102939999,199534.31710200,655,0.20518000,20075.82027390,0
1736102940000,97843.11000000,97851.00000000,97843.10000000,97851.00000000,2.47108000,1736102999999,241780.92727450,607,2.32911000,227889.67377900,0
1736103000000,97850.99000000,97861.95000000,97850.99000000,97861.94000000,1.36656000,1736103059999,133727.77169590,610,0.71717000,70178.07091130,0
1736103060000,97861.95000000,97876.00000000,97861.94000000,97876.00000000,1.96407000,1736103119999,192213.22408800,691,1.44675000,141584.99293720,0
1736103120000,97876.00000000,97876.00000000,97863.78000000,97863.78000000,1.45063000,1736103179999,141975.05586230,631,0.45994000,45014.13277420,0
1736103180000,97863.78000000,97863.79000000,97863.78000000,97863.79000000,0.50006000,1736103239999,48937.76326450,115,0.14377000,14069.87708830,0
1736103240000,97863.79000000,97875.63000000,97863.78000000,97875.63000000,1.46420000,1736103299999,143300.60063270,484,0.97846000,95761.00936670,0
1736103300000,97875.63000000,97926.44000000,97875.62000000,97926.44000000,5.36122000,1736103359999,524846.31336320,2041,4.89161000,478873.78662500,0
1736103360000,97926.47000000,97927.98000000,97913.31000000,97913.31000000,5.16763000,1736103419999,506030.88765570,808,1.72931000,169347.05404870,0
1736103420000,97913.31000000,97924.56000000,97901.62000000,97924.56000000,2.41397000,1736103479999,236352.25677060,1127,1.51715000,148545.92099220,0
1736103480000,97924.56000000,97925.45000000,97924.55000000,97925.44000000,0.63104000,1736103539999,61794.83685210,197,0.44477000,43554.27113300,0
1736103540000,97925.44000000,97925.45000000,97918.90000000,97918.91000000,1.16197000,1736103599999,113783.92844720,409,0.30746000,30106.40842600,0
1736103600000,97918.91000000,97929.16000000,97881.12000000,97881.12000000,5.31193000,1736103659999,520096.53690570,1955,2.15620000,211137.39858840,0
1736103660000,97881.13000000,97890.44000000,97863.78000000,97863.79000000,5.66650000,1736103719999,554651.69042800,1309,0.81996000,80261.97989520,0
1736103720000,97863.79000000,97872.00000000,97854.99000000,97871.99000000,2.14670000,1736103779999,210075.94788640,876,0.72650000,71096.83810270,0
1736103780000,97871.99000000,97872.00000000,97871.99000000,97871.99000000,0.50732000,1736103839999,49652.41899120,139,0.10244000,10026.00768000,0
1736103840000,97872.00000000,97872.00000000,97871.99000000,97871.99000000,0.56171000,1736103899999,54975.67989720,126,0.43943000,43007.89296000,0
1736103900000,97871.99000000,97939.40000000,97871.99000000,97939.39000000,4.27864000,1736103959999,418927.98403820,1635,3.66690000,359032.54459750,0
1736103960000,97939.40000000,98000.00000000,97939.39000000,97999.31000000,9.09156000,1736104019999,890771.11429410,2325,6.81479000,667653.30741780,0
1736104020000,97999.32000000,98000.00000000,97990.43000000,97999.99000000,2.21948000,1736104079999,217503.47478360,511,0.55179000,54073.25006640,0
1736104080000,98000.00000000,98000.00000000,97999.99000000,97999.99000000,4.56559000,1736104139999,447427.81882380,351,4.44797000,435901.06000000,0
1736104140000,98000.00000000,98000.00000000,97999.99000000,98000.00000000,1.10874000,1736104199999,108656.51101590,202,0.21033000,20612.34000000,0
1736104200000,97999.99000000,98009.69000000,97984.69000000,98009.69000000,6.22133000,1736104259999,609666.52943780,1287,2.13922000,209637.38826310,0
1736104260000,98009.68000000,98039.73000000,98009.68000000,98031.97000000,8.55457000,1736104319999,838579.76037050,1539,6.81692000,668230.78756050,0
1736104320000,98031.97000000,98031.97000000,98018.90000000,98028.71000000,2.17273000,1736104379999,212981.93219760,857,0.84573000,82898.70400100,0
1736104380000,98028.72000000,98037.38000000,98028.71000000,98037.37000000,3.69702000,1736104439999,362437.24341870,380,3.26889000,320464.72192540,0
1736104440000,98037.37000000,98037.38000000,98037.37000000,98037.38000000,1.23546000,1736104499999,121121.25618550,170,0.70453000,69070.27533140,0
1736104500000,98037.37000000,98047.69000000,97990.48000000,98038.20000000,16.74152000,1736104559999,1640930.89308220,3161,11.30038000,1107503.30842680,0
1736104560000,98038.20000000,98100.00000000,98027.20000000,98099.99000000,17.42938000,1736104619999,1709259.56373870,1998,15.46905000,1517046.07113500,0
1736104620000,98100.00000000,98109.00000000,98077.66000000,98077.67000000,17.18813000,1736104679999,1686177.47971690,1395,10.58016000,1037914.74165450,0
1736104680000,98077.66000000,98077.67000000,98002.26000000,98033.61000000,7.24285000,1736104739999,710086.71206620,2948,1.97451000,193540.44497930,0
1736104740000,98033.62000000,98033.62000000,98015.66000000,98027.28000000,1.58827000,1736104799999,155689.43899980,1175,0.35684000,34977.56820590,0
1736104800000,98027.27000000,98027.28000000,98009.63000000,98021.98000000,9.34312000,1736104859999,915774.94566810,1579,6.38183000,625501.27797740,0
1736104860000,98021.98000000,98044.79000000,98021.98000000,98044.78000000,1.52995000,1736104919999,149989.44531300,846,0.89773000,88006.58691500,0
1736104920000,98044.78000000,98044.78000000,98001.47000000,98001.48000000,3.86688000,1736104979999,379073.04506160,1719,0.49005000,48028.99571710,0
1736104980000,98001.47000000,98015.51000000,97960.14000000,98015.50000000,17.56811000,1736105039999,1721328.29685000,2814,14.26358000,1397555.62716200,0
1736105040000,98015.51000000,98027.39000000,98015.50000000,98021.93000000,3.64041000,1736105099999,356839.34582260,510,2.92183000,286400.17579310,0
1736105100000,98021.93000000,98023.83000000,97999.99000000,98023.82000000,11.23310000,1736105159999,1100937.20615280,1849,8.03280000,787251.42494410,0
1736105160000,98023.82000000,98058.03000000,98023.82000000,98058.03000000,2.40511000,1736105219999,235797.86744260,1844,1.89714000,186002.55304590,0
1736105220000,98058.03000000,98058.19000000,98058.02000000,98058.19000000,1.74714000,1736105279999,171321.10809950,235,1.10311000,108168.79540370,0
1736105280000,98058.19000000,98058.19000000,98057.85000000,98057.85000000,1.93207000,1736105339999,189455.13717020,326,0.12804000,12555.34190460,0
1736105340000,98057.85000000,98057.86000000,98056.22000000,98056.22000000,1.16462000,1736105399999,114200.12957810,277,0.03926000,3849.75158360,0
1736105400000,98056.22000000,98056.22000000,98009.00000000,98009.01000000,2.99853000,1736105459999,293982.18112220,2164,0.18897000,18523.60287140,0
1736105460000,98009.01000000,98009.01000000,97993.14000000,97993.14000000,3.18260000,1736105519999,311904.86308810,856,0.33057000,32397.34319790,0
1736105520000,97993.15000000,98016.02000000,97980.17000000,98016.02000000,8.83434000,1736105579999,865710.74046670,1366,7.54970000,739820.15150880,0
1736105580000,98016.01000000,98016.02000000,98016.01000000,98016.01000000,0.41699000,1736105639999,40871.69747370,126,0.14638000,14347.58500760,0
1736105640000,98016.01000000,98016.02000000,97975.24000000,98012.28000000,14.86656000,1736105699999,1456831.10455620,1890,9.34752000,915904.45844220,0
1736105700000,98012.35000000,98036.18000000,97980.42000000,98021.41000000,32.46225000,1736105759999,3181665.48118170,3481,12.56764000,1231640.93519870,0
1736105760000,98021.42000000,98021.42000000,97988.27000000,98000.42000000,4.75472000,1736105819999,465979.74724980,1436,0.93632000,91757.25687850,0
1736105820000,98000.42000000,98000.82000000,97997.40000000,97997.40000000,1.63007000,1736105879999,159746.96885540,390,0.14393000,14105.06364590,0
1736105880000,97997.41000000,97997.41000000,97997.40000000,97997.40000000,1.15429000,1736105939999,113117.42236870,160,0.35227000,34521.54762070,0
1736105940000,97997.40000000,98030.30000000,97997.40000000,98030.30000000,4.93962000,1736105999999,484141.95644110,968,4.12332000,404136.03913270,0
1736106000000,98030.31000000,98068.13000000,98030.30000000,98068.13000000,3.00038000,1736106059999,294179.31169770,1140,2.41561000,236850.01856140,0
1736106060000,98068.12000000,98071.57000000,98068.12000000,98071.57000000,0.10271000,1736106119999,10072.75029570,94,0.06405000,6281.35011250,0
